// -*- c -*-
// DO NOT MODIFY THIS FILE DIRECTLY.
// auto-generated file by tool/generic_erb.rb
// with template/builtin_binary.inc.tmpl

static const unsigned char gc_bin[] = {
    0x59, 0x41, 0x52, 0x42, 0x03, 0x00, 0x00, 0x00, 0x01, 0x00, 0x00, 0x00,
    0xcc, 0x11, 0x00, 0x00, 0x00, 0x00, 0x00, 0x00, 0x16, 0x00, 0x00, 0x00,
    0x50, 0x00, 0x00, 0x00, 0x74, 0x0c, 0x00, 0x00, 0x8c, 0x10, 0x00, 0x00,
    0x78, 0x38, 0x36, 0x5f, 0x36, 0x34, 0x2d, 0x64, 0x61, 0x72, 0x77, 0x69,
    0x6e, 0x32, 0x31, 0x00, 0x27, 0x07, 0x21, 0x5b, 0x07, 0x03, 0x05, 0x45,
    0x27, 0x07, 0x21, 0x5b, 0x09, 0x05, 0x05, 0x75, 0x17, 0x01, 0x03, 0x17,
    0x02, 0xe2, 0x01, 0x06, 0x31, 0x02, 0xe3, 0x03, 0x06, 0x31, 0x06, 0x04,
    0x01, 0x06, 0x31, 0x00, 0xff, 0xff, 0xff, 0xff, 0xff, 0xff, 0xff, 0xff,
    0x01, 0x01, 0x05, 0x0d, 0x05, 0x0b, 0x00, 0x00, 0x01, 0x01, 0x21, 0x6b,
    0x21, 0x01, 0x01, 0x01, 0x01, 0x01, 0x01, 0x01, 0x01, 0x4b, 0x01, 0x03,
    0x05, 0x05, 0x03, 0x06, 0x07, 0x17, 0x01, 0x06, 0x37, 0x07, 0x4b, 0x11,
    0x0b, 0x03, 0x01, 0x03, 0x00, 0xff, 0xff, 0xff, 0xff, 0xff, 0xff, 0xff,
    0xff, 0x01, 0x00, 0xff, 0xff, 0xff, 0xff, 0xff, 0xff, 0xff, 0xff, 0x03,
    0x03, 0x01, 0x01, 0x01, 0x01, 0x05, 0x01, 0x01, 0x23, 0x5f, 0x0f, 0x07,
    0x5d, 0x11, 0x09, 0x23, 0x5f, 0x13, 0x0b, 0x23, 0x5f, 0x15, 0x0d, 0x23,
    0x5f, 0x17, 0x0f, 0x23, 0x5f, 0x19, 0x11, 0x23, 0x5f, 0x1b, 0x13, 0x23,
    0x5f, 0x1d, 0x15, 0x23, 0x5f, 0x1f, 0x17, 0x23, 0x5f, 0x21, 0x19, 0x23,
    0x5f, 0x23, 0x1b, 0x23, 0x5f, 0x25, 0x1d, 0x23, 0x5f, 0x27, 0x1f, 0x23,
    0x5f, 0x29, 0x21, 0x23, 0x5f, 0x2b, 0x23, 0x23, 0x5f, 0x2d, 0x25, 0x23,
    0x5f, 0x2f, 0x27, 0x23, 0x5f, 0x31, 0x29, 0x25, 0x31, 0x75, 0x43, 0x05,
    0x07, 0x43, 0x09, 0x01, 0x4b, 0x3d, 0x03, 0x5d, 0x6d, 0x03, 0x5d, 0x71,
    0x01, 0x75, 0x7d, 0x03, 0x75, 0x81, 0x01, 0x91, 0x93, 0x03, 0x91, 0x97,
    0x01, 0xa9, 0xa3, 0x03, 0xa9, 0xa7, 0x01, 0xb9, 0xb3, 0x03, 0xb9, 0xb7,
    0x01, 0xdd, 0xc3, 0x03, 0xdd, 0xc7, 0x01, 0xf1, 0xd9, 0x03, 0xf1, 0xdd,
    0x01, 0x02, 0xc3, 0xe9, 0x03, 0x02, 0xc3, 0xed, 0x01, 0x02, 0xd1, 0x02,
    0x81, 0x03, 0x02, 0xd1, 0x02, 0x83, 0x01, 0x02, 0xdf, 0x02, 0x8e, 0x03,
    0x02, 0xdf, 0x02, 0x90, 0x01, 0x02, 0xee, 0x02, 0x96, 0x03, 0x02, 0xee,
    0x02, 0x98, 0x01, 0x06, 0x00, 0x02, 0x9e, 0x03, 0x06, 0x00, 0x02, 0xa0,
    0x01, 0x06, 0x09, 0x02, 0xb4, 0x03, 0x06, 0x09, 0x02, 0xb6, 0x01, 0x06,
    0x14, 0x02, 0xc2, 0x03, 0x06, 0x14, 0x02, 0xc4, 0x01, 0x06, 0x20, 0x02,
    0xcd, 0x03, 0x06, 0x20, 0x02, 0xcf, 0x01, 0x06, 0x2a, 0x02, 0xd7, 0x03,
    0x06, 0x2a, 0x02, 0xd9, 0x01, 0x06, 0x2f, 0x00, 0xff, 0xff, 0xff, 0xff,
    0xff, 0xff, 0xff, 0xff, 0x09, 0x01, 0x03, 0x07, 0x07, 0x03, 0x07, 0x03,
    0x07, 0x03, 0x07, 0x03, 0x07, 0x03, 0x07, 0x03, 0x07, 0x03, 0x07, 0x03,
    0x07, 0x03, 0x07, 0x03, 0x07, 0x03, 0x07, 0x03, 0x07, 0x03, 0x07, 0x03,
    0x07, 0x03, 0x07, 0x03, 0x0b, 0x00, 0x00, 0x00, 0x00, 0x00, 0x00, 0x00,
    0x01, 0x07, 0x95, 0x06, 0x0d, 0x95, 0x01, 0x01, 0x01, 0x01, 0x01, 0x01,
    0x01, 0x01, 0x02, 0xc3, 0x01, 0x0b, 0x0d, 0x0d, 0x2f, 0x02, 0xe1, 0x17,
    0x01, 0x06, 0x2f, 0x07, 0x02, 0xc3, 0x59, 0x49, 0x03, 0x01, 0x03, 0x01,
    0x03, 0x00, 0xff, 0xff, 0xff, 0xff, 0xff, 0xff, 0xff, 0xff, 0x03, 0x03,
    0x01, 0x01, 0x01, 0x01, 0x03, 0x01, 0x01, 0x5d, 0x11, 0x2b, 0x23, 0x25,
    0x11, 0x63, 0x75, 0x06, 0x32, 0x02, 0xe6, 0x07, 0x06, 0x36, 0x02, 0xff,
    0x03, 0x06, 0x36, 0x06, 0x00, 0x01, 0x06, 0x36, 0x02, 0xff, 0x01, 0x06,
    0x37, 0x00, 0xff, 0xff, 0xff, 0xff, 0xff, 0xff, 0xff, 0xff, 0x09, 0x01,
    0x07, 0x03, 0x05, 0x05, 0x00, 0x00, 0x00, 0x00, 0x37, 0x29, 0x03, 0x01,
    0x01, 0x07, 0x13, 0x6d, 0x11, 0x01, 0x01, 0x01, 0x01, 0x01, 0x01, 0x01,
    0x01, 0x5d, 0x01, 0x33, 0x35, 0x35, 0x0a, 0x63, 0x06, 0x03, 0x06, 0x31,
    0x01, 0x06, 0x37, 0x07, 0x5d, 0x1d, 0x0b, 0x0b, 0x01, 0x0b, 0x01, 0x05,
    0x00, 0xff, 0xff, 0xff, 0xff, 0xff, 0xff, 0xff, 0xff, 0x0b, 0x03, 0x01,
    0x01, 0x01, 0x03, 0x05, 0x01, 0x01, 0xbf, 0x0d, 0xbf, 0x0b, 0xbf, 0x09,
    0x25, 0x3d, 0xb9, 0x01, 0x23, 0x67, 0x63, 0x5f, 0x73, 0x74, 0x61, 0x72,
    0x74, 0x5f, 0x69, 0x6e, 0x74, 0x65, 0x72, 0x6e, 0x61, 0x6c, 0x75, 0x00,
    0x1f, 0x00, 0x00, 0x00, 0x00, 0x00, 0x00, 0x00, 0x20, 0x00, 0x00, 0x00,
    0x00, 0x00, 0x00, 0x00, 0x21, 0x00, 0x00, 0x00, 0x00, 0x00, 0x00, 0x00,
    0x22, 0x00, 0x00, 0x00, 0x00, 0x00, 0x00, 0x00, 0x22, 0x00, 0x00, 0x00,
    0x00, 0x00, 0x00, 0x00, 0x22, 0x00, 0x00, 0x00, 0x00, 0x00, 0x00, 0x00,
    0x03, 0x00, 0x00, 0x00, 0x00, 0x00, 0x00, 0x00, 0x03, 0x00, 0x00, 0x00,
    0x00, 0x00, 0x00, 0x00, 0x70, 0x02, 0x00, 0x00, 0x00, 0x00, 0x00, 0x00,
    0x88, 0x02, 0x00, 0x00, 0x00, 0x00, 0x00, 0x00, 0x45, 0x23, 0x13, 0x45,
    0x27, 0x01, 0x45, 0x2b, 0x01, 0x45, 0x2f, 0x01, 0x45, 0x33, 0x01, 0x47,
    0x00, 0xff, 0xff, 0xff, 0xff, 0xff, 0xff, 0xff, 0xff, 0x21, 0x01, 0x05,
    0x05, 0x05, 0x05, 0x05, 0x1f, 0x00, 0x00, 0x00, 0x00, 0x00, 0x00, 0x00,
    0x20, 0x00, 0x00, 0x00, 0x00, 0x00, 0x00, 0x00, 0x21, 0x00, 0x00, 0x00,
    0x00, 0x00, 0x00, 0x00, 0x00, 0x00, 0x00, 0x00, 0x00, 0x00, 0x00, 0x00,
    0x01, 0x03, 0x17, 0x02, 0xaf, 0x3b, 0x21, 0x09, 0x01, 0x01, 0x01, 0x01,
    0x01, 0x01, 0x02, 0x92, 0x0a, 0xa0, 0x39, 0x3b, 0x3b, 0x87, 0x35, 0x43,
    0x05, 0x47, 0x0b, 0x83, 0x4f, 0x0d, 0x43, 0x01, 0x03, 0x00, 0xff, 0xff,
    0xff, 0xff, 0xff, 0xff, 0xff, 0xff, 0x07, 0x00, 0xff, 0xff, 0xff, 0xff,
    0xff, 0xff, 0xff, 0xff, 0x03, 0x03, 0x01, 0x09, 0x01, 0x01, 0x09, 0x01,
    0x01, 0xbf, 0x0d, 0xbf, 0x0b, 0xbf, 0x09, 0x25, 0x3d, 0xb9, 0x01, 0x23,
    0x67, 0x63, 0x5f, 0x73, 0x74, 0x61, 0x72, 0x74, 0x5f, 0x69, 0x6e, 0x74,
    0x65, 0x72, 0x6e, 0x61, 0x6c, 0x75, 0x00, 0x00, 0x00, 0x00, 0x00, 0x00,
    0x1f, 0x00, 0x00, 0x00, 0x00, 0x00, 0x00, 0x00, 0x20, 0x00, 0x00, 0x00,
    0x00, 0x00, 0x00, 0x00, 0x21, 0x00, 0x00, 0x00, 0x00, 0x00, 0x00, 0x00,
    0x22, 0x00, 0x00, 0x00, 0x00, 0x00, 0x00, 0x00, 0x22, 0x00, 0x00, 0x00,
    0x00, 0x00, 0x00, 0x00, 0x22, 0x00, 0x00, 0x00, 0x00, 0x00, 0x00, 0x00,
    0x03, 0x00, 0x00, 0x00, 0x00, 0x00, 0x00, 0x00, 0x03, 0x00, 0x00, 0x00,
    0x00, 0x00, 0x00, 0x00, 0x60, 0x03, 0x00, 0x00, 0x00, 0x00, 0x00, 0x00,
    0x78, 0x03, 0x00, 0x00, 0x00, 0x00, 0x00, 0x00, 0x4d, 0x57, 0x13, 0x4d,
    0x5b, 0x01, 0x4d, 0x5f, 0x01, 0x4d, 0x63, 0x01, 0x4d, 0x67, 0x01, 0x4f,
    0x00, 0xff, 0xff, 0xff, 0xff, 0xff, 0xff, 0xff, 0xff, 0x21, 0x01, 0x05,
    0x05, 0x05, 0x05, 0x05, 0x1f, 0x00, 0x00, 0x00, 0x00, 0x00, 0x00, 0x00,
    0x20, 0x00, 0x00, 0x00, 0x00, 0x00, 0x00, 0x00, 0x21, 0x00, 0x00, 0x00,
    0x00, 0x00, 0x00, 0x00, 0x00, 0x00, 0x00, 0x00, 0x00, 0x00, 0x00, 0x00,
    0x01, 0x03, 0x17, 0x02, 0xb4, 0x3b, 0x21, 0x09, 0x01, 0x01, 0x01, 0x01,
    0x01, 0x01, 0x02, 0x97, 0x0e, 0x90, 0x47, 0x49, 0x49, 0x97, 0x69, 0x4b,
    0x05, 0x4f, 0x0b, 0x83, 0x4f, 0x0d, 0x43, 0x01, 0x03, 0x00, 0xff, 0xff,
    0xff, 0xff, 0xff, 0xff, 0xff, 0xff, 0x09, 0x00, 0xff, 0xff, 0xff, 0xff,
    0xff, 0xff, 0xff, 0xff, 0x03, 0x03, 0x01, 0x09, 0x01, 0x01, 0x09, 0x01,
    0x01, 0xbd, 0x03, 0x27, 0x67, 0x63, 0x5f, 0x67, 0x65, 0x74, 0x5f, 0x61,
    0x75, 0x74, 0x6f, 0x5f, 0x63, 0x6f, 0x6d, 0x70, 0x61, 0x63, 0x74, 0x01,
    0x75, 0x5f, 0x77, 0x13, 0x61, 0x00, 0xff, 0xff, 0xff, 0xff, 0xff, 0xff,
    0xff, 0xff, 0x21, 0x01, 0x07, 0x00, 0x00, 0x00, 0x01, 0x03, 0x09, 0x59,
    0x31, 0x01, 0x01, 0x01, 0x01, 0x01, 0x01, 0x01, 0x01, 0x29, 0x01, 0x4b,
    0x4d, 0x4d, 0xbb, 0x79, 0x5d, 0x05, 0x61, 0x0b, 0x29, 0x0d, 0x05, 0x03,
    0x01, 0x03, 0x00, 0xff, 0xff, 0xff, 0xff, 0xff, 0xff, 0xff, 0xff, 0x0b,
    0x00, 0xff, 0xff, 0xff, 0xff, 0xff, 0xff, 0xff, 0xff, 0x03, 0x03, 0x01,
    0x01, 0x01, 0x01, 0x03, 0x01, 0x01, 0xbd, 0x05, 0x27, 0x67, 0x63, 0x5f,
    0x73, 0x65, 0x74, 0x5f, 0x61, 0x75, 0x74, 0x6f, 0x5f, 0x63, 0x6f, 0x6d,
    0x70, 0x61, 0x63, 0x74, 0x01, 0x75, 0x77, 0x8d, 0x13, 0x79, 0x00, 0xff,
    0xff, 0xff, 0xff, 0xff, 0xff, 0xff, 0xff, 0x21, 0x01, 0x07, 0x00, 0x00,
    0x00, 0x00, 0x00, 0x00, 0x29, 0x00, 0x00, 0x00, 0x00, 0x00, 0x00, 0x00,
    0x01, 0x03, 0x09, 0x6f, 0x31, 0x03, 0x03, 0x03, 0x01, 0x01, 0x01, 0x01,
    0x01, 0x3f, 0x01, 0x4f, 0x51, 0x51, 0xeb, 0x8f, 0x75, 0x05, 0x79, 0x0b,
    0x3f, 0x23, 0x05, 0x13, 0x01, 0x03, 0x00, 0xff, 0xff, 0xff, 0xff, 0xff,
    0xff, 0xff, 0xff, 0x0d, 0x00, 0xff, 0xff, 0xff, 0xff, 0xff, 0xff, 0xff,
    0xff, 0x03, 0x03, 0x01, 0x03, 0x01, 0x01, 0x03, 0x01, 0x01, 0xbd, 0x07,
    0x13, 0x67, 0x63, 0x5f, 0x65, 0x6e, 0x61, 0x62, 0x6c, 0x65, 0x01, 0x75,
    0x93, 0x9d, 0x13, 0x95, 0x00, 0xff, 0xff, 0xff, 0xff, 0xff, 0xff, 0xff,
    0xff, 0x21, 0x01, 0x07, 0x01, 0x03, 0x09, 0x3f, 0x1d, 0x01, 0x01, 0x01,
    0x01, 0x01, 0x01, 0x01, 0x01, 0x23, 0x01, 0x55, 0x57, 0x57, 0x02, 0x91,
    0x9f, 0x91, 0x05, 0x95, 0x0b, 0x23, 0x07, 0x05, 0x03, 0x01, 0x03, 0x00,
    0xff, 0xff, 0xff, 0xff, 0xff, 0xff, 0xff, 0xff, 0x0f, 0x00, 0xff, 0xff,
    0xff, 0xff, 0xff, 0xff, 0xff, 0xff, 0x03, 0x03, 0x01, 0x01, 0x01, 0x01,
    0x03, 0x01, 0x01, 0xbd, 0x09, 0x15, 0x67, 0x63, 0x5f, 0x64, 0x69, 0x73,
    0x61, 0x62, 0x6c, 0x65, 0x01, 0x75, 0xab, 0xad, 0x13, 0xad, 0x00, 0xff,
    0xff, 0xff, 0xff, 0xff, 0xff, 0xff, 0xff, 0x21, 0x01, 0x07, 0x00, 0x00,
    0x00, 0x00, 0x00, 0x00, 0x01, 0x03, 0x09, 0x4d, 0x1f, 0x01, 0x01, 0x01,
    0x01, 0x01, 0x01, 0x01, 0x01, 0x2f, 0x01, 0x59, 0x5b, 0x5b, 0x02, 0xa9,
    0xaf, 0xa9, 0x05, 0xad, 0x0b, 0x2f, 0x13, 0x05, 0x03, 0x01, 0x03, 0x00,
    0xff, 0xff, 0xff, 0xff, 0xff, 0xff, 0xff, 0xff, 0x11, 0x00, 0xff, 0xff,
    0xff, 0xff, 0xff, 0xff, 0xff, 0xff, 0x03, 0x03, 0x01, 0x01, 0x01, 0x01,
    0x03, 0x01, 0x01, 0xbd, 0x0b, 0x1b, 0x67, 0x63, 0x5f, 0x73, 0x74, 0x72,
    0x65, 0x73, 0x73, 0x5f, 0x67, 0x65, 0x74, 0x01, 0x75, 0xbb, 0xbd, 0x13,
    0xbd, 0x00, 0xff, 0xff, 0xff, 0xff, 0xff, 0xff, 0xff, 0xff, 0x21, 0x01,
    0x07, 0x00, 0x00, 0x00, 0x01, 0x03, 0x09, 0x4d, 0x25, 0x01, 0x01, 0x01,
    0x01, 0x01, 0x01, 0x01, 0x01, 0x29, 0x01, 0x5d, 0x5f, 0x5f, 0x02, 0xb9,
    0xbf, 0xb9, 0x05, 0xbd, 0x0b, 0x29, 0x0d, 0x05, 0x03, 0x01, 0x03, 0x00,
    0xff, 0xff, 0xff, 0xff, 0xff, 0xff, 0xff, 0xff, 0x13, 0x00, 0xff, 0xff,
    0xff, 0xff, 0xff, 0xff, 0xff, 0xff, 0x03, 0x03, 0x01, 0x01, 0x01, 0x01,
    0x03, 0x01, 0x01, 0xbd, 0x0d, 0x1f, 0x67, 0x63, 0x5f, 0x73, 0x74, 0x72,
    0x65, 0x73, 0x73, 0x5f, 0x73, 0x65, 0x74, 0x5f, 0x6d, 0x01, 0x75, 0xdf,
    0xd3, 0x13, 0xe1, 0x00, 0xff, 0xff, 0xff, 0xff, 0xff, 0xff, 0xff, 0xff,
    0x21, 0x01, 0x07, 0x00, 0x29, 0x00, 0x00, 0x00, 0x00, 0x00, 0x00, 0x00,
    0x01, 0x03, 0x09, 0x5d, 0x29, 0x03, 0x03, 0x03, 0x01, 0x01, 0x01, 0x01,
    0x01, 0x35, 0x01, 0x61, 0x63, 0x63, 0x02, 0xdd, 0xd5, 0xdd, 0x05, 0xe1,
    0x0b, 0x35, 0x19, 0x05, 0x13, 0x01, 0x03, 0x00, 0xff, 0xff, 0xff, 0xff,
    0xff, 0xff, 0xff, 0xff, 0x15, 0x00, 0xff, 0xff, 0xff, 0xff, 0xff, 0xff,
    0xff, 0xff, 0x03, 0x03, 0x01, 0x03, 0x01, 0x01, 0x03, 0x01, 0x01, 0xbd,
    0x0f, 0x11, 0x67, 0x63, 0x5f, 0x63, 0x6f, 0x75, 0x6e, 0x74, 0x01, 0x75,
    0xf3, 0xe3, 0x13, 0xf5, 0x00, 0xff, 0xff, 0xff, 0xff, 0xff, 0xff, 0xff,
    0xff, 0x21, 0x01, 0x07, 0x01, 0x03, 0x09, 0x3d, 0x1b, 0x01, 0x01, 0x01,
    0x01, 0x01, 0x01, 0x01, 0x01, 0x23, 0x01, 0x65, 0x67, 0x67, 0x02, 0xf1,
    0xe5, 0xf1, 0x05, 0xf5, 0x0b, 0x23, 0x07, 0x05, 0x03, 0x01, 0x03, 0x00,
    0xff, 0xff, 0xff, 0xff, 0xff, 0xff, 0xff, 0xff, 0x17, 0x00, 0xff, 0xff,
    0xff, 0xff, 0xff, 0xff, 0xff, 0xff, 0x03, 0x03, 0x01, 0x01, 0x01, 0x01,
    0x03, 0x01, 0x01, 0x21, 0xc3, 0x07, 0xbd, 0x11, 0x0f, 0x67, 0x63, 0x5f,
    0x73, 0x74, 0x61, 0x74, 0x01, 0x75, 0x00, 0x00, 0x00, 0x00, 0x00, 0x00,
    0x00, 0x00, 0x00, 0x00, 0x00, 0x00, 0x00, 0x00, 0x03, 0x00, 0x00, 0x00,
    0x00, 0x00, 0x00, 0x00, 0x02, 0xc3, 0xef, 0x01, 0x02, 0xc3, 0xf1, 0x01,
    0x02, 0xc4, 0xfd, 0x13, 0x02, 0xc5, 0x00, 0xff, 0xff, 0xff, 0xff, 0xff,
    0xff, 0xff, 0xff, 0x21, 0x01, 0x03, 0x05, 0x07, 0x00, 0x00, 0x00, 0x00,
    0x36, 0x00, 0x00, 0x00, 0x00, 0x00, 0x00, 0x00, 0x01, 0x03, 0x0f, 0x9d,
    0x1f, 0x05, 0x03, 0x01, 0x03, 0x01, 0x01, 0x01, 0x01, 0x73, 0x01, 0x69,
    0x6b, 0x6b, 0x06, 0x87, 0xff, 0x02, 0xc3, 0x05, 0x02, 0xc5, 0x0b, 0x53,
    0x23, 0x09, 0x13, 0x01, 0x03, 0x00, 0xff, 0xff, 0xff, 0xff, 0xff, 0xff,
    0xff, 0xff, 0x19, 0x00, 0xff, 0xff, 0xff, 0xff, 0xff, 0xff, 0xff, 0xff,
    0x03, 0x03, 0x01, 0x03, 0x01, 0x01, 0x03, 0x01, 0x01, 0x21, 0xc3, 0x07,
    0xbd, 0x13, 0x23, 0x67, 0x63, 0x5f, 0x6c, 0x61, 0x74, 0x65, 0x73, 0x74,
    0x5f, 0x67, 0x63, 0x5f, 0x69, 0x6e, 0x66, 0x6f, 0x01, 0x75, 0x00, 0x00,
    0x00, 0x00, 0x00, 0x00, 0x00, 0x00, 0x00, 0x00, 0x03, 0x00, 0x00, 0x00,
    0x00, 0x00, 0x00, 0x00, 0x02, 0xd1, 0x02, 0x84, 0x01, 0x02, 0xd1, 0x02,
    0x85, 0x01, 0x02, 0xd2, 0x02, 0x8b, 0x13, 0x02, 0xd3, 0x00, 0xff, 0xff,
    0xff, 0xff, 0xff, 0xff, 0xff, 0xff, 0x21, 0x01, 0x03, 0x05, 0x07, 0x00,
    0x36, 0x00, 0x00, 0x00, 0x00, 0x00, 0x00, 0x00, 0x01, 0x03, 0x0f, 0xa9,
    0x33, 0x05, 0x03, 0x01, 0x03, 0x01, 0x01, 0x01, 0x01, 0x73, 0x01, 0x6f,
    0x71, 0x71, 0x06, 0xa3, 0x02, 0x8c, 0x02, 0xd1, 0x05, 0x02, 0xd3, 0x0b,
    0x53, 0x1d, 0x09, 0x13, 0x01, 0x03, 0x00, 0xff, 0xff, 0xff, 0xff, 0xff,
    0xff, 0xff, 0xff, 0x1b, 0x00, 0xff, 0xff, 0xff, 0xff, 0xff, 0xff, 0xff,
    0xff, 0x03, 0x03, 0x01, 0x03, 0x01, 0x01, 0x03, 0x01, 0x01, 0xbd, 0x15,
    0x21, 0x67, 0x63, 0x5f, 0x63, 0x6f, 0x6d, 0x70, 0x61, 0x63, 0x74, 0x5f,
    0x73, 0x74, 0x61, 0x74, 0x73, 0x01, 0x75, 0x02, 0xe0, 0x02, 0x93, 0x13,
    0x02, 0xe1, 0x00, 0xff, 0xff, 0xff, 0xff, 0xff, 0xff, 0xff, 0xff, 0x21,
    0x01, 0x07, 0x00, 0x00, 0x01, 0x03, 0x09, 0x57, 0x2b, 0x01, 0x01, 0x01,
    0x01, 0x01, 0x01, 0x01, 0x01, 0x2d, 0x01, 0x73, 0x75, 0x75, 0x06, 0xbf,
    0x02, 0x94, 0x02, 0xdf, 0x05, 0x02, 0xe1, 0x0b, 0x2d, 0x0b, 0x05, 0x03,
    0x01, 0x03, 0x00, 0xff, 0xff, 0xff, 0xff, 0xff, 0xff, 0xff, 0xff, 0x1d,
    0x00, 0xff, 0xff, 0xff, 0xff, 0xff, 0xff, 0xff, 0xff, 0x03, 0x03, 0x01,
    0x01, 0x01, 0x01, 0x03, 0x01, 0x01, 0xbd, 0x17, 0x15, 0x67, 0x63, 0x5f,
    0x63, 0x6f, 0x6d, 0x70, 0x61, 0x63, 0x74, 0x01, 0x75, 0x02, 0xef, 0x02,
    0x9b, 0x13, 0x02, 0xf0, 0x00, 0xff, 0xff, 0xff, 0xff, 0xff, 0xff, 0xff,
    0xff, 0x21, 0x01, 0x07, 0x01, 0x03, 0x09, 0x47, 0x1f, 0x01, 0x01, 0x01,
    0x01, 0x01, 0x01, 0x01, 0x01, 0x29, 0x01, 0x77, 0x79, 0x79, 0x06, 0xdd,
    0x02, 0x9c, 0x02, 0xee, 0x05, 0x02, 0xf0, 0x0b, 0x29, 0x07, 0x05, 0x03,
    0x01, 0x03, 0x00, 0xff, 0xff, 0xff, 0xff, 0xff, 0xff, 0xff, 0xff, 0x1f,
    0x00, 0xff, 0xff, 0xff, 0xff, 0xff, 0xff, 0xff, 0xff, 0x03, 0x03, 0x01,
    0x01, 0x01, 0x01, 0x03, 0x01, 0x01, 0xbf, 0x09, 0xbf, 0x0b, 0x25, 0x7f,
    0x93, 0xb9, 0x19, 0x3f, 0x67, 0x63, 0x5f, 0x76, 0x65, 0x72, 0x69, 0x66,
    0x79, 0x5f, 0x63, 0x6f, 0x6d, 0x70, 0x61, 0x63, 0x74, 0x69, 0x6f, 0x6e,
    0x5f, 0x72, 0x65, 0x66, 0x65, 0x72, 0x65, 0x6e, 0x63, 0x65, 0x73, 0x75,
    0x40, 0x00, 0x00, 0x00, 0x00, 0x00, 0x00, 0x00, 0x41, 0x00, 0x00, 0x00,
    0x00, 0x00, 0x00, 0x00, 0x00, 0x00, 0x00, 0x00, 0x00, 0x00, 0x00, 0x00,
    0x1e, 0x00, 0x00, 0x00, 0x00, 0x00, 0x00, 0x00, 0x02, 0x00, 0x00, 0x00,
    0x00, 0x00, 0x00, 0x00, 0x02, 0x00, 0x00, 0x00, 0x00, 0x00, 0x00, 0x00,
    0xe8, 0x08, 0x00, 0x00, 0x00, 0x00, 0x00, 0x00, 0xf8, 0x08, 0x00, 0x00,
    0x00, 0x00, 0x00, 0x00, 0x06, 0x01, 0x02, 0xaa, 0x13, 0x06, 0x01, 0x02,
    0xac, 0x01, 0x06, 0x01, 0x02, 0xad, 0x01, 0x06, 0x01, 0x02, 0xaf, 0xc1,
    0x06, 0x01, 0x02, 0xb1, 0x01, 0x06, 0x02, 0x00, 0xff, 0xff, 0xff, 0xff,
    0xff, 0xff, 0xff, 0xff, 0x21, 0x01, 0x05, 0x05, 0x05, 0x05, 0x05, 0x00,
    0x00, 0x00, 0x00, 0x00, 0x40, 0x00, 0x00, 0x00, 0x00, 0x00, 0x00, 0x00,
    0x41, 0x00, 0x00, 0x00, 0x00, 0x00, 0x00, 0x00, 0x00, 0x00, 0x00, 0x00,
    0x00, 0x00, 0x00, 0x00, 0x85, 0x21, 0x03, 0x01, 0x01, 0x03, 0x17, 0x02,
    0xb7, 0x55, 0x21, 0x07, 0x01, 0x01, 0x01, 0x01, 0x01, 0x01, 0x02, 0x8d,
    0x26, 0x08, 0x7b, 0x7d, 0x7d, 0x0a, 0x01, 0x02, 0xb2, 0x06, 0x00, 0x05,
    0x06, 0x02, 0x0b, 0x9b, 0x51, 0x0d, 0x3b, 0x01, 0x0b, 0x00, 0xff, 0xff,
    0xff, 0xff, 0xff, 0xff, 0xff, 0xff, 0x21, 0x00, 0xff, 0xff, 0xff, 0xff,
    0xff, 0xff, 0xff, 0xff, 0x0b, 0x03, 0x01, 0x07, 0x01, 0x03, 0x07, 0x01,
    0x01, 0x81, 0x15, 0x01, 0x25, 0x45, 0x19, 0x07, 0x25, 0x3d, 0x19, 0x8b,
    0x83, 0x01, 0x25, 0x8d, 0xa5, 0xc9, 0x9b, 0x75, 0x06, 0x0a, 0x02, 0xb9,
    0x13, 0x06, 0x0a, 0x02, 0xb8, 0x01, 0x06, 0x0a, 0x02, 0xb9, 0x01, 0x06,
    0x0a, 0x02, 0xba, 0x01, 0x06, 0x0a, 0x02, 0xbc, 0xc1, 0x06, 0x0a, 0x02,
    0xbd, 0x01, 0x06, 0x0a, 0x02, 0xbf, 0xc1, 0x06, 0x0b, 0x00, 0xff, 0xff,
    0xff, 0xff, 0xff, 0xff, 0xff, 0xff, 0x21, 0x01, 0x07, 0x09, 0x0d, 0x05,
    0x05, 0x03, 0x05, 0x00, 0x8f, 0x21, 0x03, 0x01, 0x91, 0x21, 0x03, 0x01,
    0x01, 0x03, 0x2b, 0xa9, 0x27, 0x01, 0x01, 0x01, 0x01, 0x01, 0x01, 0x01,
    0x01, 0x83, 0x01, 0x87, 0x89, 0x89, 0x0a, 0x13, 0x02, 0xc0, 0x06, 0x09,
    0x05, 0x06, 0x0b, 0x0b, 0x83, 0x25, 0x11, 0x13, 0x01, 0x13, 0x00, 0xff,
    0xff, 0xff, 0xff, 0xff, 0xff, 0xff, 0xff, 0x23, 0x00, 0xff, 0xff, 0xff,
    0xff, 0xff, 0xff, 0xff, 0xff, 0x13, 0x03, 0x01, 0x01, 0x03, 0x05, 0x05,
    0x01, 0x01, 0xbd, 0x1b, 0x09, 0x5f, 0x62, 0x69, 0x30, 0x01, 0x75, 0x06,
    0x15, 0x02, 0xca, 0x13, 0x06, 0x19, 0x00, 0xff, 0xff, 0xff, 0xff, 0xff,
    0xff, 0xff, 0xff, 0x21, 0x01, 0x07, 0x00, 0x00, 0x00, 0x00, 0x00, 0x00,
    0x29, 0x00, 0x00, 0x00, 0x00, 0x00, 0x00, 0x00, 0x01, 0x03, 0x09, 0x57,
    0x13, 0x03, 0x03, 0x03, 0x01, 0x01, 0x01, 0x01, 0x01, 0x45, 0x01, 0x93,
    0x95, 0x95, 0x0a, 0x29, 0x02, 0xcb, 0x06, 0x14, 0x05, 0x06, 0x19, 0x0b,
    0x45, 0x23, 0x05, 0x13, 0x01, 0x03, 0x00, 0xff, 0xff, 0xff, 0xff, 0xff,
    0xff, 0xff, 0xff, 0x25, 0x00, 0xff, 0xff, 0xff, 0xff, 0xff, 0xff, 0xff,
    0xff, 0x03, 0x03, 0x01, 0x03, 0x01, 0x01, 0x03, 0x01, 0x01, 0xbd, 0x1d,
    0x09, 0x5f, 0x62, 0x69, 0x31, 0x01, 0x75, 0x06, 0x21, 0x02, 0xd4, 0x13,
    0x06, 0x24, 0x00, 0xff, 0xff, 0xff, 0xff, 0xff, 0xff, 0xff, 0xff, 0x21,
    0x01, 0x07, 0x00, 0x00, 0x00, 0x00, 0x00, 0x00, 0x01, 0x03, 0x09, 0x47,
    0x13, 0x01, 0x01, 0x01, 0x01, 0x01, 0x01, 0x01, 0x01, 0x35, 0x01, 0x97,
    0x99, 0x99, 0x0a, 0x41, 0x02, 0xd5, 0x06, 0x20, 0x05, 0x06, 0x24, 0x0b,
    0x35, 0x13, 0x05, 0x03, 0x01, 0x03, 0x00, 0xff, 0xff, 0xff, 0xff, 0xff,
    0xff, 0xff, 0xff, 0x27, 0x00, 0xff, 0xff, 0xff, 0xff, 0xff, 0xff, 0xff,
    0xff, 0x03, 0x03, 0x01, 0x01, 0x01, 0x01, 0x03, 0x01, 0x01, 0xbd, 0x1f,
    0x09, 0x5f, 0x62, 0x69, 0x32, 0x01, 0x75, 0x06, 0x2b, 0x02, 0xde, 0x13,
    0x06, 0x2e, 0x00, 0xff, 0xff, 0xff, 0xff, 0xff, 0xff, 0xff, 0xff, 0x21,
    0x01, 0x07, 0x00, 0x00, 0x00, 0x00, 0x00, 0x00, 0x01, 0x03, 0x09, 0x47,
    0x13, 0x01, 0x01, 0x01, 0x01, 0x01, 0x01, 0x01, 0x01, 0x35, 0x01, 0x9b,
    0x9d, 0x9d, 0x0a, 0x55, 0x02, 0xdf, 0x06, 0x2a, 0x05, 0x06, 0x2e, 0x0b,
    0x35, 0x13, 0x05, 0x03, 0x01, 0x03, 0x00, 0xff, 0xff, 0xff, 0xff, 0xff,
    0xff, 0xff, 0xff, 0x29, 0x00, 0xff, 0xff, 0xff, 0xff, 0xff, 0xff, 0xff,
    0xff, 0x03, 0x03, 0x01, 0x01, 0x01, 0x01, 0x03, 0x01, 0x01, 0xbf, 0x0d,
    0xbf, 0x0b, 0xbf, 0x09, 0x25, 0x3d, 0xb9, 0x01, 0x23, 0x67, 0x63, 0x5f,
    0x73, 0x74, 0x61, 0x72, 0x74, 0x5f, 0x69, 0x6e, 0x74, 0x65, 0x72, 0x6e,
    0x61, 0x6c, 0x75, 0x00, 0x00, 0x00, 0x00, 0x00, 0x1f, 0x00, 0x00, 0x00,
    0x00, 0x00, 0x00, 0x00, 0x20, 0x00, 0x00, 0x00, 0x00, 0x00, 0x00, 0x00,
    0x21, 0x00, 0x00, 0x00, 0x00, 0x00, 0x00, 0x00, 0x22, 0x00, 0x00, 0x00,
    0x00, 0x00, 0x00, 0x00, 0x22, 0x00, 0x00, 0x00, 0x00, 0x00, 0x00, 0x00,
    0x22, 0x00, 0x00, 0x00, 0x00, 0x00, 0x00, 0x00, 0x03, 0x00, 0x00, 0x00,
    0x00, 0x00, 0x00, 0x00, 0x03, 0x00, 0x00, 0x00, 0x00, 0x00, 0x00, 0x00,
    0x90, 0x0b, 0x00, 0x00, 0x00, 0x00, 0x00, 0x00, 0xa8, 0x0b, 0x00, 0x00,
    0x00, 0x00, 0x00, 0x00, 0x06, 0x33, 0x02, 0xf3, 0x13, 0x06, 0x33, 0x02,
    0xf5, 0x01, 0x06, 0x33, 0x02, 0xf7, 0x01, 0x06, 0x33, 0x02, 0xf9, 0x01,
    0x06, 0x33, 0x02, 0xfb, 0x01, 0x06, 0x34, 0x00, 0xff, 0xff, 0xff, 0xff,
    0xff, 0xff, 0xff, 0xff, 0x21, 0x01, 0x05, 0x05, 0x05, 0x05, 0x05, 0x00,
    0x00, 0x00, 0x00, 0x00, 0x1f, 0x00, 0x00, 0x00, 0x00, 0x00, 0x00, 0x00,
    0x20, 0x00, 0x00, 0x00, 0x00, 0x00, 0x00, 0x00, 0x21, 0x00, 0x00, 0x00,
    0x00, 0x00, 0x00, 0x00, 0x00, 0x00, 0x00, 0x00, 0x00, 0x00, 0x00, 0x00,
    0x01, 0x03, 0x17, 0x02, 0xc3, 0x3b, 0x21, 0x09, 0x01, 0x01, 0x01, 0x01,
    0x01, 0x01, 0x02, 0xa6, 0x2e, 0xc0, 0x9f, 0x49, 0x49, 0x0a, 0x65, 0x02,
    0xfc, 0x06, 0x32, 0x05, 0x06, 0x34, 0x0b, 0xa3, 0x59, 0x0d, 0x43, 0x01,
    0x03, 0x00, 0xff, 0xff, 0xff, 0xff, 0xff, 0xff, 0xff, 0xff, 0x2b, 0x00,
    0xff, 0xff, 0xff, 0xff, 0xff, 0xff, 0xff, 0xff, 0x03, 0x03, 0x01, 0x09,
    0x01, 0x01, 0x09, 0x01, 0x01, 0x00, 0x00, 0x00, 0x69, 0x00, 0x00, 0x00,
    0xb1, 0x01, 0x00, 0x00, 0x1d, 0x02, 0x00, 0x00, 0x01, 0x03, 0x00, 0x00,
    0xf1, 0x03, 0x00, 0x00, 0x59, 0x04, 0x00, 0x00, 0xc9, 0x04, 0x00, 0x00,
    0x21, 0x05, 0x00, 0x00, 0x81, 0x05, 0x00, 0x00, 0xe1, 0x05, 0x00, 0x00,
    0x49, 0x06, 0x00, 0x00, 0xa1, 0x06, 0x00, 0x00, 0x29, 0x07, 0x00, 0x00,
    0xb9, 0x07, 0x00, 0x00, 0x21, 0x08, 0x00, 0x00, 0x81, 0x08, 0x00, 0x00,
    0x75, 0x09, 0x00, 0x00, 0x09, 0x0a, 0x00, 0x00, 0x71, 0x0a, 0x00, 0x00,
    0xd1, 0x0a, 0x00, 0x00, 0x31, 0x0b, 0x00, 0x00, 0x31, 0x0c, 0x00, 0x00,
    0xf1, 0x11, 0x00, 0x00, 0x47, 0x05, 0x05, 0x01, 0x45, 0x05, 0x1b, 0x3c,
    0x69, 0x6e, 0x74, 0x65, 0x72, 0x6e, 0x61, 0x6c, 0x3a, 0x67, 0x63, 0x3e,
    0x14, 0x05, 0x05, 0x47, 0x43, 0x00, 0x00, 0x00, 0x14, 0x05, 0x17, 0x4f,
    0x62, 0x6a, 0x65, 0x63, 0x74, 0x53, 0x70, 0x61, 0x63, 0x65, 0x00, 0x00,
    0x47, 0x05, 0x05, 0x01, 0x45, 0x01, 0x17, 0x3c, 0x6d, 0x6f, 0x64, 0x75,
    0x6c, 0x65, 0x3a, 0x47, 0x43, 0x3e, 0x00, 0x00, 0x14, 0x05, 0x0b, 0x73,
    0x74, 0x61, 0x72, 0x74, 0x14, 0x05, 0x1f, 0x67, 0x61, 0x72, 0x62, 0x61,
    0x67, 0x65, 0x5f, 0x63, 0x6f, 0x6c, 0x6c, 0x65, 0x63, 0x74, 0x00, 0x00,
    0x14, 0x05, 0x19, 0x61, 0x75, 0x74, 0x6f, 0x5f, 0x63, 0x6f, 0x6d, 0x70,
    0x61, 0x63, 0x74, 0x00, 0x14, 0x05, 0x1b, 0x61, 0x75, 0x74, 0x6f, 0x5f,
    0x63, 0x6f, 0x6d, 0x70, 0x61, 0x63, 0x74, 0x3d, 0x14, 0x05, 0x0d, 0x65,
    0x6e, 0x61, 0x62, 0x6c, 0x65, 0x00, 0x00, 0x00, 0x14, 0x05, 0x0f, 0x64,
    0x69, 0x73, 0x61, 0x62, 0x6c, 0x65, 0x00, 0x00, 0x14, 0x05, 0x0d, 0x73,
    0x74, 0x72, 0x65, 0x73, 0x73, 0x00, 0x00, 0x00, 0x14, 0x05, 0x0f, 0x73,
    0x74, 0x72, 0x65, 0x73, 0x73, 0x3d, 0x00, 0x00, 0x14, 0x05, 0x0b, 0x63,
    0x6f, 0x75, 0x6e, 0x74, 0x14, 0x05, 0x09, 0x73, 0x74, 0x61, 0x74, 0x00,
    0x14, 0x05, 0x1d, 0x6c, 0x61, 0x74, 0x65, 0x73, 0x74, 0x5f, 0x67, 0x63,
    0x5f, 0x69, 0x6e, 0x66, 0x6f, 0x00, 0x00, 0x00, 0x14, 0x05, 0x27, 0x6c,
    0x61, 0x74, 0x65, 0x73, 0x74, 0x5f, 0x63, 0x6f, 0x6d, 0x70, 0x61, 0x63,
    0x74, 0x5f, 0x69, 0x6e, 0x66, 0x6f, 0x00, 0x00, 0x14, 0x05, 0x0f, 0x63,
    0x6f, 0x6d, 0x70, 0x61, 0x63, 0x74, 0x00, 0x00, 0x14, 0x05, 0x39, 0x76,
    0x65, 0x72, 0x69, 0x66, 0x79, 0x5f, 0x63, 0x6f, 0x6d, 0x70, 0x61, 0x63,
    0x74, 0x69, 0x6f, 0x6e, 0x5f, 0x72, 0x65, 0x66, 0x65, 0x72, 0x65, 0x6e,
    0x63, 0x65, 0x73, 0x00, 0x14, 0x05, 0x1b, 0x75, 0x73, 0x69, 0x6e, 0x67,
    0x5f, 0x72, 0x76, 0x61, 0x72, 0x67, 0x63, 0x3f, 0x14, 0x05, 0x27, 0x6d,
    0x65, 0x61, 0x73, 0x75, 0x72, 0x65, 0x5f, 0x74, 0x6f, 0x74, 0x61, 0x6c,
    0x5f, 0x74, 0x69, 0x6d, 0x65, 0x3d, 0x00, 0x00, 0x14, 0x05, 0x25, 0x6d,
    0x65, 0x61, 0x73, 0x75, 0x72, 0x65, 0x5f, 0x74, 0x6f, 0x74, 0x61, 0x6c,
    0x5f, 0x74, 0x69, 0x6d, 0x65, 0x00, 0x00, 0x00, 0x14, 0x05, 0x15, 0x74,
    0x6f, 0x74, 0x61, 0x6c, 0x5f, 0x74, 0x69, 0x6d, 0x65, 0x00, 0x00, 0x00,
    0x47, 0x05, 0x05, 0x01, 0x45, 0x01, 0x29, 0x3c, 0x6d, 0x6f, 0x64, 0x75,
    0x6c, 0x65, 0x3a, 0x4f, 0x62, 0x6a, 0x65, 0x63, 0x74, 0x53, 0x70, 0x61,
    0x63, 0x65, 0x3e, 0x00, 0x14, 0x05, 0x1f, 0x6d, 0x6f, 0x64, 0x75, 0x6c,
    0x65, 0x5f, 0x66, 0x75, 0x6e, 0x63, 0x74, 0x69, 0x6f, 0x6e, 0x00, 0x00,
    0x47, 0x05, 0x05, 0x01, 0x45, 0x05, 0x0b, 0x73, 0x74, 0x61, 0x72, 0x74,
    0xf3, 0x01, 0x00, 0x00, 0x14, 0x05, 0x13, 0x66, 0x75, 0x6c, 0x6c, 0x5f,
    0x6d, 0x61, 0x72, 0x6b, 0x14, 0x05, 0x1d, 0x69, 0x6d, 0x6d, 0x65, 0x64,
    0x69, 0x61, 0x74, 0x65, 0x5f, 0x6d, 0x61, 0x72, 0x6b, 0x00, 0x00, 0x00,
    0x14, 0x05, 0x1f, 0x69, 0x6d, 0x6d, 0x65, 0x64, 0x69, 0x61, 0x74, 0x65,
    0x5f, 0x73, 0x77, 0x65, 0x65, 0x70, 0x00, 0x00, 0xf2, 0x29, 0x00, 0x00,
    0x47, 0x05, 0x05, 0x01, 0x45, 0x05, 0x1f, 0x67, 0x61, 0x72, 0x62, 0x61,
    0x67, 0x65, 0x5f, 0x63, 0x6f, 0x6c, 0x6c, 0x65, 0x63, 0x74, 0x00, 0x00,
    0x47, 0x05, 0x05, 0x01, 0x45, 0x05, 0x19, 0x61, 0x75, 0x74, 0x6f, 0x5f,
    0x63, 0x6f, 0x6d, 0x70, 0x61, 0x63, 0x74, 0x00, 0x47, 0x05, 0x05, 0x01,
    0x45, 0x05, 0x1b, 0x61, 0x75, 0x74, 0x6f, 0x5f, 0x63, 0x6f, 0x6d, 0x70,
    0x61, 0x63, 0x74, 0x3d, 0x14, 0x05, 0x09, 0x66, 0x6c, 0x61, 0x67, 0x00,
    0x47, 0x05, 0x05, 0x01, 0x45, 0x05, 0x0d, 0x65, 0x6e, 0x61, 0x62, 0x6c,
    0x65, 0x00, 0x00, 0x00, 0x47, 0x05, 0x05, 0x01, 0x45, 0x05, 0x0f, 0x64,
    0x69, 0x73, 0x61, 0x62, 0x6c, 0x65, 0x00, 0x00, 0x47, 0x05, 0x05, 0x01,
    0x45, 0x05, 0x0d, 0x73, 0x74, 0x72, 0x65, 0x73, 0x73, 0x00, 0x00, 0x00,
    0x47, 0x05, 0x05, 0x01, 0x45, 0x05, 0x0f, 0x73, 0x74, 0x72, 0x65, 0x73,
    0x73, 0x3d, 0x00, 0x00, 0x47, 0x05, 0x05, 0x01, 0x45, 0x05, 0x0b, 0x63,
    0x6f, 0x75, 0x6e, 0x74, 0x47, 0x05, 0x05, 0x01, 0x45, 0x05, 0x09, 0x73,
    0x74, 0x61, 0x74, 0x00, 0x14, 0x05, 0x17, 0x68, 0x61, 0x73, 0x68, 0x5f,
    0x6f, 0x72, 0x5f, 0x6b, 0x65, 0x79, 0x00, 0x00, 0x47, 0x05, 0x05, 0x01,
    0x45, 0x05, 0x1d, 0x6c, 0x61, 0x74, 0x65, 0x73, 0x74, 0x5f, 0x67, 0x63,
    0x5f, 0x69, 0x6e, 0x66, 0x6f, 0x00, 0x00, 0x00, 0x47, 0x05, 0x05, 0x01,
    0x45, 0x05, 0x27, 0x6c, 0x61, 0x74, 0x65, 0x73, 0x74, 0x5f, 0x63, 0x6f,
    0x6d, 0x70, 0x61, 0x63, 0x74, 0x5f, 0x69, 0x6e, 0x66, 0x6f, 0x00, 0x00,
    0x47, 0x05, 0x05, 0x01, 0x45, 0x05, 0x0f, 0x63, 0x6f, 0x6d, 0x70, 0x61,
    0x63, 0x74, 0x00, 0x00, 0x47, 0x05, 0x05, 0x01, 0x45, 0x05, 0x39, 0x76,
    0x65, 0x72, 0x69, 0x66, 0x79, 0x5f, 0x63, 0x6f, 0x6d, 0x70, 0x61, 0x63,
    0x74, 0x69, 0x6f, 0x6e, 0x5f, 0x72, 0x65, 0x66, 0x65, 0x72, 0x65, 0x6e,
    0x63, 0x65, 0x73, 0x00, 0x14, 0x05, 0x0b, 0x65, 0x6d, 0x70, 0x74, 0x79,
    0x14, 0x05, 0x0d, 0x74, 0x6f, 0x77, 0x61, 0x72, 0x64, 0x00, 0x00, 0x00,
    0x14, 0x05, 0x17, 0x64, 0x6f, 0x75, 0x62, 0x6c, 0x65, 0x5f, 0x68, 0x65,
    0x61, 0x70, 0x00, 0x00, 0x14, 0x05, 0x05, 0x3d, 0x3d, 0x00, 0x00, 0x00,
    0x47, 0x05, 0x05, 0x01, 0x45, 0x05, 0x1b, 0x75, 0x73, 0x69, 0x6e, 0x67,
    0x5f, 0x72, 0x76, 0x61, 0x72, 0x67, 0x63, 0x3f, 0x14, 0x05, 0x25, 0x49,
    0x4e, 0x54, 0x45, 0x52, 0x4e, 0x41, 0x4c, 0x5f, 0x43, 0x4f, 0x4e, 0x53,
    0x54, 0x41, 0x4e, 0x54, 0x53, 0x00, 0x00, 0x00, 0x14, 0x05, 0x1f, 0x53,
    0x49, 0x5a, 0x45, 0x5f, 0x50, 0x4f, 0x4f, 0x4c, 0x5f, 0x43, 0x4f, 0x55,
    0x4e, 0x54, 0x00, 0x00, 0x14, 0x05, 0x05, 0x5b, 0x5d, 0x00, 0x00, 0x00,
    0x14, 0x05, 0x03, 0x3e, 0x47, 0x05, 0x05, 0x01, 0x45, 0x05, 0x27, 0x6d,
    0x65, 0x61, 0x73, 0x75, 0x72, 0x65, 0x5f, 0x74, 0x6f, 0x74, 0x61, 0x6c,
    0x5f, 0x74, 0x69, 0x6d, 0x65, 0x3d, 0x00, 0x00, 0x47, 0x05, 0x05, 0x01,
    0x45, 0x05, 0x25, 0x6d, 0x65, 0x61, 0x73, 0x75, 0x72, 0x65, 0x5f, 0x74,
    0x6f, 0x74, 0x61, 0x6c, 0x5f, 0x74, 0x69, 0x6d, 0x65, 0x00, 0x00, 0x00,
    0x47, 0x05, 0x05, 0x01, 0x45, 0x05, 0x15, 0x74, 0x6f, 0x74, 0x61, 0x6c,
    0x5f, 0x74, 0x69, 0x6d, 0x65, 0x00, 0x00, 0x00, 0x47, 0x05, 0x05, 0x01,
    0xcc, 0x0c, 0x00, 0x00, 0xd0, 0x0c, 0x00, 0x00, 0xd4, 0x0c, 0x00, 0x00,
    0xe4, 0x0c, 0x00, 0x00, 0xec, 0x0c, 0x00, 0x00, 0xfc, 0x0c, 0x00, 0x00,
    0x00, 0x0d, 0x00, 0x00, 0x10, 0x0d, 0x00, 0x00, 0x18, 0x0d, 0x00, 0x00,
    0x2c, 0x0d, 0x00, 0x00, 0x3c, 0x0d, 0x00, 0x00, 0x4c, 0x0d, 0x00, 0x00,
    0x58, 0x0d, 0x00, 0x00, 0x64, 0x0d, 0x00, 0x00, 0x70, 0x0d, 0x00, 0x00,
    0x7c, 0x0d, 0x00, 0x00, 0x84, 0x0d, 0x00, 0x00, 0x8c, 0x0d, 0x00, 0x00,
    0xa0, 0x0d, 0x00, 0x00, 0xb8, 0x0d, 0x00, 0x00, 0xc4, 0x0d, 0x00, 0x00,
    0xe4, 0x0d, 0x00, 0x00, 0xf4, 0x0d, 0x00, 0x00, 0x0c, 0x0e, 0x00, 0x00,
    0x24, 0x0e, 0x00, 0x00, 0x34, 0x0e, 0x00, 0x00, 0x38, 0x0e, 0x00, 0x00,
    0x50, 0x0e, 0x00, 0x00, 0x64, 0x0e, 0x00, 0x00, 0x68, 0x0e, 0x00, 0x00,
    0x70, 0x0e, 0x00, 0x00, 0x74, 0x0e, 0x00, 0x00, 0x80, 0x0e, 0x00, 0x00,
    0x94, 0x0e, 0x00, 0x00, 0xa8, 0x0e, 0x00, 0x00, 0xac, 0x0e, 0x00, 0x00,
    0xb0, 0x0e, 0x00, 0x00, 0xc4, 0x0e, 0x00, 0x00, 0xc8, 0x0e, 0x00, 0x00,
    0xd8, 0x0e, 0x00, 0x00, 0xdc, 0x0e, 0x00, 0x00, 0xec, 0x0e, 0x00, 0x00,
    0xf4, 0x0e, 0x00, 0x00, 0xf8, 0x0e, 0x00, 0x00, 0x04, 0x0f, 0x00, 0x00,
    0x08, 0x0f, 0x00, 0x00, 0x14, 0x0f, 0x00, 0x00, 0x18, 0x0f, 0x00, 0x00,
    0x24, 0x0f, 0x00, 0x00, 0x28, 0x0f, 0x00, 0x00, 0x34, 0x0f, 0x00, 0x00,
    0x38, 0x0f, 0x00, 0x00, 0x40, 0x0f, 0x00, 0x00, 0x44, 0x0f, 0x00, 0x00,
    0x4c, 0x0f, 0x00, 0x00, 0x5c, 0x0f, 0x00, 0x00, 0x60, 0x0f, 0x00, 0x00,
    0x74, 0x0f, 0x00, 0x00, 0x78, 0x0f, 0x00, 0x00, 0x90, 0x0f, 0x00, 0x00,
    0x94, 0x0f, 0x00, 0x00, 0xa0, 0x0f, 0x00, 0x00, 0xa4, 0x0f, 0x00, 0x00,
    0xc4, 0x0f, 0x00, 0x00, 0xcc, 0x0f, 0x00, 0x00, 0xd8, 0x0f, 0x00, 0x00,
    0xe8, 0x0f, 0x00, 0x00, 0xf0, 0x0f, 0x00, 0x00, 0xf4, 0x0f, 0x00, 0x00,
    0x04, 0x10, 0x00, 0x00, 0x1c, 0x10, 0x00, 0x00, 0x30, 0x10, 0x00, 0x00,
    0x38, 0x10, 0x00, 0x00, 0x3c, 0x10, 0x00, 0x00, 0x40, 0x10, 0x00, 0x00,
    0x58, 0x10, 0x00, 0x00, 0x5c, 0x10, 0x00, 0x00, 0x74, 0x10, 0x00, 0x00,
    0x78, 0x10, 0x00, 0x00, 0x88, 0x10, 0x00, 0x00,
};

static const unsigned char ractor_bin[] = {
    0x59, 0x41, 0x52, 0x42, 0x03, 0x00, 0x00, 0x00, 0x01, 0x00, 0x00, 0x00,
    0x24, 0x17, 0x00, 0x00, 0x00, 0x00, 0x00, 0x00, 0x18, 0x00, 0x00, 0x00,
    0x70, 0x00, 0x00, 0x00, 0x10, 0x10, 0x00, 0x00, 0x64, 0x15, 0x00, 0x00,
    0x78, 0x38, 0x36, 0x5f, 0x36, 0x34, 0x2d, 0x64, 0x61, 0x72, 0x77, 0x69,
    0x6e, 0x32, 0x31, 0x00, 0x27, 0x07, 0x21, 0x5b, 0x07, 0x03, 0x01, 0x75,
    0x02, 0xe4, 0x01, 0x03, 0x02, 0xe4, 0x00, 0xff, 0xff, 0xff, 0xff, 0xff,
    0xff, 0xff, 0xff, 0x01, 0x02, 0xe4, 0x06, 0x6e, 0x01, 0x02, 0xe4, 0x00,
    0xff, 0xff, 0xff, 0xff, 0xff, 0xff, 0xff, 0xff, 0x01, 0x01, 0x05, 0x03,
    0x09, 0x00, 0x00, 0x00, 0x00, 0x00, 0x00, 0x00, 0x01, 0x01, 0x11, 0x6b,
    0x11, 0x01, 0x01, 0x01, 0x01, 0x01, 0x01, 0x01, 0x01, 0x5b, 0x01, 0x03,
    0x05, 0x05, 0x03, 0x06, 0x6f, 0x02, 0xe4, 0x01, 0x0e, 0x4a, 0x07, 0x5b,
    0x19, 0x09, 0x03, 0x01, 0x03, 0x00, 0xff, 0xff, 0xff, 0xff, 0xff, 0xff,
    0xff, 0xff, 0x01, 0x00, 0xff, 0xff, 0xff, 0xff, 0xff, 0xff, 0xff, 0xff,
    0x03, 0x03, 0x01, 0x01, 0x01, 0x01, 0x05, 0x01, 0x01, 0x23, 0x5f, 0x0d,
    0x05, 0x23, 0x5f, 0x0f, 0x07, 0x23, 0x5f, 0x11, 0x09, 0x23, 0x5f, 0x13,
    0x0b, 0x23, 0x5f, 0x15, 0x0d, 0x23, 0x21, 0x5b, 0x17, 0x0f, 0x03, 0x45,
    0x23, 0x5d, 0x15, 0x11, 0x25, 0x15, 0x63, 0x45, 0x27, 0x03, 0x27, 0x05,
    0x25, 0x19, 0x25, 0x15, 0x63, 0x45, 0x23, 0x5f, 0x1b, 0x13, 0x23, 0x5d,
    0x1b, 0x15, 0x25, 0x1b, 0x63, 0x45, 0x5d, 0x1d, 0x17, 0x27, 0x03, 0x27,
    0x05, 0x25, 0x1f, 0x25, 0x1d, 0x63, 0x45, 0x23, 0x5f, 0x21, 0x19, 0x5d,
    0x23, 0x1b, 0x5d, 0x25, 0x1d, 0x27, 0x03, 0x27, 0x05, 0x25, 0x27, 0x25,
    0x25, 0x63, 0x45, 0x5d, 0x29, 0x1f, 0x27, 0x07, 0x21, 0x5b, 0x2b, 0x21,
    0x01, 0x45, 0x5d, 0x2d, 0x23, 0x5d, 0x2f, 0x25, 0x23, 0x5f, 0x31, 0x27,
    0x23, 0x5f, 0x33, 0x29, 0x5d, 0x35, 0x2b, 0x5d, 0x37, 0x2d, 0x23, 0x5f,
    0x39, 0x2f, 0x25, 0x39, 0x75, 0x06, 0x06, 0x05, 0x07, 0x06, 0x06, 0x09,
    0x01, 0x06, 0x15, 0x95, 0x03, 0x06, 0x15, 0x99, 0x01, 0x06, 0x23, 0xa7,
    0x03, 0x06, 0x23, 0xab, 0x01, 0x06, 0x5a, 0xb9, 0x03, 0x06, 0x5a, 0xbd,
    0x01, 0x06, 0xa3, 0xf3, 0x03, 0x06, 0xa3, 0xf7, 0x01, 0x06, 0xa9, 0x02,
    0x82, 0x03, 0x06, 0xa9, 0x02, 0x87, 0x01, 0x06, 0xae, 0x02, 0x89, 0x03,
    0x06, 0xae, 0x02, 0x8b, 0x01, 0x06, 0xae, 0x02, 0x89, 0x01, 0x06, 0xb3,
    0x02, 0x95, 0x03, 0x06, 0xb3, 0x02, 0x95, 0x01, 0x06, 0xb3, 0x02, 0x93,
    0x01, 0x06, 0xb3, 0x02, 0x94, 0x01, 0x06, 0xb3, 0x02, 0x95, 0x01, 0x06,
    0xf1, 0x02, 0x97, 0x03, 0x06, 0xf1, 0x02, 0x99, 0x01, 0x06, 0xf5, 0x02,
    0xa1, 0x03, 0x06, 0xf5, 0x02, 0xa3, 0x01, 0x06, 0xf5, 0x02, 0xa1, 0x01,
    0x0a, 0x4a, 0x02, 0xad, 0x03, 0x0a, 0x4f, 0x02, 0xbb, 0x03, 0x0a, 0x4f,
    0x02, 0xbb, 0x01, 0x0a, 0x4f, 0x02, 0xb9, 0x01, 0x0a, 0x4f, 0x02, 0xba,
    0x01, 0x0a, 0x4f, 0x02, 0xbb, 0x01, 0x0a, 0x76, 0x02, 0xbd, 0x03, 0x0a,
    0x76, 0x02, 0xbf, 0x01, 0x0a, 0xb9, 0x02, 0xcc, 0x03, 0x0a, 0xbf, 0x02,
    0xd4, 0x03, 0x0a, 0xc9, 0x06, 0x0c, 0x03, 0x0a, 0xc9, 0x06, 0x0c, 0x01,
    0x0a, 0xc9, 0x06, 0x0a, 0x01, 0x0a, 0xc9, 0x06, 0x0b, 0x01, 0x0a, 0xc9,
    0x06, 0x0c, 0x01, 0x0a, 0xcc, 0x06, 0x0f, 0x03, 0x0a, 0xd0, 0x06, 0x16,
    0x03, 0x0a, 0xd0, 0x00, 0xff, 0xff, 0xff, 0xff, 0xff, 0xff, 0xff, 0xff,
    0x01, 0x0a, 0xd0, 0x06, 0x1e, 0x01, 0x0a, 0xe1, 0x06, 0x21, 0x03, 0x0a,
    0xf4, 0x06, 0x29, 0x03, 0x0e, 0x05, 0x06, 0x30, 0x03, 0x0e, 0x05, 0x06,
    0x32, 0x01, 0x0e, 0x2e, 0x06, 0x3a, 0x03, 0x0e, 0x2e, 0x06, 0x3c, 0x01,
    0x0e, 0x3b, 0x06, 0x4e, 0x03, 0x0e, 0x40, 0x06, 0x58, 0x03, 0x0e, 0x45,
    0x06, 0x64, 0x03, 0x0e, 0x45, 0x06, 0x66, 0x01, 0x0e, 0x4a, 0x00, 0xff,
    0xff, 0xff, 0xff, 0xff, 0xff, 0xff, 0xff, 0x09, 0x01, 0x03, 0x07, 0x03,
    0x07, 0x03, 0x07, 0x03, 0x07, 0x03, 0x07, 0x03, 0x0d, 0x03, 0x0b, 0x07,
    0x05, 0x05, 0x05, 0x05, 0x07, 0x03, 0x07, 0x03, 0x0b, 0x07, 0x07, 0x05,
    0x05, 0x05, 0x05, 0x07, 0x03, 0x07, 0x07, 0x07, 0x05, 0x05, 0x05, 0x05,
    0x07, 0x07, 0x05, 0x03, 0x0b, 0x07, 0x07, 0x03, 0x07, 0x03, 0x07, 0x07,
    0x07, 0x03, 0x0b, 0x00, 0x00, 0x00, 0x00, 0x00, 0x3b, 0x29, 0x03, 0x01,
    0x3d, 0x21, 0x07, 0x01, 0x3b, 0x29, 0x03, 0x01, 0x3d, 0x21, 0x07, 0x01,
    0x3d, 0x21, 0x07, 0x01, 0x01, 0x07, 0x02, 0x85, 0x06, 0xe8, 0x02, 0x80,
    0x01, 0x01, 0x01, 0x01, 0x01, 0x01, 0x01, 0x01, 0x06, 0x68, 0x01, 0x09,
    0x0b, 0x0b, 0x06, 0xc9, 0x06, 0x6d, 0x02, 0xe4, 0x01, 0x0e, 0x4a, 0x07,
    0x06, 0x68, 0xa3, 0x6f, 0x2b, 0x01, 0x2b, 0x01, 0x03, 0x00, 0xff, 0xff,
    0xff, 0xff, 0xff, 0xff, 0xff, 0xff, 0x2b, 0x03, 0x01, 0x01, 0x01, 0x0b,
    0x09, 0x01, 0x01, 0x07, 0x0b, 0x01, 0xc3, 0x09, 0x07, 0x0b, 0x01, 0x7b,
    0x1f, 0x23, 0x81, 0x0d, 0x01, 0x25, 0x43, 0x19, 0x45, 0x83, 0x01, 0x25,
    0x47, 0x63, 0x45, 0xbb, 0x01, 0x09, 0x5f, 0x62, 0x69, 0x30, 0x01, 0x7d,
    0x13, 0x23, 0x25, 0x49, 0xc7, 0x25, 0x4b, 0x63, 0x45, 0x23, 0xc9, 0xc9,
    0x63, 0x63, 0xc3, 0x07, 0xbf, 0x07, 0x63, 0x47, 0x65, 0x2d, 0x25, 0x4d,
    0xbf, 0x07, 0x63, 0x47, 0x65, 0x2d, 0x2b, 0x07, 0xc3, 0x07, 0xbf, 0x07,
    0xbf, 0x0f, 0xbf, 0x11, 0xbf, 0x09, 0xb9, 0x03, 0x1b, 0x72, 0x61, 0x63,
    0x74, 0x6f, 0x72, 0x5f, 0x63, 0x72, 0x65, 0x61, 0x74, 0x65, 0x75, 0x00,
    0x00, 0x00, 0x00, 0x00, 0x14, 0x00, 0x00, 0x00, 0x00, 0x00, 0x00, 0x00,
    0x00, 0x00, 0x00, 0x00, 0x00, 0x00, 0x00, 0x00, 0x01, 0x00, 0x00, 0x00,
    0x00, 0x00, 0x00, 0x00, 0x02, 0x00, 0x00, 0x00, 0x00, 0x00, 0x00, 0x00,
    0x28, 0x03, 0x00, 0x00, 0x00, 0x00, 0x00, 0x00, 0x30, 0x03, 0x00, 0x00,
    0x00, 0x00, 0x00, 0x00, 0x06, 0x07, 0x17, 0x13, 0x06, 0x07, 0x15, 0x01,
    0x06, 0x08, 0x23, 0x03, 0x06, 0x08, 0x23, 0x01, 0x06, 0x08, 0x19, 0x01,
    0x06, 0x08, 0x1b, 0x01, 0x06, 0x08, 0x1f, 0x01, 0x06, 0x08, 0x19, 0x01,
    0x06, 0x09, 0x2b, 0x03, 0x06, 0x09, 0x2b, 0x01, 0x06, 0x0a, 0x31, 0x03,
    0x06, 0x0a, 0x33, 0x01, 0x06, 0x0b, 0x39, 0x01, 0x06, 0x0b, 0x41, 0x01,
    0x06, 0x0a, 0x31, 0x01, 0x06, 0x0d, 0x53, 0x03, 0x06, 0x0d, 0x55, 0x01,
    0x06, 0x0d, 0x59, 0x01, 0x06, 0x0d, 0x53, 0x01, 0x06, 0x0d, 0x5d, 0x01,
    0x06, 0x0d, 0x51, 0x01, 0x06, 0x0e, 0x63, 0x03, 0x06, 0x0e, 0x65, 0x01,
    0x06, 0x0e, 0x69, 0x01, 0x06, 0x0e, 0x71, 0x01, 0x06, 0x0e, 0x73, 0x01,
    0x06, 0x0e, 0x6b, 0x01, 0x06, 0x0e, 0x61, 0x01, 0x06, 0x0f, 0x7d, 0x03,
    0x06, 0x0f, 0x81, 0x01, 0x06, 0x0f, 0x85, 0x01, 0x06, 0x0f, 0x89, 0x01,
    0x06, 0x0f, 0x7b, 0x01, 0x06, 0x10, 0x00, 0xff, 0xff, 0xff, 0xff, 0xff,
    0xff, 0xff, 0xff, 0x21, 0x01, 0x07, 0x05, 0x07, 0x05, 0x03, 0x13, 0x05,
    0x07, 0x07, 0x05, 0x03, 0x05, 0x03, 0x05, 0x07, 0x03, 0x03, 0x03, 0x05,
    0x05, 0x05, 0x05, 0x0d, 0x05, 0x05, 0x0d, 0x05, 0x05, 0x05, 0x05, 0x05,
    0x05, 0x05, 0x00, 0x00, 0x00, 0x00, 0x00, 0x00, 0x27, 0x00, 0x00, 0x00,
    0x00, 0x00, 0x00, 0x00, 0x14, 0x00, 0x00, 0x00, 0x00, 0x00, 0x00, 0x00,
    0x00, 0x00, 0x00, 0x00, 0x00, 0x00, 0x00, 0x00, 0x28, 0x00, 0x00, 0x00,
    0x00, 0x00, 0x00, 0x00, 0x29, 0x00, 0x00, 0x00, 0x00, 0x00, 0x00, 0x00,
    0x2a, 0x00, 0x00, 0x00, 0x00, 0x00, 0x00, 0x00, 0x57, 0x29, 0x05, 0x01,
    0x59, 0x89, 0x07, 0x05, 0x5b, 0x5d, 0x5f, 0x29, 0x05, 0x01, 0x61, 0x21,
    0x01, 0x01, 0x63, 0x21, 0x01, 0x01, 0x27, 0x29, 0x01, 0x01, 0x65, 0x21,
    0x01, 0x01, 0x27, 0x29, 0x01, 0x01, 0x01, 0x03, 0xa3, 0x06, 0x9c, 0xb9,
    0xa9, 0x09, 0x01, 0x01, 0x01, 0x01, 0x01, 0x07, 0x06, 0x40, 0x0e, 0x38,
    0x3f, 0x41, 0x41, 0x0a, 0x0d, 0x8f, 0x06, 0x06, 0x05, 0x06, 0x10, 0x0b,
    0x06, 0x0b, 0xf7, 0x45, 0xa7, 0x01, 0x47, 0x00, 0xff, 0xff, 0xff, 0xff,
    0xff, 0xff, 0xff, 0xff, 0x05, 0x00, 0xff, 0xff, 0xff, 0xff, 0xff, 0xff,
    0xff, 0xff, 0x47, 0x03, 0x01, 0x0d, 0x03, 0x11, 0x09, 0x01, 0x01, 0xbd,
    0x05, 0x09, 0x5f, 0x62, 0x69, 0x31, 0x01, 0x75, 0x06, 0x16, 0x9d, 0x13,
    0x06, 0x19, 0x00, 0xff, 0xff, 0xff, 0xff, 0xff, 0xff, 0xff, 0xff, 0x21,
    0x01, 0x07, 0x00, 0x00, 0x01, 0x03, 0x09, 0x3d, 0x13, 0x01, 0x01, 0x01,
    0x01, 0x01, 0x01, 0x01, 0x01, 0x2b, 0x01, 0x67, 0x69, 0x69, 0x0a, 0x2b,
    0xa3, 0x06, 0x15, 0x05, 0x06, 0x19, 0x0b, 0x2b, 0x0b, 0x05, 0x03, 0x01,
    0x03, 0x00, 0xff, 0xff, 0xff, 0xff, 0xff, 0xff, 0xff, 0xff, 0x07, 0x00,
    0xff, 0xff, 0xff, 0xff, 0xff, 0xff, 0xff, 0xff, 0x03, 0x03, 0x01, 0x01,
    0x01, 0x01, 0x03, 0x01, 0x01, 0xbd, 0x07, 0x09, 0x5f, 0x62, 0x69, 0x32,
    0x01, 0x75, 0x06, 0x24, 0xaf, 0x13, 0x06, 0x27, 0x00, 0xff, 0xff, 0xff,
    0xff, 0xff, 0xff, 0xff, 0xff, 0x21, 0x01, 0x07, 0x01, 0x03, 0x09, 0x39,
    0x13, 0x01, 0x01, 0x01, 0x01, 0x01, 0x01, 0x01, 0x01, 0x27, 0x01, 0x6b,
    0x6d, 0x6d, 0x0a, 0x47, 0xb5, 0x06, 0x23, 0x05, 0x06, 0x27, 0x0b, 0x27,
    0x07, 0x05, 0x03, 0x01, 0x03, 0x00, 0xff, 0xff, 0xff, 0xff, 0xff, 0xff,
    0xff, 0xff, 0x09, 0x00, 0xff, 0xff, 0xff, 0xff, 0xff, 0xff, 0xff, 0xff,
    0x03, 0x03, 0x01, 0x01, 0x01, 0x01, 0x03, 0x01, 0x01, 0x57, 0x09, 0x01,
    0x7b, 0x0f, 0x25, 0x43, 0x47, 0xc3, 0x07, 0xc3, 0x0d, 0xbf, 0x07, 0x7d,
    0x2b, 0xbf, 0x0f, 0xb1, 0x7d, 0x1f, 0x23, 0x81, 0x0d, 0x01, 0x25, 0x43,
    0x19, 0x45, 0x83, 0x01, 0x25, 0x73, 0x63, 0x45, 0xbd, 0x09, 0x09, 0x5f,
    0x62, 0x69, 0x33, 0x01, 0x75, 0x00, 0x00, 0x00, 0x00, 0x00, 0x00, 0x00,
    0x3a, 0x00, 0x00, 0x00, 0x00, 0x00, 0x00, 0x00, 0x3b, 0x00, 0x00, 0x00,
    0x00, 0x00, 0x00, 0x00, 0x3c, 0x00, 0x00, 0x00, 0x00, 0x00, 0x00, 0x00,
    0x3d, 0x00, 0x00, 0x00, 0x00, 0x00, 0x00, 0x00, 0x02, 0x00, 0x00, 0x00,
    0x00, 0x00, 0x00, 0x00, 0x03, 0x00, 0x00, 0x00, 0x00, 0x00, 0x00, 0x00,
    0x88, 0x05, 0x00, 0x00, 0x00, 0x00, 0x00, 0x00, 0x98, 0x05, 0x00, 0x00,
    0x00, 0x00, 0x00, 0x00, 0x06, 0x5a, 0xc5, 0x01, 0x06, 0x5a, 0xc1, 0x01,
    0x06, 0x5a, 0xbf, 0x01, 0x06, 0x5a, 0xc3, 0x01, 0x06, 0x5b, 0xdb, 0x13,
    0x06, 0x5b, 0xdb, 0x01, 0x06, 0x5b, 0xdd, 0x01, 0x06, 0x5b, 0xdf, 0xc1,
    0x06, 0x5b, 0xdf, 0x01, 0x06, 0x5b, 0xd1, 0x01, 0x06, 0x5b, 0xd3, 0x01,
    0x06, 0x5b, 0xd7, 0x01, 0x06, 0x5b, 0xd1, 0x01, 0x06, 0x5d, 0xe5, 0x03,
    0x06, 0x65, 0x00, 0xff, 0xff, 0xff, 0xff, 0xff, 0xff, 0xff, 0xff, 0x21,
    0x01, 0x0b, 0x05, 0x07, 0x05, 0x05, 0x05, 0x05, 0x05, 0x05, 0x03, 0x13,
    0x05, 0x07, 0x07, 0x00, 0x00, 0x00, 0x00, 0x00, 0x3e, 0x00, 0x00, 0x00,
    0x00, 0x00, 0x00, 0x00, 0x3a, 0x00, 0x00, 0x00, 0x00, 0x00, 0x00, 0x00,
    0x3b, 0x00, 0x00, 0x00, 0x00, 0x00, 0x00, 0x00, 0x00, 0x00, 0x00, 0x00,
    0x00, 0x00, 0x00, 0x00, 0x3f, 0x00, 0x00, 0x00, 0x00, 0x00, 0x00, 0x00,
    0x81, 0x21, 0x01, 0x01, 0x57, 0x29, 0x05, 0x01, 0x01, 0x03, 0x53, 0x02,
    0xfc, 0x59, 0x29, 0x09, 0x01, 0x01, 0x01, 0x01, 0x01, 0x01, 0x02, 0xd0,
    0x16, 0xa8, 0x6f, 0x71, 0x71, 0x0a, 0xb5, 0xef, 0x06, 0x5a, 0x05, 0x06,
    0x65, 0x0b, 0x02, 0x89, 0x8b, 0x1f, 0x63, 0x01, 0x13, 0x00, 0xff, 0xff,
    0xff, 0xff, 0xff, 0xff, 0xff, 0xff, 0x0b, 0x00, 0xff, 0xff, 0xff, 0xff,
    0xff, 0xff, 0xff, 0xff, 0x13, 0x03, 0x01, 0x0b, 0x03, 0x05, 0x07, 0x01,
    0x01, 0xbd, 0x0b, 0x09, 0x5f, 0x62, 0x69, 0x34, 0x01, 0x75, 0x06, 0xa4,
    0xfb, 0x13, 0x06, 0xa7, 0x00, 0xff, 0xff, 0xff, 0xff, 0xff, 0xff, 0xff,
    0xff, 0x21, 0x01, 0x07, 0x00, 0x00, 0x00, 0x00, 0x01, 0x03, 0x09, 0x41,
    0x13, 0x01, 0x01, 0x01, 0x01, 0x01, 0x01, 0x01, 0x01, 0x2f, 0x01, 0x83,
    0x85, 0x85, 0x0e, 0x47, 0x02, 0x80, 0x06, 0xa3, 0x05, 0x06, 0xa7, 0x0b,
    0x2f, 0x0f, 0x05, 0x03, 0x01, 0x03, 0x00, 0xff, 0xff, 0xff, 0xff, 0xff,
    0xff, 0xff, 0xff, 0x0d, 0x00, 0xff, 0xff, 0xff, 0xff, 0xff, 0xff, 0xff,
    0xff, 0x03, 0x03, 0x01, 0x01, 0x01, 0x01, 0x03, 0x01, 0x01, 0x27, 0x03,
    0x27, 0x05, 0x25, 0x19, 0x25, 0x15, 0x63, 0x75, 0x06, 0xaa, 0x02, 0x85,
    0x07, 0x06, 0xaa, 0x02, 0x85, 0x01, 0x06, 0xaa, 0x02, 0x83, 0x01, 0x06,
    0xaa, 0x02, 0x84, 0x01, 0x06, 0xaa, 0x02, 0x85, 0x01, 0x06, 0xab, 0x00,
    0xff, 0xff, 0xff, 0xff, 0xff, 0xff, 0xff, 0xff, 0x09, 0x01, 0x05, 0x05,
    0x05, 0x05, 0x05, 0x00, 0x00, 0x00, 0x00, 0x00, 0x3d, 0x21, 0x07, 0x01,
    0x01, 0x07, 0x17, 0x7f, 0x15, 0x01, 0x01, 0x01, 0x01, 0x01, 0x01, 0x01,
    0x01, 0x6b, 0x01, 0x87, 0x89, 0x89, 0x0e, 0x53, 0x02, 0x86, 0x06, 0xa9,
    0x05, 0x06, 0xab, 0x0b, 0x6b, 0x21, 0x0d, 0x0b, 0x01, 0x0b, 0x00, 0xff,
    0xff, 0xff, 0xff, 0xff, 0xff, 0xff, 0xff, 0x0f, 0x00, 0xff, 0xff, 0xff,
    0xff, 0xff, 0xff, 0xff, 0xff, 0x0b, 0x03, 0x01, 0x01, 0x01, 0x03, 0x09,
    0x01, 0x01, 0xbd, 0x0d, 0x09, 0x5f, 0x62, 0x69, 0x35, 0x01, 0x75, 0x06,
    0xaf, 0x02, 0x8d, 0x13, 0x06, 0xb2, 0x00, 0xff, 0xff, 0xff, 0xff, 0xff,
    0xff, 0xff, 0xff, 0x21, 0x01, 0x07, 0x00, 0x00, 0x01, 0x03, 0x09, 0x3f,
    0x13, 0x01, 0x01, 0x01, 0x01, 0x01, 0x01, 0x01, 0x01, 0x2d, 0x01, 0x8b,
    0x85, 0x85, 0x0e, 0x5d, 0x02, 0x90, 0x06, 0xae, 0x15, 0x06, 0xb2, 0x0b,
    0x2d, 0x0b, 0x05, 0x03, 0x01, 0x03, 0x00, 0xff, 0xff, 0xff, 0xff, 0xff,
    0xff, 0xff, 0xff, 0x11, 0x00, 0xff, 0xff, 0xff, 0xff, 0xff, 0xff, 0xff,
    0xff, 0x03, 0x03, 0x01, 0x01, 0x01, 0x01, 0x03, 0x01, 0x01, 0x07, 0x07,
    0x01, 0xb9, 0x0f, 0x23, 0x72, 0x61, 0x63, 0x74, 0x6f, 0x72, 0x5f, 0x72,
    0x65, 0x63, 0x65, 0x69, 0x76, 0x65, 0x5f, 0x69, 0x66, 0x75, 0x06, 0xf2,
    0x02, 0x9c, 0x13, 0x06, 0xf2, 0x02, 0x9e, 0x01, 0x06, 0xf3, 0x00, 0xff,
    0xff, 0xff, 0xff, 0xff, 0xff, 0xff, 0xff, 0x21, 0x01, 0x07, 0x05, 0x00,
    0x29, 0x00, 0x00, 0x00, 0x00, 0x00, 0x00, 0x00, 0x01, 0x03, 0x0d, 0x77,
    0x31, 0x81, 0x03, 0x01, 0x01, 0x01, 0x01, 0x01, 0x01, 0x47, 0x01, 0x8d,
    0x8f, 0x8f, 0x0e, 0xe3, 0x02, 0x9f, 0x06, 0xf1, 0x05, 0x06, 0xf3, 0x0b,
    0x47, 0x1b, 0x07, 0x13, 0x01, 0x03, 0x00, 0xff, 0xff, 0xff, 0xff, 0xff,
    0xff, 0xff, 0xff, 0x13, 0x00, 0xff, 0xff, 0xff, 0xff, 0xff, 0xff, 0xff,
    0xff, 0x03, 0x03, 0x01, 0x03, 0x01, 0x01, 0x03, 0x01, 0x01, 0x07, 0x07,
    0x01, 0xb9, 0x0f, 0x23, 0x72, 0x61, 0x63, 0x74, 0x6f, 0x72, 0x5f, 0x72,
    0x65, 0x63, 0x65, 0x69, 0x76, 0x65, 0x5f, 0x69, 0x66, 0x75, 0x06, 0xf6,
    0x02, 0xa6, 0x13, 0x06, 0xf6, 0x02, 0xa8, 0x01, 0x06, 0xf7, 0x00, 0xff,
    0xff, 0xff, 0xff, 0xff, 0xff, 0xff, 0xff, 0x21, 0x01, 0x07, 0x05, 0x00,
    0x29, 0x00, 0x00, 0x00, 0x00, 0x00, 0x00, 0x00, 0x01, 0x03, 0x0d, 0x77,
    0x31, 0x81, 0x03, 0x01, 0x01, 0x01, 0x01, 0x01, 0x01, 0x47, 0x01, 0x91,
    0x8f, 0x8f, 0x0e, 0xeb, 0x02, 0xa9, 0x06, 0xf5, 0x15, 0x06, 0xf7, 0x0b,
    0x47, 0x1b, 0x07, 0x13, 0x01, 0x03, 0x00, 0xff, 0xff, 0xff, 0xff, 0xff,
    0xff, 0xff, 0xff, 0x15, 0x00, 0xff, 0xff, 0xff, 0xff, 0xff, 0xff, 0xff,
    0xff, 0x03, 0x03, 0x01, 0x03, 0x01, 0x01, 0x03, 0x01, 0x01, 0xbd, 0x11,
    0x09, 0x5f, 0x62, 0x69, 0x36, 0x01, 0x75, 0x00, 0x3b, 0x00, 0x00, 0x00,
    0x00, 0x00, 0x00, 0x00, 0x3d, 0x00, 0x00, 0x00, 0x00, 0x00, 0x00, 0x00,
    0x01, 0x00, 0x00, 0x00, 0x00, 0x00, 0x00, 0x00, 0x02, 0x00, 0x00, 0x00,
    0x00, 0x00, 0x00, 0x00, 0xc0, 0x08, 0x00, 0x00, 0x00, 0x00, 0x00, 0x00,
    0xc8, 0x08, 0x00, 0x00, 0x00, 0x00, 0x00, 0x00, 0x0a, 0x4b, 0x02, 0xb4,
    0x13, 0x0a, 0x4e, 0x00, 0xff, 0xff, 0xff, 0xff, 0xff, 0xff, 0xff, 0xff,
    0x21, 0x01, 0x07, 0x00, 0x00, 0x00, 0x00, 0x00, 0x4b, 0x00, 0x00, 0x00,
    0x00, 0x00, 0x00, 0x00, 0x3b, 0x00, 0x00, 0x00, 0x00, 0x00, 0x00, 0x00,
    0x00, 0x00, 0x00, 0x00, 0x00, 0x00, 0x00, 0x00, 0x01, 0x03, 0x09, 0xd7,
    0x13, 0x23, 0x07, 0x03, 0x01, 0x01, 0x01, 0x01, 0x01, 0xc5, 0x22, 0xd0,
    0x93, 0x95, 0x95, 0x12, 0x95, 0x02, 0xb7, 0x0a, 0x4a, 0x05, 0x0a, 0x4e,
    0x0b, 0x63, 0x41, 0x05, 0x33, 0x01, 0x03, 0x00, 0xff, 0xff, 0xff, 0xff,
    0xff, 0xff, 0xff, 0xff, 0x17, 0x00, 0xff, 0xff, 0xff, 0xff, 0xff, 0xff,
    0xff, 0xff, 0x03, 0x03, 0x01, 0x07, 0x01, 0x01, 0x03, 0x01, 0x01, 0xbd,
    0x13, 0x09, 0x5f, 0x62, 0x69, 0x37, 0x01, 0x75, 0x3b, 0x00, 0x00, 0x00,
    0x00, 0x00, 0x00, 0x00, 0x3d, 0x00, 0x00, 0x00, 0x00, 0x00, 0x00, 0x00,
    0x01, 0x00, 0x00, 0x00, 0x00, 0x00, 0x00, 0x00, 0x02, 0x00, 0x00, 0x00,
    0x00, 0x00, 0x00, 0x00, 0x68, 0x09, 0x00, 0x00, 0x00, 0x00, 0x00, 0x00,
    0x70, 0x09, 0x00, 0x00, 0x00, 0x00, 0x00, 0x00, 0x0a, 0x77, 0x02, 0xc6,
    0x13, 0x0a, 0x7a, 0x00, 0xff, 0xff, 0xff, 0xff, 0xff, 0xff, 0xff, 0xff,
    0x21, 0x01, 0x07, 0x00, 0x00, 0x00, 0x00, 0x00, 0x4b, 0x00, 0x00, 0x00,
    0x00, 0x00, 0x00, 0x00, 0x3b, 0x00, 0x00, 0x00, 0x00, 0x00, 0x00, 0x00,
    0x00, 0x00, 0x00, 0x00, 0x00, 0x00, 0x00, 0x00, 0x01, 0x03, 0x09, 0xd5,
    0x13, 0x23, 0x07, 0x03, 0x01, 0x01, 0x01, 0x01, 0x01, 0xc3, 0x26, 0x78,
    0x99, 0x9b, 0x9b, 0x12, 0xed, 0x02, 0xc9, 0x0a, 0x76, 0x05, 0x0a, 0x7a,
    0x0b, 0x63, 0x41, 0x05, 0x33, 0x01, 0x03, 0x00, 0xff, 0xff, 0xff, 0xff,
    0xff, 0xff, 0xff, 0xff, 0x19, 0x00, 0xff, 0xff, 0xff, 0xff, 0xff, 0xff,
    0xff, 0xff, 0x03, 0x03, 0x01, 0x07, 0x01, 0x01, 0x03, 0x01, 0x01, 0xbd,
    0x15, 0x09, 0x5f, 0x62, 0x69, 0x38, 0x01, 0x75, 0x0a, 0xba, 0x02, 0xce,
    0x13, 0x0a, 0xbd, 0x00, 0xff, 0xff, 0xff, 0xff, 0xff, 0xff, 0xff, 0xff,
    0x21, 0x01, 0x07, 0x00, 0x00, 0x00, 0x00, 0x00, 0x01, 0x03, 0x09, 0x45,
    0x13, 0x01, 0x01, 0x01, 0x01, 0x01, 0x01, 0x01, 0x01, 0x33, 0x01, 0x9d,
    0x9f, 0x9f, 0x16, 0x73, 0x02, 0xd1, 0x0a, 0xb9, 0x05, 0x0a, 0xbd, 0x0b,
    0x33, 0x11, 0x05, 0x03, 0x01, 0x03, 0x00, 0xff, 0xff, 0xff, 0xff, 0xff,
    0xff, 0xff, 0xff, 0x1b, 0x00, 0xff, 0xff, 0xff, 0xff, 0xff, 0xff, 0xff,
    0xff, 0x03, 0x03, 0x01, 0x01, 0x01, 0x01, 0x03, 0x01, 0x01, 0xbb, 0x17,
    0x09, 0x5f, 0x62, 0x69, 0x39, 0x01, 0xc3, 0x0d, 0xbb, 0x19, 0x0b, 0x5f,
    0x62, 0x69, 0x31, 0x30, 0x01, 0xc3, 0x0b, 0xbb, 0x1b, 0x0b, 0x5f, 0x62,
    0x69, 0x31, 0x31, 0x01, 0xc3, 0x09, 0xbb, 0x1d, 0x0b, 0x5f, 0x62, 0x69,
    0x31, 0x32, 0x01, 0xc3, 0x07, 0x25, 0xa5, 0xbf, 0x09, 0x47, 0x65, 0x2d,
    0xbf, 0x0b, 0x7d, 0x11, 0x25, 0xa7, 0xbf, 0x0b, 0x89, 0x79, 0x05, 0x25,
    0xa9, 0x47, 0x65, 0x2d, 0xbf, 0x0d, 0x7d, 0x11, 0x25, 0xa7, 0xbf, 0x0d,
    0x89, 0x79, 0x05, 0x25, 0xa9, 0x47, 0x65, 0x2d, 0x25, 0xa7, 0xbf, 0x07,
    0x47, 0x65, 0x2d, 0x25, 0xab, 0x2b, 0x0f, 0x75, 0x0a, 0xc0, 0x02, 0xd7,
    0x13, 0x0a, 0xc0, 0x02, 0xd6, 0x01, 0x0a, 0xc1, 0x02, 0xdb, 0x03, 0x0a,
    0xc1, 0x02, 0xda, 0x01, 0x0a, 0xc2, 0x02, 0xe1, 0x03, 0x0a, 0xc2, 0x02,
    0xe0, 0x01, 0x0a, 0xc3, 0x02, 0xe6, 0x03, 0x0a, 0xc3, 0x02, 0xe5, 0x01,
    0x0a, 0xc6, 0x02, 0xea, 0x03, 0x0a, 0xc6, 0x02, 0xeb, 0x01, 0x0a, 0xc6,
    0x02, 0xee, 0x01, 0x0a, 0xc6, 0x02, 0xef, 0x01, 0x0a, 0xc6, 0x02, 0xf0,
    0x01, 0x0a, 0xc6, 0x02, 0xf2, 0xc1, 0x0a, 0xc6, 0x02, 0xf4, 0x01, 0x0a,
    0xc6, 0x02, 0xf3, 0x01, 0x0a, 0xc6, 0x02, 0xf4, 0x01, 0x0a, 0xc6, 0x02,
    0xf7, 0x01, 0x0a, 0xc6, 0x02, 0xf8, 0x01, 0x0a, 0xc6, 0x02, 0xf9, 0x01,
    0x0a, 0xc6, 0x02, 0xfb, 0xc1, 0x0a, 0xc6, 0x02, 0xfd, 0x01, 0x0a, 0xc6,
    0x02, 0xfc, 0x01, 0x0a, 0xc6, 0x02, 0xfd, 0x01, 0x0a, 0xc6, 0x06, 0x00,
    0x01, 0x0a, 0xc6, 0x06, 0x02, 0x01, 0x0a, 0xc6, 0x06, 0x05, 0x01, 0x0a,
    0xc6, 0x02, 0xea, 0x01, 0x0a, 0xc7, 0x00, 0xff, 0xff, 0xff, 0xff, 0xff,
    0xff, 0xff, 0xff, 0x21, 0x01, 0x07, 0x05, 0x07, 0x05, 0x07, 0x05, 0x07,
    0x05, 0x05, 0x0d, 0x09, 0x05, 0x05, 0x05, 0x05, 0x05, 0x09, 0x09, 0x05,
    0x05, 0x05, 0x05, 0x05, 0x09, 0x05, 0x0d, 0x05, 0x05, 0x00, 0x00, 0x00,
    0x00, 0x00, 0x00, 0x00, 0x2a, 0x00, 0x00, 0x00, 0x00, 0x00, 0x00, 0x00,
    0x14, 0x00, 0x00, 0x00, 0x00, 0x00, 0x00, 0x00, 0x56, 0x00, 0x00, 0x00,
    0x00, 0x00, 0x00, 0x00, 0x57, 0x00, 0x00, 0x00, 0x00, 0x00, 0x00, 0x00,
    0x27, 0x29, 0x01, 0x01, 0xb1, 0x21, 0x03, 0x01, 0x27, 0x29, 0x01, 0x01,
    0xb1, 0x21, 0x03, 0x01, 0x27, 0x29, 0x01, 0x01, 0x27, 0x29, 0x01, 0x01,
    0x01, 0x03, 0x9b, 0x06, 0x53, 0xbd, 0x01, 0x01, 0x01, 0x01, 0x01, 0x01,
    0x01, 0x01, 0x02, 0xf5, 0x01, 0xa1, 0xa3, 0xa3, 0x16, 0x7f, 0x06, 0x08,
    0x0a, 0xbf, 0x05, 0x0a, 0xc7, 0x0b, 0x02, 0xf5, 0xbb, 0x3b, 0x73, 0x01,
    0x33, 0x00, 0xff, 0xff, 0xff, 0xff, 0xff, 0xff, 0xff, 0xff, 0x1d, 0x00,
    0xff, 0xff, 0xff, 0xff, 0xff, 0xff, 0xff, 0xff, 0x33, 0x03, 0x01, 0x09,
    0x01, 0x0d, 0x0f, 0x01, 0x01, 0xbd, 0x1f, 0x0b, 0x5f, 0x62, 0x69, 0x31,
    0x33, 0x01, 0x75, 0x0a, 0xcd, 0x06, 0x11, 0x13, 0x0a, 0xce, 0x00, 0xff,
    0xff, 0xff, 0xff, 0xff, 0xff, 0xff, 0xff, 0x21, 0x01, 0x07, 0x00, 0x00,
    0x01, 0x03, 0x09, 0x41, 0x15, 0x01, 0x01, 0x01, 0x01, 0x01, 0x01, 0x01,
    0x01, 0x2d, 0x01, 0xb3, 0xb5, 0xb5, 0x16, 0x99, 0x06, 0x14, 0x0a, 0xcc,
    0x05, 0x0a, 0xce, 0x0b, 0x2d, 0x0b, 0x05, 0x03, 0x01, 0x03, 0x00, 0xff,
    0xff, 0xff, 0xff, 0xff, 0xff, 0xff, 0xff, 0x1f, 0x00, 0xff, 0xff, 0xff,
    0xff, 0xff, 0xff, 0xff, 0xff, 0x03, 0x03, 0x01, 0x01, 0x01, 0x01, 0x03,
    0x01, 0x01, 0x23, 0x25, 0xbb, 0x63, 0x75, 0x0a, 0xd1, 0x06, 0x18, 0x07,
    0x0a, 0xd1, 0x06, 0x19, 0x01, 0x0a, 0xd1, 0x06, 0x18, 0x01, 0x0a, 0xd2,
    0x00, 0xff, 0xff, 0xff, 0xff, 0xff, 0xff, 0xff, 0xff, 0x09, 0x01, 0x03,
    0x05, 0x05, 0x00, 0x00, 0x00, 0x00, 0x00, 0x00, 0xbd, 0x29, 0x03, 0x01,
    0x01, 0x07, 0x0d, 0x5f, 0x0b, 0x01, 0x01, 0x01, 0x01, 0x01, 0x01, 0x01,
    0x01, 0x55, 0x01, 0xb7, 0xb9, 0xb9, 0x16, 0xa1, 0x06, 0x1d, 0x0a, 0xd0,
    0x05, 0x0a, 0xd2, 0x0b, 0x55, 0x1f, 0x09, 0x0b, 0x01, 0x0b, 0x03, 0x21,
    0x00, 0xff, 0xff, 0xff, 0xff, 0xff, 0xff, 0xff, 0xff, 0x0b, 0x03, 0x01,
    0x01, 0x01, 0x03, 0x05, 0x01, 0x01, 0xbd, 0x21, 0x0b, 0x5f, 0x62, 0x69,
    0x31, 0x34, 0x01, 0x75, 0x0a, 0xe2, 0x06, 0x23, 0x13, 0x0a, 0xe5, 0x00,
    0xff, 0xff, 0xff, 0xff, 0xff, 0xff, 0xff, 0xff, 0x21, 0x01, 0x07, 0x00,
    0x01, 0x03, 0x09, 0x3f, 0x15, 0x01, 0x01, 0x01, 0x01, 0x01, 0x01, 0x01,
    0x01, 0x2b, 0x01, 0xbf, 0xc1, 0xc1, 0x16, 0xc3, 0x06, 0x26, 0x0a, 0xe1,
    0x05, 0x0a, 0xe5, 0x0b, 0x2b, 0x09, 0x05, 0x03, 0x01, 0x03, 0x00, 0xff,
    0xff, 0xff, 0xff, 0xff, 0xff, 0xff, 0xff, 0x23, 0x00, 0xff, 0xff, 0xff,
    0xff, 0xff, 0xff, 0xff, 0xff, 0x03, 0x03, 0x01, 0x01, 0x01, 0x01, 0x03,
    0x01, 0x01, 0xbd, 0x23, 0x0b, 0x5f, 0x62, 0x69, 0x31, 0x35, 0x01, 0x75,
    0x0a, 0xf5, 0x06, 0x2b, 0x13, 0x0a, 0xf8, 0x00, 0xff, 0xff, 0xff, 0xff,
    0xff, 0xff, 0xff, 0xff, 0x21, 0x01, 0x07, 0x00, 0x00, 0x00, 0x00, 0x00,
    0x01, 0x03, 0x09, 0x47, 0x15, 0x01, 0x01, 0x01, 0x01, 0x01, 0x01, 0x01,
    0x01, 0x33, 0x01, 0xc3, 0xc5, 0xc5, 0x16, 0xe9, 0x06, 0x2e, 0x0a, 0xf4,
    0x05, 0x0a, 0xf8, 0x0b, 0x33, 0x11, 0x05, 0x03, 0x01, 0x03, 0x00, 0xff,
    0xff, 0xff, 0xff, 0xff, 0xff, 0xff, 0xff, 0x25, 0x00, 0xff, 0xff, 0xff,
    0xff, 0xff, 0xff, 0xff, 0xff, 0x03, 0x03, 0x01, 0x01, 0x01, 0x01, 0x03,
    0x01, 0x01, 0xbd, 0x25, 0x0b, 0x5f, 0x62, 0x69, 0x31, 0x36, 0x01, 0x75,
    0x0e, 0x06, 0x06, 0x35, 0x13, 0x0e, 0x09, 0x00, 0xff, 0xff, 0xff, 0xff,
    0xff, 0xff, 0xff, 0xff, 0x21, 0x01, 0x07, 0x00, 0x00, 0x00, 0x00, 0x00,
    0x4b, 0x00, 0x00, 0x00, 0x00, 0x00, 0x00, 0x00, 0x01, 0x03, 0x09, 0x57,
    0x15, 0x03, 0x03, 0x03, 0x01, 0x01, 0x01, 0x01, 0x01, 0x43, 0x01, 0xc7,
    0xc9, 0xc9, 0x1a, 0x0b, 0x06, 0x38, 0x0e, 0x05, 0x05, 0x0e, 0x09, 0x0b,
    0x43, 0x21, 0x05, 0x13, 0x01, 0x03, 0x00, 0xff, 0xff, 0xff, 0xff, 0xff,
    0xff, 0xff, 0xff, 0x27, 0x00, 0xff, 0xff, 0xff, 0xff, 0xff, 0xff, 0xff,
    0xff, 0x03, 0x03, 0x01, 0x03, 0x01, 0x01, 0x03, 0x01, 0x01, 0xbf, 0x09,
    0x7d, 0x09, 0xbb, 0x27, 0x0b, 0x5f, 0x62, 0x69, 0x31, 0x37, 0x01, 0x75,
    0xbd, 0x29, 0x0b, 0x5f, 0x62, 0x69, 0x31, 0x38, 0x01, 0x75, 0x00, 0x00,
    0x67, 0x00, 0x00, 0x00, 0x00, 0x00, 0x00, 0x00, 0x3d, 0x00, 0x00, 0x00,
    0x00, 0x00, 0x00, 0x00, 0x01, 0x00, 0x00, 0x00, 0x00, 0x00, 0x00, 0x00,
    0x02, 0x00, 0x00, 0x00, 0x00, 0x00, 0x00, 0x00, 0xf8, 0x0d, 0x00, 0x00,
    0x00, 0x00, 0x00, 0x00, 0x00, 0x0e, 0x00, 0x00, 0x00, 0x00, 0x00, 0x00,
    0x0e, 0x2f, 0x06, 0x43, 0x13, 0x0e, 0x2f, 0x06, 0x43, 0x01, 0x0e, 0x30,
    0x06, 0x44, 0x03, 0x0e, 0x38, 0x00, 0xff, 0xff, 0xff, 0xff, 0xff, 0xff,
    0xff, 0xff, 0x21, 0x0e, 0x34, 0x06, 0x47, 0x03, 0x0e, 0x38, 0x00, 0xff,
    0xff, 0xff, 0xff, 0xff, 0xff, 0xff, 0xff, 0x21, 0x01, 0x05, 0x05, 0x07,
    0x03, 0x07, 0x00, 0x00, 0x00, 0x00, 0x00, 0x00, 0x4b, 0x00, 0x00, 0x00,
    0x00, 0x00, 0x00, 0x00, 0x67, 0x00, 0x00, 0x00, 0x00, 0x00, 0x00, 0x00,
    0x00, 0x00, 0x00, 0x00, 0x00, 0x00, 0x00, 0x00, 0x01, 0x03, 0x19, 0x02,
    0x9b, 0x31, 0x23, 0x07, 0x03, 0x01, 0x01, 0x01, 0x01, 0x01, 0x02, 0x83,
    0x3a, 0x08, 0xcb, 0xcd, 0xcd, 0x1a, 0x5d, 0x06, 0x4b, 0x0e, 0x2e, 0x05,
    0x0e, 0x38, 0x0b, 0xa3, 0x4b, 0x0d, 0x33, 0x01, 0x03, 0x00, 0xff, 0xff,
    0xff, 0xff, 0xff, 0xff, 0xff, 0xff, 0x29, 0x00, 0xff, 0xff, 0xff, 0xff,
    0xff, 0xff, 0xff, 0xff, 0x03, 0x03, 0x01, 0x07, 0x01, 0x01, 0x03, 0x01,
    0x01, 0xbd, 0x2b, 0x25, 0x72, 0x61, 0x63, 0x74, 0x6f, 0x72, 0x5f, 0x6c,
    0x6f, 0x63, 0x61, 0x6c, 0x5f, 0x76, 0x61, 0x6c, 0x75, 0x65, 0x01, 0x75,
    0x0e, 0x3c, 0x06, 0x54, 0x13, 0x0e, 0x3d, 0x00, 0xff, 0xff, 0xff, 0xff,
    0xff, 0xff, 0xff, 0xff, 0x21, 0x01, 0x07, 0x00, 0x00, 0x00, 0x00, 0x00,
    0x6a, 0x00, 0x00, 0x00, 0x00, 0x00, 0x00, 0x00, 0x01, 0x03, 0x09, 0x71,
    0x2f, 0x03, 0x03, 0x03, 0x01, 0x01, 0x01, 0x01, 0x01, 0x43, 0x01, 0xd1,
    0xd3, 0xd3, 0x1a, 0x77, 0x06, 0x55, 0x0e, 0x3b, 0x05, 0x0e, 0x3d, 0x0b,
    0x43, 0x21, 0x05, 0x13, 0x01, 0x03, 0x00, 0xff, 0xff, 0xff, 0xff, 0xff,
    0xff, 0xff, 0xff, 0x2b, 0x00, 0xff, 0xff, 0xff, 0xff, 0xff, 0xff, 0xff,
    0xff, 0x03, 0x03, 0x01, 0x03, 0x01, 0x01, 0x03, 0x01, 0x01, 0xbd, 0x2d,
    0x2d, 0x72, 0x61, 0x63, 0x74, 0x6f, 0x72, 0x5f, 0x6c, 0x6f, 0x63, 0x61,
    0x6c, 0x5f, 0x76, 0x61, 0x6c, 0x75, 0x65, 0x5f, 0x73, 0x65, 0x74, 0x01,
    0x75, 0x0e, 0x41, 0x06, 0x61, 0x13, 0x0e, 0x42, 0x00, 0xff, 0xff, 0xff,
    0xff, 0xff, 0xff, 0xff, 0xff, 0x21, 0x01, 0x07, 0x00, 0x00, 0x00, 0x00,
    0x6a, 0x00, 0x00, 0x00, 0x00, 0x00, 0x00, 0x00, 0x6d, 0x00, 0x00, 0x00,
    0x00, 0x00, 0x00, 0x00, 0x01, 0x03, 0x09, 0x87, 0x37, 0x03, 0x05, 0x05,
    0x01, 0x01, 0x01, 0x01, 0x01, 0x51, 0x01, 0xd7, 0xd9, 0xd9, 0x1a, 0x81,
    0x06, 0x62, 0x0e, 0x40, 0x05, 0x0e, 0x42, 0x0b, 0x51, 0x2f, 0x05, 0x23,
    0x01, 0x03, 0x00, 0xff, 0xff, 0xff, 0xff, 0xff, 0xff, 0xff, 0xff, 0x2d,
    0x00, 0xff, 0xff, 0xff, 0xff, 0xff, 0xff, 0xff, 0xff, 0x03, 0x03, 0x01,
    0x05, 0x01, 0x01, 0x03, 0x01, 0x01, 0xbd, 0x2f, 0x0b, 0x5f, 0x62, 0x69,
    0x31, 0x39, 0x01, 0x75, 0x0e, 0x46, 0x06, 0x68, 0x13, 0x0e, 0x49, 0x00,
    0xff, 0xff, 0xff, 0xff, 0xff, 0xff, 0xff, 0xff, 0x21, 0x01, 0x07, 0x00,
    0x00, 0x00, 0x00, 0x00, 0x01, 0x03, 0x09, 0x47, 0x15, 0x01, 0x01, 0x01,
    0x01, 0x01, 0x01, 0x01, 0x01, 0x33, 0x01, 0xdd, 0xdf, 0xdf, 0x1a, 0x8b,
    0x06, 0x6b, 0x0e, 0x45, 0x05, 0x0e, 0x49, 0x0b, 0x33, 0x11, 0x05, 0x03,
    0x01, 0x03, 0x00, 0xff, 0xff, 0xff, 0xff, 0xff, 0xff, 0xff, 0xff, 0x2f,
    0x00, 0xff, 0xff, 0xff, 0xff, 0xff, 0xff, 0xff, 0xff, 0x03, 0x03, 0x01,
    0x01, 0x01, 0x01, 0x03, 0x01, 0x01, 0x00, 0x00, 0x69, 0x00, 0x00, 0x00,
    0x8d, 0x02, 0x00, 0x00, 0x63, 0x04, 0x00, 0x00, 0xc1, 0x04, 0x00, 0x00,
    0x19, 0x05, 0x00, 0x00, 0x51, 0x06, 0x00, 0x00, 0xb1, 0x06, 0x00, 0x00,
    0x2d, 0x07, 0x00, 0x00, 0x89, 0x07, 0x00, 0x00, 0x01, 0x08, 0x00, 0x00,
    0x79, 0x08, 0x00, 0x00, 0x21, 0x09, 0x00, 0x00, 0xc9, 0x09, 0x00, 0x00,
    0x29, 0x0a, 0x00, 0x00, 0xb9, 0x0b, 0x00, 0x00, 0x19, 0x0c, 0x00, 0x00,
    0x85, 0x0c, 0x00, 0x00, 0xd9, 0x0c, 0x00, 0x00, 0x39, 0x0d, 0x00, 0x00,
    0xa1, 0x0d, 0x00, 0x00, 0x79, 0x0e, 0x00, 0x00, 0xf1, 0x0e, 0x00, 0x00,
    0x71, 0x0f, 0x00, 0x00, 0xd1, 0x0f, 0x00, 0x00, 0xf1, 0x11, 0x00, 0x00,
    0x47, 0x05, 0x05, 0x01, 0x45, 0x05, 0x23, 0x3c, 0x69, 0x6e, 0x74, 0x65,
    0x72, 0x6e, 0x61, 0x6c, 0x3a, 0x72, 0x61, 0x63, 0x74, 0x6f, 0x72, 0x3e,
    0x14, 0x05, 0x0d, 0x52, 0x61, 0x63, 0x74, 0x6f, 0x72, 0x00, 0x00, 0x00,
    0x47, 0x05, 0x05, 0x01, 0x45, 0x01, 0x1d, 0x3c, 0x63, 0x6c, 0x61, 0x73,
    0x73, 0x3a, 0x52, 0x61, 0x63, 0x74, 0x6f, 0x72, 0x3e, 0x00, 0x00, 0x00,
    0x14, 0x05, 0x07, 0x6e, 0x65, 0x77, 0x00, 0x00, 0x14, 0x05, 0x0f, 0x63,
    0x75, 0x72, 0x72, 0x65, 0x6e, 0x74, 0x00, 0x00, 0x14, 0x05, 0x0b, 0x63,
    0x6f, 0x75, 0x6e, 0x74, 0x14, 0x05, 0x0d, 0x73, 0x65, 0x6c, 0x65, 0x63,
    0x74, 0x00, 0x00, 0x00, 0x14, 0x05, 0x0f, 0x72, 0x65, 0x63, 0x65, 0x69,
    0x76, 0x65, 0x00, 0x00, 0x14, 0x05, 0x1d, 0x73, 0x69, 0x6e, 0x67, 0x6c,
    0x65, 0x74, 0x6f, 0x6e, 0x63, 0x6c, 0x61, 0x73, 0x73, 0x00, 0x00, 0x00,
    0x14, 0x05, 0x09, 0x72, 0x65, 0x63, 0x76, 0x00, 0x14, 0x05, 0x15, 0x72,
    0x65, 0x63, 0x65, 0x69, 0x76, 0x65, 0x5f, 0x69, 0x66, 0x00, 0x00, 0x00,
    0x14, 0x05, 0x09, 0x73, 0x65, 0x6e, 0x64, 0x00, 0x14, 0x05, 0x05, 0x3c,
    0x3c, 0x00, 0x00, 0x00, 0x14, 0x05, 0x0b, 0x79, 0x69, 0x65, 0x6c, 0x64,
    0x14, 0x05, 0x09, 0x74, 0x61, 0x6b, 0x65, 0x00, 0x14, 0x05, 0x0f, 0x69,
    0x6e, 0x73, 0x70, 0x65, 0x63, 0x74, 0x00, 0x00, 0x14, 0x05, 0x09, 0x74,
    0x6f, 0x5f, 0x73, 0x00, 0x14, 0x05, 0x09, 0x6e, 0x61, 0x6d, 0x65, 0x00,
    0x14, 0x05, 0x17, 0x52, 0x65, 0x6d, 0x6f, 0x74, 0x65, 0x45, 0x72, 0x72,
    0x6f, 0x72, 0x00, 0x00, 0x14, 0x05, 0x1d, 0x63, 0x6c, 0x6f, 0x73, 0x65,
    0x5f, 0x69, 0x6e, 0x63, 0x6f, 0x6d, 0x69, 0x6e, 0x67, 0x00, 0x00, 0x00,
    0x14, 0x05, 0x1d, 0x63, 0x6c, 0x6f, 0x73, 0x65, 0x5f, 0x6f, 0x75, 0x74,
    0x67, 0x6f, 0x69, 0x6e, 0x67, 0x00, 0x00, 0x00, 0x14, 0x05, 0x15, 0x73,
    0x68, 0x61, 0x72, 0x65, 0x61, 0x62, 0x6c, 0x65, 0x3f, 0x00, 0x00, 0x00,
    0x14, 0x05, 0x1d, 0x6d, 0x61, 0x6b, 0x65, 0x5f, 0x73, 0x68, 0x61, 0x72,
    0x65, 0x61, 0x62, 0x6c, 0x65, 0x00, 0x00, 0x00, 0x14, 0x05, 0x05, 0x5b,
    0x5d, 0x00, 0x00, 0x00, 0x14, 0x05, 0x07, 0x5b, 0x5d, 0x3d, 0x00, 0x00,
    0x14, 0x05, 0x09, 0x6d, 0x61, 0x69, 0x6e, 0x00, 0x14, 0x05, 0x0f, 0x70,
    0x72, 0x69, 0x76, 0x61, 0x74, 0x65, 0x00, 0x00, 0x14, 0x05, 0x2b, 0x63,
    0x6f, 0x72, 0x65, 0x23, 0x73, 0x65, 0x74, 0x5f, 0x6d, 0x65, 0x74, 0x68,
    0x6f, 0x64, 0x5f, 0x61, 0x6c, 0x69, 0x61, 0x73, 0x47, 0x05, 0x05, 0x01,
    0x45, 0x05, 0x07, 0x6e, 0x65, 0x77, 0x00, 0x00, 0xf2, 0x29, 0x00, 0x00,
    0x14, 0x05, 0x1b, 0x41, 0x72, 0x67, 0x75, 0x6d, 0x65, 0x6e, 0x74, 0x45,
    0x72, 0x72, 0x6f, 0x72, 0x45, 0x03, 0x37, 0x6d, 0x75, 0x73, 0x74, 0x20,
    0x62, 0x65, 0x20, 0x63, 0x61, 0x6c, 0x6c, 0x65, 0x64, 0x20, 0x77, 0x69,
    0x74, 0x68, 0x20, 0x61, 0x20, 0x62, 0x6c, 0x6f, 0x63, 0x6b, 0x00, 0x00,
    0x45, 0x03, 0xf5, 0x52, 0x61, 0x63, 0x74, 0x6f, 0x72, 0x20, 0x69, 0x73,
    0x20, 0x65, 0x78, 0x70, 0x65, 0x72, 0x69, 0x6d, 0x65, 0x6e, 0x74, 0x61,
    0x6c, 0x2c, 0x20, 0x61, 0x6e, 0x64, 0x20, 0x74, 0x68, 0x65, 0x20, 0x62,
    0x65, 0x68, 0x61, 0x76, 0x69, 0x6f, 0x72, 0x20, 0x6d, 0x61, 0x79, 0x20,
    0x63, 0x68, 0x61, 0x6e, 0x67, 0x65, 0x20, 0x69, 0x6e, 0x20, 0x66, 0x75,
    0x74, 0x75, 0x72, 0x65, 0x20, 0x76, 0x65, 0x72, 0x73, 0x69, 0x6f, 0x6e,
    0x73, 0x20, 0x6f, 0x66, 0x20, 0x52, 0x75, 0x62, 0x79, 0x21, 0x20, 0x41,
    0x6c, 0x73, 0x6f, 0x20, 0x74, 0x68, 0x65, 0x72, 0x65, 0x20, 0x61, 0x72,
    0x65, 0x20, 0x6d, 0x61, 0x6e, 0x79, 0x20, 0x69, 0x6d, 0x70, 0x6c, 0x65,
    0x6d, 0x65, 0x6e, 0x74, 0x61, 0x74, 0x69, 0x6f, 0x6e, 0x20, 0x69, 0x73,
    0x73, 0x75, 0x65, 0x73, 0x2e, 0x00, 0x00, 0x00, 0x14, 0x05, 0x19, 0x65,
    0x78, 0x70, 0x65, 0x72, 0x69, 0x6d, 0x65, 0x6e, 0x74, 0x61, 0x6c, 0x00,
    0x45, 0x03, 0x03, 0x3a, 0x14, 0x05, 0x09, 0x61, 0x72, 0x67, 0x73, 0x00,
    0x14, 0x05, 0x0b, 0x62, 0x6c, 0x6f, 0x63, 0x6b, 0x14, 0x05, 0x03, 0x62,
    0x14, 0x05, 0x07, 0x6c, 0x6f, 0x63, 0x00, 0x00, 0x14, 0x05, 0x0b, 0x72,
    0x61, 0x69, 0x73, 0x65, 0x14, 0x05, 0x09, 0x77, 0x61, 0x72, 0x6e, 0x00,
    0x14, 0x05, 0x0f, 0x75, 0x70, 0x6c, 0x65, 0x76, 0x65, 0x6c, 0x00, 0x00,
    0x14, 0x05, 0x11, 0x63, 0x61, 0x74, 0x65, 0x67, 0x6f, 0x72, 0x79, 0x00,
    0x14, 0x05, 0x21, 0x63, 0x61, 0x6c, 0x6c, 0x65, 0x72, 0x5f, 0x6c, 0x6f,
    0x63, 0x61, 0x74, 0x69, 0x6f, 0x6e, 0x73, 0x00, 0x14, 0x05, 0x0b, 0x66,
    0x69, 0x72, 0x73, 0x74, 0x14, 0x05, 0x09, 0x70, 0x61, 0x74, 0x68, 0x00,
    0x14, 0x05, 0x0d, 0x6c, 0x69, 0x6e, 0x65, 0x6e, 0x6f, 0x00, 0x00, 0x00,
    0x47, 0x05, 0x05, 0x01, 0x45, 0x05, 0x0f, 0x63, 0x75, 0x72, 0x72, 0x65,
    0x6e, 0x74, 0x00, 0x00, 0x47, 0x05, 0x05, 0x01, 0x45, 0x05, 0x0b, 0x63,
    0x6f, 0x75, 0x6e, 0x74, 0x47, 0x05, 0x05, 0x01, 0x45, 0x05, 0x0d, 0x73,
    0x65, 0x6c, 0x65, 0x63, 0x74, 0x00, 0x00, 0x00, 0x45, 0x03, 0x59, 0x73,
    0x70, 0x65, 0x63, 0x69, 0x66, 0x79, 0x20, 0x61, 0x74, 0x20, 0x6c, 0x65,
    0x61, 0x73, 0x74, 0x20, 0x6f, 0x6e, 0x65, 0x20, 0x72, 0x61, 0x63, 0x74,
    0x6f, 0x72, 0x20, 0x6f, 0x72, 0x20, 0x60, 0x79, 0x69, 0x65, 0x6c, 0x64,
    0x5f, 0x76, 0x61, 0x6c, 0x75, 0x65, 0x60, 0x00, 0x14, 0x05, 0x17, 0x79,
    0x69, 0x65, 0x6c, 0x64, 0x5f, 0x76, 0x61, 0x6c, 0x75, 0x65, 0x00, 0x00,
    0x14, 0x05, 0x09, 0x6d, 0x6f, 0x76, 0x65, 0x00, 0xf6, 0x69, 0x00, 0x00,
    0xf3, 0x01, 0x00, 0x00, 0x14, 0x05, 0x0f, 0x72, 0x61, 0x63, 0x74, 0x6f,
    0x72, 0x73, 0x00, 0x00, 0x14, 0x05, 0x23, 0x79, 0x69, 0x65, 0x6c, 0x64,
    0x5f, 0x75, 0x6e, 0x73, 0x70, 0x65, 0x63, 0x69, 0x66, 0x69, 0x65, 0x64,
    0x14, 0x05, 0x0d, 0x65, 0x6d, 0x70, 0x74, 0x79, 0x3f, 0x00, 0x00, 0x00,
    0x47, 0x05, 0x05, 0x01, 0x45, 0x05, 0x0f, 0x72, 0x65, 0x63, 0x65, 0x69,
    0x76, 0x65, 0x00, 0x00, 0x47, 0x05, 0x05, 0x01, 0x45, 0x05, 0x1f, 0x73,
    0x69, 0x6e, 0x67, 0x6c, 0x65, 0x74, 0x6f, 0x6e, 0x20, 0x63, 0x6c, 0x61,
    0x73, 0x73, 0x00, 0x00, 0x47, 0x05, 0x05, 0x01, 0x47, 0x05, 0x05, 0x01,
    0x45, 0x05, 0x15, 0x72, 0x65, 0x63, 0x65, 0x69, 0x76, 0x65, 0x5f, 0x69,
    0x66, 0x00, 0x00, 0x00, 0x47, 0x05, 0x05, 0x01, 0x47, 0x05, 0x05, 0x01,
    0x45, 0x05, 0x09, 0x73, 0x65, 0x6e, 0x64, 0x00, 0x14, 0x05, 0x07, 0x6f,
    0x62, 0x6a, 0x00, 0x00, 0x47, 0x05, 0x05, 0x01, 0x45, 0x05, 0x0b, 0x79,
    0x69, 0x65, 0x6c, 0x64, 0x47, 0x05, 0x05, 0x01, 0x45, 0x05, 0x09, 0x74,
    0x61, 0x6b, 0x65, 0x00, 0x47, 0x05, 0x05, 0x01, 0x45, 0x05, 0x0f, 0x69,
    0x6e, 0x73, 0x70, 0x65, 0x63, 0x74, 0x00, 0x00, 0x45, 0x03, 0x15, 0x23,
    0x3c, 0x52, 0x61, 0x63, 0x74, 0x6f, 0x72, 0x3a, 0x23, 0x00, 0x00, 0x00,
    0x45, 0x03, 0x03, 0x20, 0x45, 0x03, 0x01, 0x00, 0x45, 0x03, 0x03, 0x3e,
    0x14, 0x05, 0x05, 0x69, 0x64, 0x00, 0x00, 0x00, 0x14, 0x05, 0x0d, 0x73,
    0x74, 0x61, 0x74, 0x75, 0x73, 0x00, 0x00, 0x00, 0x14, 0x05, 0x03, 0x2b,
    0x47, 0x05, 0x05, 0x01, 0x45, 0x05, 0x09, 0x6e, 0x61, 0x6d, 0x65, 0x00,
    0x47, 0x05, 0x05, 0x01, 0x45, 0x01, 0x27, 0x3c, 0x63, 0x6c, 0x61, 0x73,
    0x73, 0x3a, 0x52, 0x65, 0x6d, 0x6f, 0x74, 0x65, 0x45, 0x72, 0x72, 0x6f,
    0x72, 0x3e, 0x00, 0x00, 0x14, 0x05, 0x0d, 0x72, 0x61, 0x63, 0x74, 0x6f,
    0x72, 0x00, 0x00, 0x00, 0x14, 0x05, 0x17, 0x61, 0x74, 0x74, 0x72, 0x5f,
    0x72, 0x65, 0x61, 0x64, 0x65, 0x72, 0x00, 0x00, 0x47, 0x05, 0x05, 0x01,
    0x45, 0x05, 0x1d, 0x63, 0x6c, 0x6f, 0x73, 0x65, 0x5f, 0x69, 0x6e, 0x63,
    0x6f, 0x6d, 0x69, 0x6e, 0x67, 0x00, 0x00, 0x00, 0x47, 0x05, 0x05, 0x01,
    0x45, 0x05, 0x1d, 0x63, 0x6c, 0x6f, 0x73, 0x65, 0x5f, 0x6f, 0x75, 0x74,
    0x67, 0x6f, 0x69, 0x6e, 0x67, 0x00, 0x00, 0x00, 0x47, 0x05, 0x05, 0x01,
    0x45, 0x05, 0x15, 0x73, 0x68, 0x61, 0x72, 0x65, 0x61, 0x62, 0x6c, 0x65,
    0x3f, 0x00, 0x00, 0x00, 0x47, 0x05, 0x05, 0x01, 0x45, 0x05, 0x1d, 0x6d,
    0x61, 0x6b, 0x65, 0x5f, 0x73, 0x68, 0x61, 0x72, 0x65, 0x61, 0x62, 0x6c,
    0x65, 0x00, 0x00, 0x00, 0x14, 0x05, 0x09, 0x63, 0x6f, 0x70, 0x79, 0x00,
    0x47, 0x05, 0x05, 0x01, 0x45, 0x05, 0x05, 0x5b, 0x5d, 0x00, 0x00, 0x00,
    0x14, 0x05, 0x07, 0x73, 0x79, 0x6d, 0x00, 0x00, 0x47, 0x05, 0x05, 0x01,
    0x45, 0x05, 0x07, 0x5b, 0x5d, 0x3d, 0x00, 0x00, 0x14, 0x05, 0x07, 0x76,
    0x61, 0x6c, 0x00, 0x00, 0x47, 0x05, 0x05, 0x01, 0x45, 0x05, 0x09, 0x6d,
    0x61, 0x69, 0x6e, 0x00, 0x70, 0x10, 0x00, 0x00, 0x74, 0x10, 0x00, 0x00,
    0x78, 0x10, 0x00, 0x00, 0x8c, 0x10, 0x00, 0x00, 0x98, 0x10, 0x00, 0x00,
    0x9c, 0x10, 0x00, 0x00, 0xb0, 0x10, 0x00, 0x00, 0xb8, 0x10, 0x00, 0x00,
    0xc4, 0x10, 0x00, 0x00, 0xcc, 0x10, 0x00, 0x00, 0xd8, 0x10, 0x00, 0x00,
    0xe4, 0x10, 0x00, 0x00, 0xf8, 0x10, 0x00, 0x00, 0x00, 0x11, 0x00, 0x00,
    0x10, 0x11, 0x00, 0x00, 0x18, 0x11, 0x00, 0x00, 0x20, 0x11, 0x00, 0x00,
    0x28, 0x11, 0x00, 0x00, 0x30, 0x11, 0x00, 0x00, 0x3c, 0x11, 0x00, 0x00,
    0x44, 0x11, 0x00, 0x00, 0x4c, 0x11, 0x00, 0x00, 0x5c, 0x11, 0x00, 0x00,
    0x70, 0x11, 0x00, 0x00, 0x84, 0x11, 0x00, 0x00, 0x94, 0x11, 0x00, 0x00,
    0xa8, 0x11, 0x00, 0x00, 0xb0, 0x11, 0x00, 0x00, 0xb8, 0x11, 0x00, 0x00,
    0xc0, 0x11, 0x00, 0x00, 0xcc, 0x11, 0x00, 0x00, 0xe4, 0x11, 0x00, 0x00,
    0xe8, 0x11, 0x00, 0x00, 0xf0, 0x11, 0x00, 0x00, 0xf4, 0x11, 0x00, 0x00,
    0x04, 0x12, 0x00, 0x00, 0x24, 0x12, 0x00, 0x00, 0xa4, 0x12, 0x00, 0x00,
    0xb4, 0x12, 0x00, 0x00, 0xb8, 0x12, 0x00, 0x00, 0xc0, 0x12, 0x00, 0x00,
    0xc8, 0x12, 0x00, 0x00, 0xcc, 0x12, 0x00, 0x00, 0xd4, 0x12, 0x00, 0x00,
    0xdc, 0x12, 0x00, 0x00, 0xe4, 0x12, 0x00, 0x00, 0xf0, 0x12, 0x00, 0x00,
    0xfc, 0x12, 0x00, 0x00, 0x10, 0x13, 0x00, 0x00, 0x18, 0x13, 0x00, 0x00,
    0x20, 0x13, 0x00, 0x00, 0x2c, 0x13, 0x00, 0x00, 0x30, 0x13, 0x00, 0x00,
    0x3c, 0x13, 0x00, 0x00, 0x40, 0x13, 0x00, 0x00, 0x48, 0x13, 0x00, 0x00,
    0x4c, 0x13, 0x00, 0x00, 0x58, 0x13, 0x00, 0x00, 0x88, 0x13, 0x00, 0x00,
    0x98, 0x13, 0x00, 0x00, 0xa0, 0x13, 0x00, 0x00, 0xa4, 0x13, 0x00, 0x00,
    0xa8, 0x13, 0x00, 0x00, 0xb4, 0x13, 0x00, 0x00, 0xc8, 0x13, 0x00, 0x00,
    0xd4, 0x13, 0x00, 0x00, 0xd8, 0x13, 0x00, 0x00, 0xe4, 0x13, 0x00, 0x00,
    0xe8, 0x13, 0x00, 0x00, 0xfc, 0x13, 0x00, 0x00, 0x00, 0x14, 0x00, 0x00,
    0x04, 0x14, 0x00, 0x00, 0x14, 0x14, 0x00, 0x00, 0x18, 0x14, 0x00, 0x00,
    0x1c, 0x14, 0x00, 0x00, 0x24, 0x14, 0x00, 0x00, 0x2c, 0x14, 0x00, 0x00,
    0x30, 0x14, 0x00, 0x00, 0x38, 0x14, 0x00, 0x00, 0x3c, 0x14, 0x00, 0x00,
    0x44, 0x14, 0x00, 0x00, 0x48, 0x14, 0x00, 0x00, 0x54, 0x14, 0x00, 0x00,
    0x64, 0x14, 0x00, 0x00, 0x68, 0x14, 0x00, 0x00, 0x6c, 0x14, 0x00, 0x00,
    0x70, 0x14, 0x00, 0x00, 0x78, 0x14, 0x00, 0x00, 0x84, 0x14, 0x00, 0x00,
    0x88, 0x14, 0x00, 0x00, 0x8c, 0x14, 0x00, 0x00, 0x94, 0x14, 0x00, 0x00,
    0x98, 0x14, 0x00, 0x00, 0xb0, 0x14, 0x00, 0x00, 0xbc, 0x14, 0x00, 0x00,
    0xcc, 0x14, 0x00, 0x00, 0xd0, 0x14, 0x00, 0x00, 0xe4, 0x14, 0x00, 0x00,
    0xe8, 0x14, 0x00, 0x00, 0xfc, 0x14, 0x00, 0x00, 0x00, 0x15, 0x00, 0x00,
    0x10, 0x15, 0x00, 0x00, 0x14, 0x15, 0x00, 0x00, 0x28, 0x15, 0x00, 0x00,
    0x30, 0x15, 0x00, 0x00, 0x34, 0x15, 0x00, 0x00, 0x3c, 0x15, 0x00, 0x00,
    0x44, 0x15, 0x00, 0x00, 0x48, 0x15, 0x00, 0x00, 0x50, 0x15, 0x00, 0x00,
    0x58, 0x15, 0x00, 0x00, 0x5c, 0x15, 0x00, 0x00,
};

static const unsigned char numeric_bin[] = {
    0x59, 0x41, 0x52, 0x42, 0x03, 0x00, 0x00, 0x00, 0x01, 0x00, 0x00, 0x00,
    0xd4, 0x0e, 0x00, 0x00, 0x00, 0x00, 0x00, 0x00, 0x1b, 0x00, 0x00, 0x00,
    0x4c, 0x00, 0x00, 0x00, 0xc8, 0x0a, 0x00, 0x00, 0xa4, 0x0d, 0x00, 0x00,
    0x78, 0x38, 0x36, 0x5f, 0x36, 0x34, 0x2d, 0x64, 0x61, 0x72, 0x77, 0x69,
    0x6e, 0x32, 0x31, 0x00, 0x27, 0x07, 0x21, 0x5b, 0x07, 0x03, 0x01, 0x45,
    0x27, 0x07, 0x21, 0x5b, 0x09, 0x05, 0x01, 0x45, 0x27, 0x07, 0x21, 0x5b,
    0x0b, 0x07, 0x01, 0x75, 0x03, 0x01, 0x03, 0x03, 0x00, 0xff, 0xff, 0xff,
    0xff, 0xff, 0xff, 0xff, 0xff, 0x01, 0x03, 0x49, 0x01, 0x5f, 0x4b, 0x03,
    0x5f, 0x00, 0xff, 0xff, 0xff, 0xff, 0xff, 0xff, 0xff, 0xff, 0x01, 0x5f,
    0x02, 0xc5, 0x01, 0x02, 0xfe, 0x02, 0xd2, 0x03, 0x02, 0xfe, 0x00, 0xff,
    0xff, 0xff, 0xff, 0xff, 0xff, 0xff, 0xff, 0x01, 0x02, 0xfe, 0x06, 0x38,
    0x01, 0x02, 0xfe, 0x00, 0xff, 0xff, 0xff, 0xff, 0xff, 0xff, 0xff, 0xff,
    0x01, 0x01, 0x05, 0x03, 0x0b, 0x05, 0x03, 0x0b, 0x05, 0x03, 0x09, 0x00,
    0x00, 0x00, 0x00, 0x00, 0x01, 0x01, 0x31, 0xdb, 0x31, 0x01, 0x01, 0x01,
    0x01, 0x01, 0x01, 0x01, 0x01, 0xab, 0x01, 0x03, 0x05, 0x05, 0x03, 0x06,
    0x3a, 0x03, 0x01, 0x06, 0x4c, 0x07, 0xab, 0x21, 0x15, 0x03, 0x01, 0x03,
    0x00, 0xff, 0xff, 0xff, 0xff, 0xff, 0xff, 0xff, 0xff, 0x01, 0x00, 0xff,
    0xff, 0xff, 0xff, 0xff, 0xff, 0xff, 0xff, 0x03, 0x03, 0x01, 0x01, 0x03,
    0x01, 0x05, 0x01, 0x01, 0x5d, 0x11, 0x09, 0x5d, 0x13, 0x0b, 0x5d, 0x15,
    0x0d, 0x5d, 0x17, 0x0f, 0x25, 0x17, 0x75, 0x11, 0x07, 0x07, 0x2b, 0x19,
    0x03, 0x3f, 0x29, 0x03, 0x55, 0x39, 0x03, 0x55, 0x39, 0x01, 0x5b, 0x00,
    0xff, 0xff, 0xff, 0xff, 0xff, 0xff, 0xff, 0xff, 0x09, 0x01, 0x07, 0x07,
    0x07, 0x07, 0x05, 0x00, 0x00, 0x00, 0x00, 0x00, 0x01, 0x07, 0x1f, 0x6b,
    0x1f, 0x01, 0x01, 0x01, 0x01, 0x01, 0x01, 0x01, 0x01, 0x4d, 0x01, 0x0d,
    0x0f, 0x0f, 0x07, 0x47, 0x03, 0x01, 0x5b, 0x07, 0x4d, 0x19, 0x0d, 0x03,
    0x01, 0x03, 0x01, 0x03, 0x00, 0xff, 0xff, 0xff, 0xff, 0xff, 0xff, 0xff,
    0xff, 0x03, 0x03, 0x01, 0x01, 0x01, 0x01, 0x03, 0x01, 0x01, 0x5d, 0x1d,
    0x11, 0x5d, 0x1f, 0x13, 0x5d, 0x21, 0x15, 0x5d, 0x23, 0x17, 0x5d, 0x25,
    0x19, 0x5d, 0x13, 0x1b, 0x27, 0x03, 0x27, 0x05, 0x25, 0x27, 0x25, 0x21,
    0x63, 0x45, 0x5d, 0x29, 0x1d, 0x5d, 0x2b, 0x1f, 0x5d, 0x2d, 0x21, 0x5d,
    0x2f, 0x23, 0x5d, 0x31, 0x25, 0x5d, 0x33, 0x27, 0x25, 0x33, 0x75, 0x69,
    0x51, 0x07, 0x89, 0x71, 0x03, 0xa9, 0x8f, 0x03, 0x02, 0x82, 0xad, 0x03,
    0x02, 0x8b, 0xcb, 0x03, 0x02, 0x94, 0xe9, 0x03, 0x02, 0x98, 0xfb, 0x03,
    0x02, 0x98, 0xfb, 0x01, 0x02, 0x98, 0xf7, 0x01, 0x02, 0x98, 0xf9, 0x01,
    0x02, 0x98, 0xfb, 0x01, 0x02, 0xa4, 0x02, 0x80, 0x03, 0x02, 0xb4, 0x02,
    0x8f, 0x03, 0x02, 0xc7, 0x02, 0x97, 0x03, 0x02, 0xd2, 0x02, 0xa6, 0x03,
    0x02, 0xda, 0x02, 0xae, 0x03, 0x02, 0xe2, 0x02, 0xb6, 0x03, 0x02, 0xe2,
    0x02, 0xb6, 0x01, 0x02, 0xe6, 0x00, 0xff, 0xff, 0xff, 0xff, 0xff, 0xff,
    0xff, 0xff, 0x09, 0x01, 0x07, 0x07, 0x07, 0x07, 0x07, 0x07, 0x05, 0x05,
    0x05, 0x05, 0x07, 0x07, 0x07, 0x07, 0x07, 0x07, 0x07, 0x05, 0x00, 0x00,
    0x35, 0x21, 0x07, 0x01, 0x01, 0x07, 0x65, 0x02, 0xa3, 0x63, 0x01, 0x01,
    0x01, 0x01, 0x01, 0x01, 0x01, 0x01, 0xe5, 0x01, 0x19, 0x1b, 0x1b, 0xbf,
    0x02, 0xc4, 0x5f, 0x01, 0x02, 0xe6, 0x07, 0xe5, 0x35, 0x27, 0x0b, 0x01,
    0x0b, 0x01, 0x05, 0x00, 0xff, 0xff, 0xff, 0xff, 0xff, 0xff, 0xff, 0xff,
    0x0b, 0x03, 0x01, 0x01, 0x01, 0x03, 0x09, 0x01, 0x01, 0x5d, 0x3b, 0x29,
    0x5d, 0x21, 0x2b, 0x5d, 0x27, 0x2d, 0x5d, 0x1d, 0x2f, 0x5d, 0x33, 0x31,
    0x5d, 0x3d, 0x33, 0x5d, 0x3f, 0x35, 0x25, 0x3f, 0x75, 0x06, 0x05, 0x02,
    0xd5, 0x07, 0x06, 0x16, 0x02, 0xde, 0x03, 0x06, 0x1b, 0x02, 0xed, 0x03,
    0x06, 0x26, 0x02, 0xfc, 0x03, 0x06, 0x31, 0x06, 0x0b, 0x03, 0x06, 0x3c,
    0x06, 0x1a, 0x03, 0x06, 0x47, 0x06, 0x29, 0x03, 0x06, 0x47, 0x06, 0x29,
    0x01, 0x06, 0x4c, 0x00, 0xff, 0xff, 0xff, 0xff, 0xff, 0xff, 0xff, 0xff,
    0x09, 0x01, 0x07, 0x07, 0x07, 0x07, 0x07, 0x07, 0x07, 0x05, 0x00, 0x00,
    0x01, 0x07, 0x31, 0xb1, 0x31, 0x01, 0x01, 0x01, 0x01, 0x01, 0x01, 0x01,
    0x01, 0x81, 0x01, 0x37, 0x39, 0x39, 0x06, 0xfd, 0x06, 0x37, 0x02, 0xfe,
    0x01, 0x06, 0x4c, 0x07, 0x81, 0x19, 0x13, 0x03, 0x01, 0x03, 0x01, 0x07,
    0x00, 0xff, 0xff, 0xff, 0xff, 0xff, 0xff, 0xff, 0xff, 0x03, 0x03, 0x01,
    0x01, 0x01, 0x01, 0x03, 0x01, 0x01, 0x25, 0x45, 0x75, 0x13, 0x0b, 0x13,
    0x15, 0x00, 0xff, 0xff, 0xff, 0xff, 0xff, 0xff, 0xff, 0xff, 0x21, 0x01,
    0x05, 0x00, 0x00, 0x00, 0x00, 0x00, 0x00, 0x00, 0x01, 0x03, 0x07, 0x37,
    0x07, 0x01, 0x01, 0x01, 0x01, 0x01, 0x01, 0x01, 0x01, 0x31, 0x01, 0x41,
    0x43, 0x43, 0x23, 0x11, 0x11, 0x05, 0x15, 0x0b, 0x31, 0x15, 0x05, 0x03,
    0x01, 0x03, 0x00, 0xff, 0xff, 0xff, 0xff, 0xff, 0xff, 0xff, 0xff, 0x09,
    0x00, 0xff, 0xff, 0xff, 0xff, 0xff, 0xff, 0xff, 0xff, 0x03, 0x03, 0x01,
    0x01, 0x01, 0x01, 0x03, 0x01, 0x01, 0x25, 0x4b, 0x75, 0x2d, 0x1d, 0x13,
    0x2f, 0x00, 0xff, 0xff, 0xff, 0xff, 0xff, 0xff, 0xff, 0xff, 0x21, 0x01,
    0x05, 0x00, 0x00, 0x00, 0x01, 0x03, 0x07, 0x2f, 0x07, 0x01, 0x01, 0x01,
    0x01, 0x01, 0x01, 0x01, 0x01, 0x29, 0x01, 0x47, 0x49, 0x49, 0x57, 0x23,
    0x2b, 0x05, 0x2f, 0x0b, 0x29, 0x0d, 0x05, 0x03, 0x01, 0x03, 0x00, 0xff,
    0xff, 0xff, 0xff, 0xff, 0xff, 0xff, 0xff, 0x0b, 0x00, 0xff, 0xff, 0xff,
    0xff, 0xff, 0xff, 0xff, 0xff, 0x03, 0x03, 0x01, 0x01, 0x01, 0x01, 0x03,
    0x01, 0x01, 0x25, 0x45, 0x75, 0x41, 0x2d, 0x13, 0x43, 0x00, 0xff, 0xff,
    0xff, 0xff, 0xff, 0xff, 0xff, 0xff, 0x21, 0x01, 0x05, 0x00, 0x00, 0x00,
    0x01, 0x03, 0x07, 0x2f, 0x07, 0x01, 0x01, 0x01, 0x01, 0x01, 0x01, 0x01,
    0x01, 0x29, 0x01, 0x4d, 0x4f, 0x4f, 0x7f, 0x33, 0x3f, 0x05, 0x43, 0x0b,
    0x29, 0x0d, 0x05, 0x03, 0x01, 0x03, 0x00, 0xff, 0xff, 0xff, 0xff, 0xff,
    0xff, 0xff, 0xff, 0x0d, 0x00, 0xff, 0xff, 0xff, 0xff, 0xff, 0xff, 0xff,
    0xff, 0x03, 0x03, 0x01, 0x01, 0x01, 0x01, 0x03, 0x01, 0x01, 0x21, 0x75,
    0x55, 0x00, 0xff, 0xff, 0xff, 0xff, 0xff, 0xff, 0xff, 0xff, 0x11, 0x59,
    0x00, 0xff, 0xff, 0xff, 0xff, 0xff, 0xff, 0xff, 0xff, 0x21, 0x01, 0x03,
    0x00, 0x00, 0x00, 0x00, 0x01, 0x03, 0x05, 0x3f, 0x05, 0x01, 0x01, 0x01,
    0x01, 0x01, 0x01, 0x01, 0x01, 0x3b, 0x01, 0x51, 0x53, 0x53, 0xab, 0x43,
    0x55, 0x05, 0x59, 0x0b, 0x3b, 0x0f, 0x05, 0x03, 0x01, 0x03, 0x00, 0xff,
    0xff, 0xff, 0xff, 0xff, 0xff, 0xff, 0xff, 0x0f, 0x00, 0xff, 0xff, 0xff,
    0xff, 0xff, 0xff, 0xff, 0xff, 0x03, 0x03, 0x01, 0x01, 0x01, 0x01, 0x03,
    0x01, 0x01, 0xbd, 0x01, 0x09, 0x5f, 0x62, 0x69, 0x30, 0x01, 0x75, 0x6d,
    0x63, 0x13, 0x6f, 0x00, 0xff, 0xff, 0xff, 0xff, 0xff, 0xff, 0xff, 0xff,
    0x21, 0x01, 0x07, 0x00, 0x00, 0x00, 0x00, 0x00, 0x01, 0x03, 0x09, 0x3f,
    0x13, 0x01, 0x01, 0x01, 0x01, 0x01, 0x01, 0x01, 0x01, 0x2d, 0x01, 0x55,
    0x57, 0x57, 0xd3, 0x69, 0x69, 0x05, 0x6f, 0x0b, 0x2d, 0x11, 0x05, 0x03,
    0x01, 0x03, 0x00, 0xff, 0xff, 0xff, 0xff, 0xff, 0xff, 0xff, 0xff, 0x11,
    0x00, 0xff, 0xff, 0xff, 0xff, 0xff, 0xff, 0xff, 0xff, 0x03, 0x03, 0x01,
    0x01, 0x01, 0x01, 0x03, 0x01, 0x03, 0xbd, 0x03, 0x09, 0x5f, 0x62, 0x69,
    0x31, 0x01, 0x75, 0x8d, 0x83, 0x13, 0x8f, 0x00, 0xff, 0xff, 0xff, 0xff,
    0xff, 0xff, 0xff, 0xff, 0x21, 0x01, 0x07, 0x00, 0x00, 0x00, 0x00, 0x00,
    0x01, 0x03, 0x09, 0x3f, 0x13, 0x01, 0x01, 0x01, 0x01, 0x01, 0x01, 0x01,
    0x01, 0x2d, 0x01, 0x59, 0x5b, 0x5b, 0x02, 0x89, 0x89, 0x89, 0x05, 0x8f,
    0x0b, 0x2d, 0x11, 0x05, 0x03, 0x01, 0x03, 0x00, 0xff, 0xff, 0xff, 0xff,
    0xff, 0xff, 0xff, 0xff, 0x13, 0x00, 0xff, 0xff, 0xff, 0xff, 0xff, 0xff,
    0xff, 0xff, 0x03, 0x03, 0x01, 0x01, 0x01, 0x01, 0x03, 0x01, 0x03, 0xbd,
    0x05, 0x09, 0x5f, 0x62, 0x69, 0x32, 0x01, 0x75, 0xad, 0xa1, 0x13, 0xaf,
    0x00, 0xff, 0xff, 0xff, 0xff, 0xff, 0xff, 0xff, 0xff, 0x21, 0x01, 0x07,
    0x00, 0x00, 0x00, 0x00, 0x01, 0x03, 0x09, 0x3d, 0x13, 0x01, 0x01, 0x01,
    0x01, 0x01, 0x01, 0x01, 0x01, 0x2b, 0x01, 0x5d, 0x5f, 0x5f, 0x02, 0xa9,
    0xa7, 0xa9, 0x05, 0xaf, 0x0b, 0x2b, 0x0f, 0x05, 0x03, 0x01, 0x03, 0x00,
    0xff, 0xff, 0xff, 0xff, 0xff, 0xff, 0xff, 0xff, 0x15, 0x00, 0xff, 0xff,
    0xff, 0xff, 0xff, 0xff, 0xff, 0xff, 0x03, 0x03, 0x01, 0x01, 0x01, 0x01,
    0x03, 0x01, 0x03, 0xbd, 0x07, 0x09, 0x5f, 0x62, 0x69, 0x33, 0x01, 0x75,
    0x02, 0x84, 0xbf, 0x13, 0x02, 0x85, 0x00, 0xff, 0xff, 0xff, 0xff, 0xff,
    0xff, 0xff, 0xff, 0x21, 0x01, 0x07, 0x00, 0x00, 0x01, 0x03, 0x09, 0x3d,
    0x13, 0x01, 0x01, 0x01, 0x01, 0x01, 0x01, 0x01, 0x01, 0x2b, 0x01, 0x61,
    0x63, 0x63, 0x06, 0x05, 0xc5, 0x02, 0x82, 0x05, 0x02, 0x85, 0x0b, 0x2b,
    0x0b, 0x05, 0x03, 0x01, 0x03, 0x00, 0xff, 0xff, 0xff, 0xff, 0xff, 0xff,
    0xff, 0xff, 0x17, 0x00, 0xff, 0xff, 0xff, 0xff, 0xff, 0xff, 0xff, 0xff,
    0x03, 0x03, 0x01, 0x01, 0x01, 0x01, 0x03, 0x01, 0x03, 0xbd, 0x09, 0x09,
    0x5f, 0x62, 0x69, 0x34, 0x01, 0x75, 0x02, 0x8d, 0xdd, 0x13, 0x02, 0x8e,
    0x00, 0xff, 0xff, 0xff, 0xff, 0xff, 0xff, 0xff, 0xff, 0x21, 0x01, 0x07,
    0x01, 0x03, 0x09, 0x39, 0x13, 0x01, 0x01, 0x01, 0x01, 0x01, 0x01, 0x01,
    0x01, 0x27, 0x01, 0x65, 0x67, 0x67, 0x06, 0x17, 0xe3, 0x02, 0x8b, 0x05,
    0x02, 0x8e, 0x0b, 0x27, 0x07, 0x05, 0x03, 0x01, 0x03, 0x00, 0xff, 0xff,
    0xff, 0xff, 0xff, 0xff, 0xff, 0xff, 0x19, 0x00, 0xff, 0xff, 0xff, 0xff,
    0xff, 0xff, 0xff, 0xff, 0x03, 0x03, 0x01, 0x01, 0x01, 0x01, 0x03, 0x01,
    0x03, 0x25, 0x45, 0x75, 0x02, 0x95, 0xed, 0x13, 0x02, 0x96, 0x00, 0xff,
    0xff, 0xff, 0xff, 0xff, 0xff, 0xff, 0xff, 0x21, 0x01, 0x05, 0x00, 0x00,
    0x00, 0x00, 0x00, 0x00, 0x01, 0x03, 0x07, 0x39, 0x07, 0x01, 0x01, 0x01,
    0x01, 0x01, 0x01, 0x01, 0x01, 0x33, 0x01, 0x69, 0x49, 0x49, 0x06, 0x29,
    0xf3, 0x02, 0x94, 0x05, 0x02, 0x96, 0x0b, 0x33, 0x13, 0x05, 0x03, 0x01,
    0x03, 0x00, 0xff, 0xff, 0xff, 0xff, 0xff, 0xff, 0xff, 0xff, 0x1b, 0x00,
    0xff, 0xff, 0xff, 0xff, 0xff, 0xff, 0xff, 0xff, 0x03, 0x03, 0x01, 0x01,
    0x01, 0x01, 0x03, 0x01, 0x01, 0xbd, 0x0b, 0x09, 0x5f, 0x62, 0x69, 0x35,
    0x01, 0x75, 0x02, 0xa6, 0x02, 0x89, 0x13, 0x02, 0xa7, 0x00, 0xff, 0xff,
    0xff, 0xff, 0xff, 0xff, 0xff, 0xff, 0x21, 0x01, 0x07, 0x00, 0x00, 0x00,
    0x00, 0x00, 0x00, 0x00, 0x01, 0x03, 0x09, 0x49, 0x13, 0x01, 0x01, 0x01,
    0x01, 0x01, 0x01, 0x01, 0x01, 0x37, 0x01, 0x6b, 0x6d, 0x6d, 0x06, 0x49,
    0x02, 0x8c, 0x02, 0xa4, 0x05, 0x02, 0xa7, 0x0b, 0x37, 0x15, 0x05, 0x03,
    0x01, 0x03, 0x00, 0xff, 0xff, 0xff, 0xff, 0xff, 0xff, 0xff, 0xff, 0x1d,
    0x00, 0xff, 0xff, 0xff, 0xff, 0xff, 0xff, 0xff, 0xff, 0x03, 0x03, 0x01,
    0x01, 0x01, 0x01, 0x03, 0x01, 0x03, 0x23, 0x75, 0x02, 0xb5, 0x02, 0x91,
    0x13, 0x02, 0xb6, 0x00, 0xff, 0xff, 0xff, 0xff, 0xff, 0xff, 0xff, 0xff,
    0x21, 0x01, 0x03, 0x00, 0x00, 0x00, 0x00, 0x00, 0x01, 0x03, 0x05, 0x37,
    0x05, 0x01, 0x01, 0x01, 0x01, 0x01, 0x01, 0x01, 0x01, 0x33, 0x01, 0x6f,
    0x71, 0x71, 0x06, 0x69, 0x02, 0x94, 0x02, 0xb4, 0x05, 0x02, 0xb6, 0x0b,
    0x33, 0x11, 0x05, 0x03, 0x01, 0x03, 0x00, 0xff, 0xff, 0xff, 0xff, 0xff,
    0xff, 0xff, 0xff, 0x1f, 0x00, 0xff, 0xff, 0xff, 0xff, 0xff, 0xff, 0xff,
    0xff, 0x03, 0x03, 0x01, 0x01, 0x01, 0x01, 0x03, 0x01, 0x01, 0xbd, 0x0d,
    0x09, 0x5f, 0x62, 0x69, 0x36, 0x01, 0x75, 0x02, 0xc9, 0x02, 0xa0, 0x13,
    0x02, 0xca, 0x00, 0xff, 0xff, 0xff, 0xff, 0xff, 0xff, 0xff, 0xff, 0x21,
    0x01, 0x07, 0x00, 0x00, 0x00, 0x00, 0x00, 0x00, 0x01, 0x03, 0x09, 0x47,
    0x13, 0x01, 0x01, 0x01, 0x01, 0x01, 0x01, 0x01, 0x01, 0x35, 0x01, 0x73,
    0x75, 0x75, 0x06, 0x8f, 0x02, 0xa3, 0x02, 0xc7, 0x05, 0x02, 0xca, 0x0b,
    0x35, 0x13, 0x05, 0x03, 0x01, 0x03, 0x00, 0xff, 0xff, 0xff, 0xff, 0xff,
    0xff, 0xff, 0xff, 0x21, 0x00, 0xff, 0xff, 0xff, 0xff, 0xff, 0xff, 0xff,
    0xff, 0x03, 0x03, 0x01, 0x01, 0x01, 0x01, 0x03, 0x01, 0x03, 0x23, 0x75,
    0x02, 0xd3, 0x02, 0xa8, 0x13, 0x02, 0xd4, 0x00, 0xff, 0xff, 0xff, 0xff,
    0xff, 0xff, 0xff, 0xff, 0x21, 0x01, 0x03, 0x00, 0x00, 0x00, 0x00, 0x00,
    0x01, 0x03, 0x05, 0x37, 0x05, 0x01, 0x01, 0x01, 0x01, 0x01, 0x01, 0x01,
    0x01, 0x33, 0x01, 0x77, 0x79, 0x79, 0x06, 0xa5, 0x02, 0xab, 0x02, 0xd2,
    0x05, 0x02, 0xd4, 0x0b, 0x33, 0x11, 0x05, 0x03, 0x01, 0x03, 0x00, 0xff,
    0xff, 0xff, 0xff, 0xff, 0xff, 0xff, 0xff, 0x23, 0x00, 0xff, 0xff, 0xff,
    0xff, 0xff, 0xff, 0xff, 0xff, 0x03, 0x03, 0x01, 0x01, 0x01, 0x01, 0x03,
    0x01, 0x01, 0x23, 0x75, 0x02, 0xdb, 0x02, 0xb0, 0x13, 0x02, 0xdc, 0x00,
    0xff, 0xff, 0xff, 0xff, 0xff, 0xff, 0xff, 0xff, 0x21, 0x01, 0x03, 0x00,
    0x00, 0x00, 0x00, 0x00, 0x01, 0x03, 0x05, 0x37, 0x05, 0x01, 0x01, 0x01,
    0x01, 0x01, 0x01, 0x01, 0x01, 0x33, 0x01, 0x7b, 0x7d, 0x7d, 0x06, 0xb5,
    0x02, 0xb3, 0x02, 0xda, 0x05, 0x02, 0xdc, 0x0b, 0x33, 0x11, 0x05, 0x03,
    0x01, 0x03, 0x00, 0xff, 0xff, 0xff, 0xff, 0xff, 0xff, 0xff, 0xff, 0x25,
    0x00, 0xff, 0xff, 0xff, 0xff, 0xff, 0xff, 0xff, 0xff, 0x03, 0x03, 0x01,
    0x01, 0x01, 0x01, 0x03, 0x01, 0x01, 0xbd, 0x0f, 0x09, 0x5f, 0x62, 0x69,
    0x37, 0x01, 0x75, 0x02, 0xe4, 0x02, 0xbf, 0x13, 0x02, 0xe5, 0x00, 0xff,
    0xff, 0xff, 0xff, 0xff, 0xff, 0xff, 0xff, 0x21, 0x01, 0x07, 0x00, 0x00,
    0x00, 0x00, 0x00, 0x00, 0x01, 0x03, 0x09, 0x47, 0x13, 0x01, 0x01, 0x01,
    0x01, 0x01, 0x01, 0x01, 0x01, 0x35, 0x01, 0x7f, 0x81, 0x81, 0x06, 0xc5,
    0x02, 0xc2, 0x02, 0xe2, 0x05, 0x02, 0xe5, 0x0b, 0x35, 0x13, 0x05, 0x03,
    0x01, 0x03, 0x00, 0xff, 0xff, 0xff, 0xff, 0xff, 0xff, 0xff, 0xff, 0x27,
    0x00, 0xff, 0xff, 0xff, 0xff, 0xff, 0xff, 0xff, 0xff, 0x03, 0x03, 0x01,
    0x01, 0x01, 0x01, 0x03, 0x01, 0x03, 0x23, 0x75, 0x06, 0x06, 0x02, 0xd7,
    0x13, 0x06, 0x07, 0x00, 0xff, 0xff, 0xff, 0xff, 0xff, 0xff, 0xff, 0xff,
    0x21, 0x01, 0x03, 0x00, 0x00, 0x00, 0x00, 0x00, 0x01, 0x03, 0x05, 0x37,
    0x05, 0x01, 0x01, 0x01, 0x01, 0x01, 0x01, 0x01, 0x01, 0x33, 0x01, 0x83,
    0x85, 0x85, 0x0a, 0x0b, 0x02, 0xda, 0x06, 0x05, 0x05, 0x06, 0x07, 0x0b,
    0x33, 0x11, 0x05, 0x03, 0x01, 0x03, 0x00, 0xff, 0xff, 0xff, 0xff, 0xff,
    0xff, 0xff, 0xff, 0x29, 0x00, 0xff, 0xff, 0xff, 0xff, 0xff, 0xff, 0xff,
    0xff, 0x03, 0x03, 0x01, 0x01, 0x01, 0x01, 0x03, 0x01, 0x01, 0xbd, 0x11,
    0x09, 0x5f, 0x62, 0x69, 0x38, 0x01, 0x75, 0x06, 0x18, 0x02, 0xe7, 0x13,
    0x06, 0x19, 0x00, 0xff, 0xff, 0xff, 0xff, 0xff, 0xff, 0xff, 0xff, 0x21,
    0x01, 0x07, 0x00, 0x00, 0x00, 0x00, 0x00, 0x00, 0x01, 0x03, 0x09, 0x47,
    0x13, 0x01, 0x01, 0x01, 0x01, 0x01, 0x01, 0x01, 0x01, 0x35, 0x01, 0x87,
    0x5f, 0x5f, 0x0a, 0x2d, 0x02, 0xea, 0x06, 0x16, 0x05, 0x06, 0x19, 0x0b,
    0x35, 0x13, 0x05, 0x03, 0x01, 0x03, 0x00, 0xff, 0xff, 0xff, 0xff, 0xff,
    0xff, 0xff, 0xff, 0x2b, 0x00, 0xff, 0xff, 0xff, 0xff, 0xff, 0xff, 0xff,
    0xff, 0x03, 0x03, 0x01, 0x01, 0x01, 0x01, 0x03, 0x01, 0x03, 0xbd, 0x13,
    0x09, 0x5f, 0x62, 0x69, 0x39, 0x01, 0x75, 0x06, 0x1d, 0x02, 0xf6, 0x13,
    0x06, 0x1e, 0x00, 0xff, 0xff, 0xff, 0xff, 0xff, 0xff, 0xff, 0xff, 0x21,
    0x01, 0x07, 0x00, 0x00, 0x00, 0x00, 0x00, 0x00, 0x01, 0x03, 0x09, 0x47,
    0x13, 0x01, 0x01, 0x01, 0x01, 0x01, 0x01, 0x01, 0x01, 0x35, 0x01, 0x89,
    0x8b, 0x8b, 0x0a, 0x37, 0x02, 0xf9, 0x06, 0x1b, 0x05, 0x06, 0x1e, 0x0b,
    0x35, 0x13, 0x05, 0x03, 0x01, 0x03, 0x00, 0xff, 0xff, 0xff, 0xff, 0xff,
    0xff, 0xff, 0xff, 0x2d, 0x00, 0xff, 0xff, 0xff, 0xff, 0xff, 0xff, 0xff,
    0xff, 0x03, 0x03, 0x01, 0x01, 0x01, 0x01, 0x03, 0x01, 0x03, 0xbd, 0x15,
    0x0b, 0x5f, 0x62, 0x69, 0x31, 0x30, 0x01, 0x75, 0x06, 0x28, 0x06, 0x05,
    0x13, 0x06, 0x29, 0x00, 0xff, 0xff, 0xff, 0xff, 0xff, 0xff, 0xff, 0xff,
    0x21, 0x01, 0x07, 0x00, 0x00, 0x00, 0x00, 0x00, 0x01, 0x03, 0x09, 0x47,
    0x15, 0x01, 0x01, 0x01, 0x01, 0x01, 0x01, 0x01, 0x01, 0x33, 0x01, 0x8d,
    0x57, 0x57, 0x0a, 0x4d, 0x06, 0x08, 0x06, 0x26, 0x05, 0x06, 0x29, 0x0b,
    0x33, 0x11, 0x05, 0x03, 0x01, 0x03, 0x00, 0xff, 0xff, 0xff, 0xff, 0xff,
    0xff, 0xff, 0xff, 0x2f, 0x00, 0xff, 0xff, 0xff, 0xff, 0xff, 0xff, 0xff,
    0xff, 0x03, 0x03, 0x01, 0x01, 0x01, 0x01, 0x03, 0x01, 0x03, 0xbd, 0x17,
    0x0b, 0x5f, 0x62, 0x69, 0x31, 0x31, 0x01, 0x75, 0x06, 0x33, 0x06, 0x14,
    0x13, 0x06, 0x34, 0x00, 0xff, 0xff, 0xff, 0xff, 0xff, 0xff, 0xff, 0xff,
    0x21, 0x01, 0x07, 0x00, 0x00, 0x00, 0x00, 0x00, 0x01, 0x03, 0x09, 0x47,
    0x15, 0x01, 0x01, 0x01, 0x01, 0x01, 0x01, 0x01, 0x01, 0x33, 0x01, 0x8f,
    0x81, 0x81, 0x0a, 0x63, 0x06, 0x17, 0x06, 0x31, 0x05, 0x06, 0x34, 0x0b,
    0x33, 0x11, 0x05, 0x03, 0x01, 0x03, 0x00, 0xff, 0xff, 0xff, 0xff, 0xff,
    0xff, 0xff, 0xff, 0x31, 0x00, 0xff, 0xff, 0xff, 0xff, 0xff, 0xff, 0xff,
    0xff, 0x03, 0x03, 0x01, 0x01, 0x01, 0x01, 0x03, 0x01, 0x03, 0xbd, 0x19,
    0x0b, 0x5f, 0x62, 0x69, 0x31, 0x32, 0x01, 0x75, 0x06, 0x3e, 0x06, 0x23,
    0x13, 0x06, 0x3f, 0x00, 0xff, 0xff, 0xff, 0xff, 0xff, 0xff, 0xff, 0xff,
    0x21, 0x01, 0x07, 0x00, 0x00, 0x00, 0x00, 0x00, 0x01, 0x03, 0x09, 0x47,
    0x15, 0x01, 0x01, 0x01, 0x01, 0x01, 0x01, 0x01, 0x01, 0x33, 0x01, 0x91,
    0x93, 0x93, 0x0a, 0x79, 0x06, 0x26, 0x06, 0x3c, 0x05, 0x06, 0x3f, 0x0b,
    0x33, 0x11, 0x05, 0x03, 0x01, 0x03, 0x00, 0xff, 0xff, 0xff, 0xff, 0xff,
    0xff, 0xff, 0xff, 0x33, 0x00, 0xff, 0xff, 0xff, 0xff, 0xff, 0xff, 0xff,
    0xff, 0x03, 0x03, 0x01, 0x01, 0x01, 0x01, 0x03, 0x01, 0x03, 0xbd, 0x1b,
    0x0b, 0x5f, 0x62, 0x69, 0x31, 0x33, 0x01, 0x75, 0x06, 0x49, 0x06, 0x32,
    0x13, 0x06, 0x4a, 0x00, 0xff, 0xff, 0xff, 0xff, 0xff, 0xff, 0xff, 0xff,
    0x21, 0x01, 0x07, 0x00, 0x00, 0x00, 0x00, 0x00, 0x01, 0x03, 0x09, 0x47,
    0x15, 0x01, 0x01, 0x01, 0x01, 0x01, 0x01, 0x01, 0x01, 0x33, 0x01, 0x95,
    0x97, 0x97, 0x0a, 0x8f, 0x06, 0x35, 0x06, 0x47, 0x05, 0x06, 0x4a, 0x0b,
    0x33, 0x11, 0x05, 0x03, 0x01, 0x03, 0x00, 0xff, 0xff, 0xff, 0xff, 0xff,
    0xff, 0xff, 0xff, 0x35, 0x00, 0xff, 0xff, 0xff, 0xff, 0xff, 0xff, 0xff,
    0xff, 0x03, 0x03, 0x01, 0x01, 0x01, 0x01, 0x03, 0x01, 0x03, 0x00, 0x00,
    0xa1, 0x00, 0x00, 0x00, 0x11, 0x01, 0x00, 0x00, 0xe5, 0x01, 0x00, 0x00,
    0x71, 0x02, 0x00, 0x00, 0xc1, 0x02, 0x00, 0x00, 0x11, 0x03, 0x00, 0x00,
    0x61, 0x03, 0x00, 0x00, 0xb9, 0x03, 0x00, 0x00, 0x11, 0x04, 0x00, 0x00,
    0x69, 0x04, 0x00, 0x00, 0xc1, 0x04, 0x00, 0x00, 0x19, 0x05, 0x00, 0x00,
    0x71, 0x05, 0x00, 0x00, 0xc9, 0x05, 0x00, 0x00, 0x29, 0x06, 0x00, 0x00,
    0x81, 0x06, 0x00, 0x00, 0xe1, 0x06, 0x00, 0x00, 0x39, 0x07, 0x00, 0x00,
    0x91, 0x07, 0x00, 0x00, 0xf1, 0x07, 0x00, 0x00, 0x49, 0x08, 0x00, 0x00,
    0xa9, 0x08, 0x00, 0x00, 0x09, 0x09, 0x00, 0x00, 0x69, 0x09, 0x00, 0x00,
    0xc9, 0x09, 0x00, 0x00, 0x29, 0x0a, 0x00, 0x00, 0x89, 0x0a, 0x00, 0x00,
    0xf1, 0x11, 0x00, 0x00, 0x47, 0x05, 0x05, 0x01, 0x45, 0x05, 0x25, 0x3c,
    0x69, 0x6e, 0x74, 0x65, 0x72, 0x6e, 0x61, 0x6c, 0x3a, 0x6e, 0x75, 0x6d,
    0x65, 0x72, 0x69, 0x63, 0x3e, 0x00, 0x00, 0x00, 0x14, 0x05, 0x0f, 0x4e,
    0x75, 0x6d, 0x65, 0x72, 0x69, 0x63, 0x00, 0x00, 0x14, 0x05, 0x0f, 0x49,
    0x6e, 0x74, 0x65, 0x67, 0x65, 0x72, 0x00, 0x00, 0x14, 0x05, 0x0b, 0x46,
    0x6c, 0x6f, 0x61, 0x74, 0x47, 0x05, 0x05, 0x01, 0x45, 0x01, 0x1f, 0x3c,
    0x63, 0x6c, 0x61, 0x73, 0x73, 0x3a, 0x4e, 0x75, 0x6d, 0x65, 0x72, 0x69,
    0x63, 0x3e, 0x00, 0x00, 0x14, 0x05, 0x0b, 0x72, 0x65, 0x61, 0x6c, 0x3f,
    0x14, 0x05, 0x11, 0x69, 0x6e, 0x74, 0x65, 0x67, 0x65, 0x72, 0x3f, 0x00,
    0x14, 0x05, 0x0f, 0x66, 0x69, 0x6e, 0x69, 0x74, 0x65, 0x3f, 0x00, 0x00,
    0x14, 0x05, 0x13, 0x69, 0x6e, 0x66, 0x69, 0x6e, 0x69, 0x74, 0x65, 0x3f,
    0x47, 0x05, 0x05, 0x01, 0x45, 0x01, 0x1f, 0x3c, 0x63, 0x6c, 0x61, 0x73,
    0x73, 0x3a, 0x49, 0x6e, 0x74, 0x65, 0x67, 0x65, 0x72, 0x3e, 0x00, 0x00,
    0x14, 0x05, 0x05, 0x2d, 0x40, 0x00, 0x00, 0x00, 0x14, 0x05, 0x03, 0x7e,
    0x14, 0x05, 0x07, 0x61, 0x62, 0x73, 0x00, 0x00, 0x14, 0x05, 0x15, 0x62,
    0x69, 0x74, 0x5f, 0x6c, 0x65, 0x6e, 0x67, 0x74, 0x68, 0x00, 0x00, 0x00,
    0x14, 0x05, 0x0b, 0x65, 0x76, 0x65, 0x6e, 0x3f, 0x14, 0x05, 0x13, 0x6d,
    0x61, 0x67, 0x6e, 0x69, 0x74, 0x75, 0x64, 0x65, 0x14, 0x05, 0x09, 0x6f,
    0x64, 0x64, 0x3f, 0x00, 0x14, 0x05, 0x07, 0x6f, 0x72, 0x64, 0x00, 0x00,
    0x14, 0x05, 0x09, 0x73, 0x69, 0x7a, 0x65, 0x00, 0x14, 0x05, 0x09, 0x74,
    0x6f, 0x5f, 0x69, 0x00, 0x14, 0x05, 0x0d, 0x74, 0x6f, 0x5f, 0x69, 0x6e,
    0x74, 0x00, 0x00, 0x00, 0x14, 0x05, 0x0b, 0x7a, 0x65, 0x72, 0x6f, 0x3f,
    0x14, 0x05, 0x2b, 0x63, 0x6f, 0x72, 0x65, 0x23, 0x73, 0x65, 0x74, 0x5f,
    0x6d, 0x65, 0x74, 0x68, 0x6f, 0x64, 0x5f, 0x61, 0x6c, 0x69, 0x61, 0x73,
    0x47, 0x05, 0x05, 0x01, 0x45, 0x01, 0x1b, 0x3c, 0x63, 0x6c, 0x61, 0x73,
    0x73, 0x3a, 0x46, 0x6c, 0x6f, 0x61, 0x74, 0x3e, 0x14, 0x05, 0x09, 0x74,
    0x6f, 0x5f, 0x66, 0x00, 0x14, 0x05, 0x13, 0x70, 0x6f, 0x73, 0x69, 0x74,
    0x69, 0x76, 0x65, 0x3f, 0x14, 0x05, 0x13, 0x6e, 0x65, 0x67, 0x61, 0x74,
    0x69, 0x76, 0x65, 0x3f, 0x47, 0x05, 0x05, 0x01, 0x45, 0x05, 0x0b, 0x72,
    0x65, 0x61, 0x6c, 0x3f, 0xf2, 0x29, 0x00, 0x00, 0x47, 0x05, 0x05, 0x01,
    0x45, 0x05, 0x11, 0x69, 0x6e, 0x74, 0x65, 0x67, 0x65, 0x72, 0x3f, 0x00,
    0xf3, 0x01, 0x00, 0x00, 0x47, 0x05, 0x05, 0x01, 0x45, 0x05, 0x0f, 0x66,
    0x69, 0x6e, 0x69, 0x74, 0x65, 0x3f, 0x00, 0x00, 0x47, 0x05, 0x05, 0x01,
    0x45, 0x05, 0x13, 0x69, 0x6e, 0x66, 0x69, 0x6e, 0x69, 0x74, 0x65, 0x3f,
    0x47, 0x05, 0x05, 0x01, 0x45, 0x05, 0x05, 0x2d, 0x40, 0x00, 0x00, 0x00,
    0x47, 0x05, 0x05, 0x01, 0x45, 0x05, 0x03, 0x7e, 0x47, 0x05, 0x05, 0x01,
    0x45, 0x05, 0x07, 0x61, 0x62, 0x73, 0x00, 0x00, 0x47, 0x05, 0x05, 0x01,
    0x45, 0x05, 0x15, 0x62, 0x69, 0x74, 0x5f, 0x6c, 0x65, 0x6e, 0x67, 0x74,
    0x68, 0x00, 0x00, 0x00, 0x47, 0x05, 0x05, 0x01, 0x45, 0x05, 0x0b, 0x65,
    0x76, 0x65, 0x6e, 0x3f, 0x47, 0x05, 0x05, 0x01, 0x47, 0x05, 0x05, 0x01,
    0x45, 0x05, 0x09, 0x6f, 0x64, 0x64, 0x3f, 0x00, 0x47, 0x05, 0x05, 0x01,
    0x45, 0x05, 0x07, 0x6f, 0x72, 0x64, 0x00, 0x00, 0x47, 0x05, 0x05, 0x01,
    0x45, 0x05, 0x09, 0x73, 0x69, 0x7a, 0x65, 0x00, 0x47, 0x05, 0x05, 0x01,
    0x45, 0x05, 0x09, 0x74, 0x6f, 0x5f, 0x69, 0x00, 0x47, 0x05, 0x05, 0x01,
    0x45, 0x05, 0x0d, 0x74, 0x6f, 0x5f, 0x69, 0x6e, 0x74, 0x00, 0x00, 0x00,
    0x47, 0x05, 0x05, 0x01, 0x45, 0x05, 0x0b, 0x7a, 0x65, 0x72, 0x6f, 0x3f,
    0x47, 0x05, 0x05, 0x01, 0x45, 0x05, 0x09, 0x74, 0x6f, 0x5f, 0x66, 0x00,
    0x47, 0x05, 0x05, 0x01, 0x47, 0x05, 0x05, 0x01, 0x45, 0x05, 0x13, 0x6d,
    0x61, 0x67, 0x6e, 0x69, 0x74, 0x75, 0x64, 0x65, 0x47, 0x05, 0x05, 0x01,
    0x47, 0x05, 0x05, 0x01, 0x47, 0x05, 0x05, 0x01, 0x45, 0x05, 0x13, 0x70,
    0x6f, 0x73, 0x69, 0x74, 0x69, 0x76, 0x65, 0x3f, 0x47, 0x05, 0x05, 0x01,
    0x45, 0x05, 0x13, 0x6e, 0x65, 0x67, 0x61, 0x74, 0x69, 0x76, 0x65, 0x3f,
    0x34, 0x0b, 0x00, 0x00, 0x38, 0x0b, 0x00, 0x00, 0x3c, 0x0b, 0x00, 0x00,
    0x54, 0x0b, 0x00, 0x00, 0x60, 0x0b, 0x00, 0x00, 0x6c, 0x0b, 0x00, 0x00,
    0x74, 0x0b, 0x00, 0x00, 0x78, 0x0b, 0x00, 0x00, 0x8c, 0x0b, 0x00, 0x00,
    0x94, 0x0b, 0x00, 0x00, 0xa0, 0x0b, 0x00, 0x00, 0xac, 0x0b, 0x00, 0x00,
    0xb8, 0x0b, 0x00, 0x00, 0xbc, 0x0b, 0x00, 0x00, 0xd0, 0x0b, 0x00, 0x00,
    0xd8, 0x0b, 0x00, 0x00, 0xdc, 0x0b, 0x00, 0x00, 0xe4, 0x0b, 0x00, 0x00,
    0xf4, 0x0b, 0x00, 0x00, 0xfc, 0x0b, 0x00, 0x00, 0x08, 0x0c, 0x00, 0x00,
    0x10, 0x0c, 0x00, 0x00, 0x18, 0x0c, 0x00, 0x00, 0x20, 0x0c, 0x00, 0x00,
    0x28, 0x0c, 0x00, 0x00, 0x34, 0x0c, 0x00, 0x00, 0x3c, 0x0c, 0x00, 0x00,
    0x54, 0x0c, 0x00, 0x00, 0x58, 0x0c, 0x00, 0x00, 0x68, 0x0c, 0x00, 0x00,
    0x70, 0x0c, 0x00, 0x00, 0x7c, 0x0c, 0x00, 0x00, 0x88, 0x0c, 0x00, 0x00,
    0x8c, 0x0c, 0x00, 0x00, 0x94, 0x0c, 0x00, 0x00, 0x98, 0x0c, 0x00, 0x00,
    0x9c, 0x0c, 0x00, 0x00, 0xa8, 0x0c, 0x00, 0x00, 0xac, 0x0c, 0x00, 0x00,
    0xb0, 0x0c, 0x00, 0x00, 0xbc, 0x0c, 0x00, 0x00, 0xc0, 0x0c, 0x00, 0x00,
    0xcc, 0x0c, 0x00, 0x00, 0xd0, 0x0c, 0x00, 0x00, 0xd8, 0x0c, 0x00, 0x00,
    0xdc, 0x0c, 0x00, 0x00, 0xe0, 0x0c, 0x00, 0x00, 0xe4, 0x0c, 0x00, 0x00,
    0xec, 0x0c, 0x00, 0x00, 0xf0, 0x0c, 0x00, 0x00, 0x00, 0x0d, 0x00, 0x00,
    0x04, 0x0d, 0x00, 0x00, 0x0c, 0x0d, 0x00, 0x00, 0x10, 0x0d, 0x00, 0x00,
    0x14, 0x0d, 0x00, 0x00, 0x1c, 0x0d, 0x00, 0x00, 0x20, 0x0d, 0x00, 0x00,
    0x28, 0x0d, 0x00, 0x00, 0x2c, 0x0d, 0x00, 0x00, 0x34, 0x0d, 0x00, 0x00,
    0x38, 0x0d, 0x00, 0x00, 0x40, 0x0d, 0x00, 0x00, 0x44, 0x0d, 0x00, 0x00,
    0x50, 0x0d, 0x00, 0x00, 0x54, 0x0d, 0x00, 0x00, 0x5c, 0x0d, 0x00, 0x00,
    0x60, 0x0d, 0x00, 0x00, 0x68, 0x0d, 0x00, 0x00, 0x6c, 0x0d, 0x00, 0x00,
    0x70, 0x0d, 0x00, 0x00, 0x7c, 0x0d, 0x00, 0x00, 0x80, 0x0d, 0x00, 0x00,
    0x84, 0x0d, 0x00, 0x00, 0x88, 0x0d, 0x00, 0x00, 0x94, 0x0d, 0x00, 0x00,
    0x98, 0x0d, 0x00, 0x00,
};

static const unsigned char io_bin[] = {
    0x59, 0x41, 0x52, 0x42, 0x03, 0x00, 0x00, 0x00, 0x01, 0x00, 0x00, 0x00,
    0x68, 0x03, 0x00, 0x00, 0x00, 0x00, 0x00, 0x00, 0x04, 0x00, 0x00, 0x00,
    0x10, 0x00, 0x00, 0x00, 0x74, 0x02, 0x00, 0x00, 0x28, 0x03, 0x00, 0x00,
    0x78, 0x38, 0x36, 0x5f, 0x36, 0x34, 0x2d, 0x64, 0x61, 0x72, 0x77, 0x69,
    0x6e, 0x32, 0x31, 0x00, 0x27, 0x07, 0x21, 0x5b, 0x07, 0x03, 0x01, 0x75,
    0x03, 0x01, 0x03, 0x03, 0x00, 0xff, 0xff, 0xff, 0xff, 0xff, 0xff, 0xff,
    0xff, 0x01, 0x03, 0x53, 0x01, 0x03, 0x00, 0xff, 0xff, 0xff, 0xff, 0xff,
    0xff, 0xff, 0xff, 0x01, 0x01, 0x05, 0x03, 0x09, 0x00, 0x00, 0x00, 0x00,
    0x01, 0x01, 0x11, 0x5b, 0x11, 0x01, 0x01, 0x01, 0x01, 0x01, 0x01, 0x01,
    0x01, 0x4b, 0x01, 0x03, 0x05, 0x05, 0x03, 0x55, 0x03, 0x01, 0xf7, 0x07,
    0x4b, 0x13, 0x09, 0x03, 0x01, 0x03, 0x00, 0xff, 0xff, 0xff, 0xff, 0xff,
    0xff, 0xff, 0xff, 0x01, 0x00, 0xff, 0xff, 0xff, 0xff, 0xff, 0xff, 0xff,
    0xff, 0x03, 0x03, 0x01, 0x01, 0x01, 0x01, 0x05, 0x01, 0x01, 0x5d, 0x0d,
    0x05, 0x5d, 0x0f, 0x07, 0x25, 0x0f, 0x75, 0x7d, 0x07, 0x07, 0xf1, 0x33,
    0x03, 0xf1, 0x33, 0x01, 0xf7, 0x00, 0xff, 0xff, 0xff, 0xff, 0xff, 0xff,
    0xff, 0xff, 0x09, 0x01, 0x07, 0x07, 0x05, 0x00, 0x00, 0x00, 0x00, 0x00,
    0x01, 0x07, 0x13, 0x4f, 0x13, 0x01, 0x01, 0x01, 0x01, 0x01, 0x01, 0x01,
    0x01, 0x3d, 0x01, 0x09, 0x0b, 0x0b, 0x07, 0x51, 0x03, 0x01, 0xf7, 0x07,
    0x3d, 0x15, 0x09, 0x03, 0x01, 0x03, 0x01, 0x03, 0x00, 0xff, 0xff, 0xff,
    0xff, 0xff, 0xff, 0xff, 0xff, 0x03, 0x03, 0x01, 0x01, 0x01, 0x01, 0x03,
    0x01, 0x01, 0x21, 0xc3, 0x0b, 0xbd, 0x01, 0x21, 0x69, 0x6f, 0x5f, 0x72,
    0x65, 0x61, 0x64, 0x5f, 0x6e, 0x6f, 0x6e, 0x62, 0x6c, 0x6f, 0x63, 0x6b,
    0x01, 0x75, 0x00, 0x00, 0x00, 0x00, 0x00, 0x00, 0x00, 0x00, 0x00, 0x00,
    0x00, 0x00, 0x00, 0x00, 0x03, 0x00, 0x00, 0x00, 0x00, 0x00, 0x00, 0x00,
    0x0a, 0x00, 0x00, 0x00, 0x00, 0x00, 0x00, 0x00, 0x0b, 0x00, 0x00, 0x00,
    0x00, 0x00, 0x00, 0x00, 0x01, 0x00, 0x00, 0x00, 0x00, 0x00, 0x00, 0x00,
    0x03, 0x00, 0x00, 0x00, 0x00, 0x00, 0x00, 0x00, 0x20, 0x01, 0x00, 0x00,
    0x00, 0x00, 0x00, 0x00, 0x28, 0x01, 0x00, 0x00, 0x00, 0x00, 0x00, 0x00,
    0x7d, 0x0b, 0x01, 0x7d, 0x0d, 0x01, 0x7f, 0x29, 0x13, 0x81, 0x00, 0xff,
    0xff, 0xff, 0xff, 0xff, 0xff, 0xff, 0xff, 0x21, 0x01, 0x03, 0x05, 0x07,
    0x0c, 0x00, 0x00, 0x00, 0x00, 0x00, 0x00, 0x00, 0x0d, 0x00, 0x00, 0x00,
    0x00, 0x00, 0x00, 0x00, 0x0a, 0x00, 0x00, 0x00, 0x00, 0x00, 0x00, 0x00,
    0x00, 0x00, 0x00, 0x00, 0x00, 0x00, 0x00, 0x00, 0x01, 0x03, 0x0f, 0x02,
    0x97, 0x31, 0x27, 0x09, 0x03, 0x03, 0x01, 0x01, 0x01, 0x01, 0xf3, 0x06,
    0x30, 0x11, 0x13, 0x13, 0xfb, 0x2b, 0x7d, 0x05, 0x81, 0x0b, 0x73, 0x4b,
    0x09, 0x43, 0x01, 0x03, 0x00, 0xff, 0xff, 0xff, 0xff, 0xff, 0xff, 0xff,
    0xff, 0x05, 0x00, 0xff, 0xff, 0xff, 0xff, 0xff, 0xff, 0xff, 0xff, 0x03,
    0x03, 0x01, 0x09, 0x01, 0x01, 0x03, 0x01, 0x01, 0xbd, 0x03, 0x23, 0x69,
    0x6f, 0x5f, 0x77, 0x72, 0x69, 0x74, 0x65, 0x5f, 0x6e, 0x6f, 0x6e, 0x62,
    0x6c, 0x6f, 0x63, 0x6b, 0x01, 0x75, 0x00, 0x00, 0x00, 0x00, 0x00, 0x00,
    0x0a, 0x00, 0x00, 0x00, 0x00, 0x00, 0x00, 0x00, 0x0b, 0x00, 0x00, 0x00,
    0x00, 0x00, 0x00, 0x00, 0x01, 0x00, 0x00, 0x00, 0x00, 0x00, 0x00, 0x00,
    0x02, 0x00, 0x00, 0x00, 0x00, 0x00, 0x00, 0x00, 0xe0, 0x01, 0x00, 0x00,
    0x00, 0x00, 0x00, 0x00, 0xe8, 0x01, 0x00, 0x00, 0x00, 0x00, 0x00, 0x00,
    0xf3, 0x4b, 0x13, 0xf5, 0x00, 0xff, 0xff, 0xff, 0xff, 0xff, 0xff, 0xff,
    0xff, 0x21, 0x01, 0x07, 0x0d, 0x00, 0x00, 0x00, 0x00, 0x00, 0x00, 0x00,
    0x0a, 0x00, 0x00, 0x00, 0x00, 0x00, 0x00, 0x00, 0x00, 0x00, 0x00, 0x00,
    0x00, 0x00, 0x00, 0x00, 0x01, 0x03, 0x09, 0xeb, 0x2d, 0x23, 0x07, 0x03,
    0x01, 0x01, 0x01, 0x01, 0x01, 0xbf, 0x06, 0xf0, 0x1d, 0x1f, 0x1f, 0x02,
    0xf1, 0x4d, 0xf1, 0x05, 0xf5, 0x0b, 0x53, 0x37, 0x05, 0x33, 0x01, 0x03,
    0x00, 0xff, 0xff, 0xff, 0xff, 0xff, 0xff, 0xff, 0xff, 0x07, 0x00, 0xff,
    0xff, 0xff, 0xff, 0xff, 0xff, 0xff, 0xff, 0x03, 0x03, 0x01, 0x07, 0x01,
    0x01, 0x03, 0x01, 0x01, 0x61, 0x00, 0x00, 0x00, 0xc1, 0x00, 0x00, 0x00,
    0x89, 0x01, 0x00, 0x00, 0x39, 0x02, 0x00, 0x00, 0xf1, 0x11, 0x00, 0x00,
    0x47, 0x05, 0x05, 0x01, 0x45, 0x05, 0x1b, 0x3c, 0x69, 0x6e, 0x74, 0x65,
    0x72, 0x6e, 0x61, 0x6c, 0x3a, 0x69, 0x6f, 0x3e, 0x14, 0x05, 0x05, 0x49,
    0x4f, 0x00, 0x00, 0x00, 0x47, 0x05, 0x05, 0x01, 0x45, 0x01, 0x15, 0x3c,
    0x63, 0x6c, 0x61, 0x73, 0x73, 0x3a, 0x49, 0x4f, 0x3e, 0x00, 0x00, 0x00,
    0x14, 0x05, 0x1b, 0x72, 0x65, 0x61, 0x64, 0x5f, 0x6e, 0x6f, 0x6e, 0x62,
    0x6c, 0x6f, 0x63, 0x6b, 0x14, 0x05, 0x1d, 0x77, 0x72, 0x69, 0x74, 0x65,
    0x5f, 0x6e, 0x6f, 0x6e, 0x62, 0x6c, 0x6f, 0x63, 0x6b, 0x00, 0x00, 0x00,
    0x47, 0x05, 0x05, 0x01, 0x45, 0x05, 0x1b, 0x72, 0x65, 0x61, 0x64, 0x5f,
    0x6e, 0x6f, 0x6e, 0x62, 0x6c, 0x6f, 0x63, 0x6b, 0x14, 0x05, 0x13, 0x65,
    0x78, 0x63, 0x65, 0x70, 0x74, 0x69, 0x6f, 0x6e, 0xf2, 0x29, 0x00, 0x00,
    0x14, 0x05, 0x07, 0x6c, 0x65, 0x6e, 0x00, 0x00, 0x14, 0x05, 0x07, 0x62,
    0x75, 0x66, 0x00, 0x00, 0x47, 0x05, 0x05, 0x01, 0x45, 0x05, 0x1d, 0x77,
    0x72, 0x69, 0x74, 0x65, 0x5f, 0x6e, 0x6f, 0x6e, 0x62, 0x6c, 0x6f, 0x63,
    0x6b, 0x00, 0x00, 0x00, 0x84, 0x02, 0x00, 0x00, 0x88, 0x02, 0x00, 0x00,
    0x8c, 0x02, 0x00, 0x00, 0x9c, 0x02, 0x00, 0x00, 0xa4, 0x02, 0x00, 0x00,
    0xa8, 0x02, 0x00, 0x00, 0xb8, 0x02, 0x00, 0x00, 0xc8, 0x02, 0x00, 0x00,
    0xdc, 0x02, 0x00, 0x00, 0xe0, 0x02, 0x00, 0x00, 0xf0, 0x02, 0x00, 0x00,
    0xfc, 0x02, 0x00, 0x00, 0x00, 0x03, 0x00, 0x00, 0x08, 0x03, 0x00, 0x00,
    0x10, 0x03, 0x00, 0x00, 0x14, 0x03, 0x00, 0x00,
};

static const unsigned char dir_bin[] = {
    0x59, 0x41, 0x52, 0x42, 0x03, 0x00, 0x00, 0x00, 0x01, 0x00, 0x00, 0x00,
    0xfc, 0x06, 0x00, 0x00, 0x00, 0x00, 0x00, 0x00, 0x07, 0x00, 0x00, 0x00,
    0x21, 0x00, 0x00, 0x00, 0x40, 0x05, 0x00, 0x00, 0x78, 0x06, 0x00, 0x00,
    0x78, 0x38, 0x36, 0x5f, 0x36, 0x34, 0x2d, 0x64, 0x61, 0x72, 0x77, 0x69,
    0x6e, 0x32, 0x31, 0x00, 0x27, 0x07, 0x21, 0x5b, 0x07, 0x03, 0x01, 0x45,
    0x21, 0x75, 0xa7, 0x01, 0x03, 0xa7, 0x00, 0xff, 0xff, 0xff, 0xff, 0xff,
    0xff, 0xff, 0xff, 0x01, 0xa7, 0xcf, 0x01, 0x06, 0x3a, 0x00, 0xff, 0xff,
    0xff, 0xff, 0xff, 0xff, 0xff, 0xff, 0x03, 0x06, 0x3a, 0x00, 0xff, 0xff,
    0xff, 0xff, 0xff, 0xff, 0xff, 0xff, 0x01, 0x01, 0x05, 0x03, 0x0b, 0x03,
    0x00, 0x00, 0x00, 0x00, 0x01, 0x01, 0x15, 0x7b, 0x15, 0x01, 0x01, 0x01,
    0x01, 0x01, 0x01, 0x01, 0x01, 0x67, 0x01, 0x03, 0x05, 0x05, 0x03, 0xfd,
    0xa7, 0x01, 0x06, 0x3a, 0x19, 0x67, 0x15, 0x0b, 0x03, 0x01, 0x03, 0x00,
    0xff, 0xff, 0xff, 0xff, 0xff, 0xff, 0xff, 0xff, 0x01, 0x00, 0xff, 0xff,
    0xff, 0xff, 0xff, 0xff, 0xff, 0xff, 0x03, 0x03, 0x01, 0x01, 0x03, 0x01,
    0x05, 0x01, 0x01, 0x23, 0x5f, 0x0d, 0x05, 0x5d, 0x0f, 0x07, 0x23, 0x5f,
    0x11, 0x09, 0x23, 0x5f, 0x13, 0x0b, 0x25, 0x13, 0x75, 0xc3, 0x05, 0x07,
    0xc3, 0x09, 0x01, 0xed, 0x49, 0x03, 0xff, 0x67, 0x03, 0xff, 0x6b, 0x01,
    0x02, 0xdb, 0x91, 0x03, 0x02, 0xdb, 0x95, 0x01, 0x02, 0xde, 0x00, 0xff,
    0xff, 0xff, 0xff, 0xff, 0xff, 0xff, 0xff, 0x09, 0x01, 0x03, 0x07, 0x07,
    0x03, 0x07, 0x03, 0x0b, 0x01, 0x07, 0x25, 0x7d, 0x25, 0x01, 0x01, 0x01,
    0x01, 0x01, 0x01, 0x01, 0x01, 0x59, 0x01, 0x09, 0x0b, 0x0b, 0x02, 0xa7,
    0xcd, 0xa7, 0x01, 0x02, 0xde, 0x07, 0x59, 0x13, 0x11, 0x03, 0x01, 0x03,
    0x01, 0x03, 0x00, 0xff, 0xff, 0xff, 0xff, 0xff, 0xff, 0xff, 0xff, 0x03,
    0x03, 0x01, 0x01, 0x01, 0x01, 0x03, 0x01, 0x01, 0xbb, 0x01, 0x15, 0x64,
    0x69, 0x72, 0x5f, 0x73, 0x5f, 0x6f, 0x70, 0x65, 0x6e, 0x01, 0xc3, 0x07,
    0x07, 0x09, 0x01, 0x7d, 0x13, 0xbf, 0x07, 0x73, 0xbb, 0x03, 0x17, 0x64,
    0x69, 0x72, 0x5f, 0x73, 0x5f, 0x63, 0x6c, 0x6f, 0x73, 0x65, 0x09, 0x45,
    0x75, 0xbf, 0x07, 0x75, 0x0c, 0x00, 0x00, 0x00, 0x00, 0x00, 0x00, 0x00,
    0x00, 0x00, 0x00, 0x00, 0x00, 0x00, 0x00, 0x00, 0x01, 0x00, 0x00, 0x00,
    0x00, 0x00, 0x00, 0x00, 0x02, 0x00, 0x00, 0x00, 0x00, 0x00, 0x00, 0x00,
    0x48, 0x01, 0x00, 0x00, 0x00, 0x00, 0x00, 0x00, 0x50, 0x01, 0x00, 0x00,
    0x00, 0x00, 0x00, 0x00, 0xc5, 0x23, 0x13, 0xc5, 0x17, 0x01, 0xc7, 0x25,
    0x03, 0xc7, 0x25, 0x01, 0xcb, 0x27, 0x03, 0xcb, 0x2b, 0x01, 0xcf, 0x33,
    0x03, 0xcf, 0x33, 0x01, 0xd9, 0x00, 0xff, 0xff, 0xff, 0xff, 0xff, 0xff,
    0xff, 0xff, 0x21, 0xd5, 0x39, 0x03, 0xd9, 0x00, 0xff, 0xff, 0xff, 0xff,
    0xff, 0xff, 0xff, 0xff, 0x21, 0x01, 0x07, 0x05, 0x07, 0x05, 0x05, 0x05,
    0x07, 0x03, 0x03, 0x05, 0x00, 0x00, 0x00, 0x00, 0x0d, 0x00, 0x00, 0x00,
    0x00, 0x00, 0x00, 0x00, 0x0c, 0x00, 0x00, 0x00, 0x00, 0x00, 0x00, 0x00,
    0x00, 0x00, 0x00, 0x00, 0x00, 0x00, 0x00, 0x00, 0x0e, 0x00, 0x00, 0x00,
    0x00, 0x00, 0x00, 0x00, 0x0f, 0x00, 0x00, 0x00, 0x00, 0x00, 0x00, 0x00,
    0x0d, 0x0b, 0x15, 0x1d, 0x25, 0x03, 0x01, 0x21, 0x03, 0x01, 0x01, 0x03,
    0x2d, 0x02, 0xcf, 0x59, 0xa3, 0x09, 0x03, 0x01, 0x01, 0x01, 0x01, 0x07,
    0x02, 0xa3, 0x06, 0x58, 0x15, 0x17, 0x17, 0x02, 0xc3, 0x41, 0xc3, 0x05,
    0xd9, 0x0b, 0xe7, 0x85, 0x17, 0x67, 0x03, 0x17, 0x00, 0xff, 0xff, 0xff,
    0xff, 0xff, 0xff, 0xff, 0xff, 0x05, 0x00, 0xff, 0xff, 0xff, 0xff, 0xff,
    0xff, 0xff, 0xff, 0x0b, 0x03, 0x01, 0x0b, 0x01, 0x03, 0x05, 0x03, 0x01,
    0xbd, 0x05, 0x1d, 0x64, 0x69, 0x72, 0x5f, 0x69, 0x6e, 0x69, 0x74, 0x69,
    0x61, 0x6c, 0x69, 0x7a, 0x65, 0x01, 0x75, 0x00, 0x00, 0x00, 0x00, 0x00,
    0x0c, 0x00, 0x00, 0x00, 0x00, 0x00, 0x00, 0x00, 0x00, 0x00, 0x00, 0x00,
    0x00, 0x00, 0x00, 0x00, 0x01, 0x00, 0x00, 0x00, 0x00, 0x00, 0x00, 0x00,
    0x02, 0x00, 0x00, 0x00, 0x00, 0x00, 0x00, 0x00, 0x40, 0x02, 0x00, 0x00,
    0x00, 0x00, 0x00, 0x00, 0x48, 0x02, 0x00, 0x00, 0x00, 0x00, 0x00, 0x00,
    0xef, 0x61, 0x13, 0xf1, 0x00, 0xff, 0xff, 0xff, 0xff, 0xff, 0xff, 0xff,
    0xff, 0x21, 0x01, 0x07, 0x0d, 0x00, 0x00, 0x00, 0x00, 0x00, 0x00, 0x00,
    0x0c, 0x00, 0x00, 0x00, 0x00, 0x00, 0x00, 0x00, 0x00, 0x00, 0x00, 0x00,
    0x00, 0x00, 0x00, 0x00, 0x01, 0x03, 0x09, 0xe3, 0x27, 0x23, 0x07, 0x03,
    0x01, 0x01, 0x01, 0x01, 0x01, 0xbd, 0x0a, 0x50, 0x21, 0x23, 0x23, 0x02,
    0xed, 0x63, 0xed, 0x05, 0xf1, 0x0b, 0x53, 0x37, 0x05, 0x33, 0x01, 0x03,
    0x00, 0xff, 0xff, 0xff, 0xff, 0xff, 0xff, 0xff, 0xff, 0x07, 0x00, 0xff,
    0xff, 0xff, 0xff, 0xff, 0xff, 0xff, 0xff, 0x03, 0x03, 0x01, 0x07, 0x01,
    0x01, 0x03, 0x01, 0x01, 0xbd, 0x07, 0x15, 0x64, 0x69, 0x72, 0x5f, 0x73,
    0x5f, 0x61, 0x72, 0x65, 0x66, 0x01, 0x75, 0x00, 0x00, 0x00, 0x00, 0x00,
    0x14, 0x00, 0x00, 0x00, 0x00, 0x00, 0x00, 0x00, 0x15, 0x00, 0x00, 0x00,
    0x00, 0x00, 0x00, 0x00, 0x00, 0x00, 0x00, 0x00, 0x00, 0x00, 0x00, 0x00,
    0x16, 0x00, 0x00, 0x00, 0x00, 0x00, 0x00, 0x00, 0x02, 0x00, 0x00, 0x00,
    0x00, 0x00, 0x00, 0x00, 0x03, 0x00, 0x00, 0x00, 0x00, 0x00, 0x00, 0x00,
    0xe8, 0x02, 0x00, 0x00, 0x00, 0x00, 0x00, 0x00, 0xf8, 0x02, 0x00, 0x00,
    0x00, 0x00, 0x00, 0x00, 0x02, 0x80, 0x8b, 0x13, 0x02, 0x81, 0x00, 0xff,
    0xff, 0xff, 0xff, 0xff, 0xff, 0xff, 0xff, 0x21, 0x01, 0x07, 0x00, 0x00,
    0x00, 0x00, 0x00, 0x00, 0x17, 0x00, 0x00, 0x00, 0x00, 0x00, 0x00, 0x00,
    0x14, 0x00, 0x00, 0x00, 0x00, 0x00, 0x00, 0x00, 0x15, 0x00, 0x00, 0x00,
    0x00, 0x00, 0x00, 0x00, 0x00, 0x00, 0x00, 0x00, 0x00, 0x00, 0x00, 0x00,
    0x01, 0x03, 0x09, 0x02, 0x8d, 0x1f, 0x29, 0x09, 0x01, 0x01, 0x01, 0x01,
    0x01, 0x01, 0xfd, 0x0e, 0x08, 0x25, 0x27, 0x27, 0x02, 0xff, 0x8d, 0xff,
    0x05, 0x02, 0x81, 0x0b, 0x73, 0x53, 0x05, 0x43, 0x01, 0x03, 0x00, 0xff,
    0xff, 0xff, 0xff, 0xff, 0xff, 0xff, 0xff, 0x09, 0x00, 0xff, 0xff, 0xff,
    0xff, 0xff, 0xff, 0xff, 0xff, 0x03, 0x03, 0x01, 0x09, 0x01, 0x01, 0x03,
    0x01, 0x01, 0xc7, 0xc3, 0x0f, 0x57, 0x07, 0x01, 0x7b, 0x09, 0xbf, 0x0f,
    0xc3, 0x0d, 0xbf, 0x11, 0xbf, 0x0d, 0xbf, 0x0b, 0xbf, 0x09, 0xb9, 0x09,
    0x15, 0x64, 0x69, 0x72, 0x5f, 0x73, 0x5f, 0x67, 0x6c, 0x6f, 0x62, 0x75,
    0x00, 0x00, 0x00, 0x00, 0x00, 0x00, 0x00, 0x00, 0x03, 0x00, 0x00, 0x00,
    0x00, 0x00, 0x00, 0x00, 0x1a, 0x00, 0x00, 0x00, 0x00, 0x00, 0x00, 0x00,
    0x14, 0x00, 0x00, 0x00, 0x00, 0x00, 0x00, 0x00, 0x15, 0x00, 0x00, 0x00,
    0x00, 0x00, 0x00, 0x00, 0x1b, 0x00, 0x00, 0x00, 0x00, 0x00, 0x00, 0x00,
    0x00, 0x00, 0x00, 0x00, 0x00, 0x00, 0x00, 0x00, 0x16, 0x00, 0x00, 0x00,
    0x00, 0x00, 0x00, 0x00, 0x03, 0x00, 0x00, 0x00, 0x00, 0x00, 0x00, 0x00,
    0x05, 0x00, 0x00, 0x00, 0x00, 0x00, 0x00, 0x00, 0xd0, 0x03, 0x00, 0x00,
    0x00, 0x00, 0x00, 0x00, 0xe8, 0x03, 0x00, 0x00, 0x00, 0x00, 0x00, 0x00,
    0x02, 0xdb, 0x99, 0x01, 0x02, 0xdb, 0x9b, 0x01, 0x02, 0xdb, 0xa3, 0x01,
    0x02, 0xdb, 0x9f, 0x01, 0x02, 0xdb, 0xa1, 0x01, 0x02, 0xdc, 0xb7, 0x13,
    0x02, 0xdc, 0xbb, 0x01, 0x02, 0xdc, 0xbf, 0x01, 0x02, 0xdc, 0xc3, 0x01,
    0x02, 0xdc, 0xc7, 0x01, 0x02, 0xdd, 0x00, 0xff, 0xff, 0xff, 0xff, 0xff,
    0xff, 0xff, 0xff, 0x21, 0x01, 0x03, 0x05, 0x0b, 0x05, 0x05, 0x05, 0x05,
    0x05, 0x05, 0x05, 0x00, 0x1c, 0x00, 0x00, 0x00, 0x00, 0x00, 0x00, 0x00,
    0x1d, 0x00, 0x00, 0x00, 0x00, 0x00, 0x00, 0x00, 0x1a, 0x00, 0x00, 0x00,
    0x00, 0x00, 0x00, 0x00, 0x14, 0x00, 0x00, 0x00, 0x00, 0x00, 0x00, 0x00,
    0x15, 0x00, 0x00, 0x00, 0x00, 0x00, 0x00, 0x00, 0x00, 0x00, 0x00, 0x00,
    0x00, 0x00, 0x00, 0x00, 0x01, 0x03, 0x2f, 0x02, 0xf3, 0x45, 0x27, 0x0d,
    0x03, 0x03, 0x01, 0x01, 0x01, 0x01, 0x02, 0xd1, 0x12, 0x00, 0x31, 0x33,
    0x33, 0x06, 0xb7, 0xc9, 0x02, 0xdb, 0x05, 0x02, 0xdd, 0x0b, 0xe3, 0x7b,
    0x17, 0x63, 0x01, 0x03, 0x00, 0xff, 0xff, 0xff, 0xff, 0xff, 0xff, 0xff,
    0xff, 0x0b, 0x00, 0xff, 0xff, 0xff, 0xff, 0xff, 0xff, 0xff, 0xff, 0x03,
    0x03, 0x01, 0x0d, 0x01, 0x01, 0x09, 0x01, 0x01, 0xc1, 0x07, 0xb9, 0x03,
    0x17, 0x64, 0x69, 0x72, 0x5f, 0x73, 0x5f, 0x63, 0x6c, 0x6f, 0x73, 0x65,
    0x45, 0xbf, 0x07, 0x77, 0x01, 0xcf, 0x2f, 0x03, 0xcf, 0x33, 0x01, 0x01,
    0x00, 0xff, 0xff, 0xff, 0xff, 0xff, 0xff, 0xff, 0xff, 0x01, 0x01, 0x05,
    0x07, 0x00, 0x00, 0x00, 0x00, 0x00, 0x00, 0x00, 0x20, 0x00, 0x00, 0x00,
    0x00, 0x00, 0x00, 0x00, 0x03, 0x1f, 0x01, 0x0b, 0x13, 0x77, 0x2b, 0x01,
    0x01, 0x01, 0x01, 0x01, 0x01, 0x01, 0x01, 0x4d, 0x01, 0x3d, 0x17, 0x3f,
    0x02, 0xc9, 0x33, 0xcf, 0x11, 0xcf, 0x45, 0x4d, 0x2b, 0x07, 0x17, 0x01,
    0x07, 0x05, 0x05, 0x00, 0xff, 0xff, 0xff, 0xff, 0xff, 0xff, 0xff, 0xff,
    0x07, 0x07, 0x01, 0x03, 0x01, 0x01, 0x03, 0x03, 0x01, 0x00, 0x00, 0x00,
    0x71, 0x00, 0x00, 0x00, 0xe9, 0x00, 0x00, 0x00, 0xeb, 0x01, 0x00, 0x00,
    0x99, 0x02, 0x00, 0x00, 0x61, 0x03, 0x00, 0x00, 0x91, 0x04, 0x00, 0x00,
    0x0b, 0x05, 0x00, 0x00, 0xf1, 0x11, 0x00, 0x00, 0x47, 0x05, 0x05, 0x01,
    0x45, 0x05, 0x1d, 0x3c, 0x69, 0x6e, 0x74, 0x65, 0x72, 0x6e, 0x61, 0x6c,
    0x3a, 0x64, 0x69, 0x72, 0x3e, 0x00, 0x00, 0x00, 0x14, 0x05, 0x07, 0x44,
    0x69, 0x72, 0x00, 0x00, 0x47, 0x05, 0x05, 0x01, 0x45, 0x01, 0x17, 0x3c,
    0x63, 0x6c, 0x61, 0x73, 0x73, 0x3a, 0x44, 0x69, 0x72, 0x3e, 0x00, 0x00,
    0x14, 0x05, 0x09, 0x6f, 0x70, 0x65, 0x6e, 0x00, 0x14, 0x05, 0x15, 0x69,
    0x6e, 0x69, 0x74, 0x69, 0x61, 0x6c, 0x69, 0x7a, 0x65, 0x00, 0x00, 0x00,
    0x14, 0x05, 0x05, 0x5b, 0x5d, 0x00, 0x00, 0x00, 0x14, 0x05, 0x09, 0x67,
    0x6c, 0x6f, 0x62, 0x00, 0x47, 0x05, 0x05, 0x01, 0x45, 0x05, 0x09, 0x6f,
    0x70, 0x65, 0x6e, 0x00, 0x14, 0x05, 0x11, 0x65, 0x6e, 0x63, 0x6f, 0x64,
    0x69, 0x6e, 0x67, 0x00, 0x14, 0x05, 0x09, 0x6e, 0x61, 0x6d, 0x65, 0x00,
    0x14, 0x05, 0x0b, 0x62, 0x6c, 0x6f, 0x63, 0x6b, 0x14, 0x05, 0x07, 0x64,
    0x69, 0x72, 0x00, 0x00, 0x47, 0x05, 0x05, 0x01, 0x45, 0x05, 0x15, 0x69,
    0x6e, 0x69, 0x74, 0x69, 0x61, 0x6c, 0x69, 0x7a, 0x65, 0x00, 0x00, 0x00,
    0x47, 0x05, 0x05, 0x01, 0x45, 0x05, 0x05, 0x5b, 0x5d, 0x00, 0x00, 0x00,
    0x14, 0x05, 0x09, 0x62, 0x61, 0x73, 0x65, 0x00, 0x14, 0x05, 0x09, 0x73,
    0x6f, 0x72, 0x74, 0x00, 0xf2, 0x29, 0x00, 0x00, 0x14, 0x05, 0x09, 0x61,
    0x72, 0x67, 0x73, 0x00, 0x47, 0x05, 0x05, 0x01, 0x45, 0x05, 0x09, 0x67,
    0x6c, 0x6f, 0x62, 0x00, 0x14, 0x05, 0x0b, 0x66, 0x6c, 0x61, 0x67, 0x73,
    0xf6, 0x69, 0x00, 0x00, 0x14, 0x05, 0x0f, 0x70, 0x61, 0x74, 0x74, 0x65,
    0x72, 0x6e, 0x00, 0x00, 0x14, 0x05, 0x0d, 0x5f, 0x66, 0x6c, 0x61, 0x67,
    0x73, 0x00, 0x00, 0x00, 0x47, 0x05, 0x05, 0x01, 0x45, 0x01, 0x1d, 0x65,
    0x6e, 0x73, 0x75, 0x72, 0x65, 0x20, 0x69, 0x6e, 0x20, 0x6f, 0x70, 0x65,
    0x6e, 0x00, 0x00, 0x00, 0x14, 0x05, 0x05, 0x24, 0x21, 0x00, 0x00, 0x00,
    0x5c, 0x05, 0x00, 0x00, 0x60, 0x05, 0x00, 0x00, 0x64, 0x05, 0x00, 0x00,
    0x78, 0x05, 0x00, 0x00, 0x80, 0x05, 0x00, 0x00, 0x84, 0x05, 0x00, 0x00,
    0x94, 0x05, 0x00, 0x00, 0x9c, 0x05, 0x00, 0x00, 0xac, 0x05, 0x00, 0x00,
    0xb4, 0x05, 0x00, 0x00, 0xbc, 0x05, 0x00, 0x00, 0xc0, 0x05, 0x00, 0x00,
    0xc8, 0x05, 0x00, 0x00, 0xd4, 0x05, 0x00, 0x00, 0xdc, 0x05, 0x00, 0x00,
    0xe4, 0x05, 0x00, 0x00, 0xec, 0x05, 0x00, 0x00, 0xf0, 0x05, 0x00, 0x00,
    0x00, 0x06, 0x00, 0x00, 0x04, 0x06, 0x00, 0x00, 0x0c, 0x06, 0x00, 0x00,
    0x14, 0x06, 0x00, 0x00, 0x1c, 0x06, 0x00, 0x00, 0x20, 0x06, 0x00, 0x00,
    0x28, 0x06, 0x00, 0x00, 0x2c, 0x06, 0x00, 0x00, 0x34, 0x06, 0x00, 0x00,
    0x3c, 0x06, 0x00, 0x00, 0x40, 0x06, 0x00, 0x00, 0x4c, 0x06, 0x00, 0x00,
    0x58, 0x06, 0x00, 0x00, 0x5c, 0x06, 0x00, 0x00, 0x70, 0x06, 0x00, 0x00,
};

static const unsigned char ast_bin[] = {
    0x59, 0x41, 0x52, 0x42, 0x03, 0x00, 0x00, 0x00, 0x01, 0x00, 0x00, 0x00,
    0xcc, 0x0c, 0x00, 0x00, 0x00, 0x00, 0x00, 0x00, 0x10, 0x00, 0x00, 0x00,
    0x3d, 0x00, 0x00, 0x00, 0x28, 0x09, 0x00, 0x00, 0xd8, 0x0b, 0x00, 0x00,
    0x78, 0x38, 0x36, 0x5f, 0x36, 0x34, 0x2d, 0x64, 0x61, 0x72, 0x77, 0x69,
    0x6e, 0x32, 0x31, 0x00, 0x81, 0x0d, 0x01, 0x25, 0x07, 0x19, 0x09, 0x83,
    0x01, 0x21, 0x5b, 0x0b, 0x03, 0x15, 0x75, 0x29, 0x01, 0x03, 0x29, 0x01,
    0x01, 0x29, 0x02, 0xb8, 0x01, 0x29, 0x00, 0xff, 0xff, 0xff, 0xff, 0xff,
    0xff, 0xff, 0xff, 0x01, 0x01, 0x07, 0x0d, 0x0b, 0x00, 0x00, 0x00, 0x00,
    0x01, 0x01, 0x1f, 0x5b, 0x1f, 0x01, 0x01, 0x01, 0x01, 0x01, 0x01, 0x01,
    0x01, 0x3d, 0x01, 0x03, 0x05, 0x05, 0x03, 0x02, 0xb9, 0x29, 0x01, 0x02,
    0xbe, 0x07, 0x3d, 0x13, 0x09, 0x03, 0x01, 0x03, 0x00, 0xff, 0xff, 0xff,
    0xff, 0xff, 0xff, 0xff, 0xff, 0x01, 0x00, 0xff, 0xff, 0xff, 0xff, 0xff,
    0xff, 0xff, 0xff, 0x03, 0x03, 0x01, 0x01, 0x03, 0x01, 0x05, 0x01, 0x01,
    0x23, 0x5f, 0x11, 0x05, 0x23, 0x5f, 0x13, 0x07, 0x23, 0x5f, 0x15, 0x09,
    0x27, 0x07, 0x21, 0x5b, 0x17, 0x0b, 0x01, 0x75, 0x41, 0x07, 0x07, 0x41,
    0x0b, 0x01, 0x5f, 0x2b, 0x03, 0x5f, 0x2f, 0x01, 0x85, 0x4d, 0x03, 0x85,
    0x51, 0x01, 0x97, 0x6f, 0x03, 0x97, 0x00, 0xff, 0xff, 0xff, 0xff, 0xff,
    0xff, 0xff, 0xff, 0x01, 0x97, 0x02, 0xb5, 0x01, 0x02, 0xbe, 0x00, 0xff,
    0xff, 0xff, 0xff, 0xff, 0xff, 0xff, 0xff, 0x09, 0x01, 0x03, 0x07, 0x03,
    0x07, 0x03, 0x07, 0x05, 0x03, 0x09, 0x00, 0x00, 0x00, 0x00, 0x00, 0x00,
    0x01, 0x07, 0x29, 0xab, 0x29, 0x01, 0x01, 0x01, 0x01, 0x01, 0x01, 0x01,
    0x01, 0x83, 0x01, 0x0d, 0x0f, 0x0f, 0x53, 0x02, 0xb7, 0x29, 0x01, 0x02,
    0xbe, 0x07, 0x83, 0x23, 0x15, 0x03, 0x01, 0x03, 0x01, 0x03, 0x00, 0xff,
    0xff, 0xff, 0xff, 0xff, 0xff, 0xff, 0xff, 0x03, 0x03, 0x01, 0x01, 0x01,
    0x01, 0x05, 0x01, 0x01, 0xbd, 0x01, 0x17, 0x61, 0x73, 0x74, 0x5f, 0x73,
    0x5f, 0x70, 0x61, 0x72, 0x73, 0x65, 0x01, 0x75, 0x00, 0x00, 0x00, 0x00,
    0x0e, 0x00, 0x00, 0x00, 0x00, 0x00, 0x00, 0x00, 0x0f, 0x00, 0x00, 0x00,
    0x00, 0x00, 0x00, 0x00, 0x01, 0x00, 0x00, 0x00, 0x00, 0x00, 0x00, 0x00,
    0x02, 0x00, 0x00, 0x00, 0x00, 0x00, 0x00, 0x00, 0x38, 0x01, 0x00, 0x00,
    0x00, 0x00, 0x00, 0x00, 0x40, 0x01, 0x00, 0x00, 0x00, 0x00, 0x00, 0x00,
    0x43, 0x23, 0x13, 0x45, 0x00, 0xff, 0xff, 0xff, 0xff, 0xff, 0xff, 0xff,
    0xff, 0x21, 0x01, 0x07, 0x10, 0x00, 0x00, 0x00, 0x00, 0x00, 0x00, 0x00,
    0x0e, 0x00, 0x00, 0x00, 0x00, 0x00, 0x00, 0x00, 0x00, 0x00, 0x00, 0x00,
    0x00, 0x00, 0x00, 0x00, 0x01, 0x03, 0x09, 0xdb, 0x21, 0x23, 0x07, 0x03,
    0x01, 0x01, 0x01, 0x01, 0x01, 0xbb, 0x06, 0x48, 0x19, 0x1b, 0x1b, 0x83,
    0x25, 0x41, 0x05, 0x45, 0x0b, 0x53, 0x37, 0x05, 0x33, 0x01, 0x03, 0x00,
    0xff, 0xff, 0xff, 0xff, 0xff, 0xff, 0xff, 0xff, 0x05, 0x00, 0xff, 0xff,
    0xff, 0xff, 0xff, 0xff, 0xff, 0xff, 0x03, 0x03, 0x01, 0x07, 0x01, 0x01,
    0x03, 0x01, 0x01, 0xbd, 0x03, 0x21, 0x61, 0x73, 0x74, 0x5f, 0x73, 0x5f,
    0x70, 0x61, 0x72, 0x73, 0x65, 0x5f, 0x66, 0x69, 0x6c, 0x65, 0x01, 0x75,
    0x0e, 0x00, 0x00, 0x00, 0x00, 0x00, 0x00, 0x00, 0x0f, 0x00, 0x00, 0x00,
    0x00, 0x00, 0x00, 0x00, 0x01, 0x00, 0x00, 0x00, 0x00, 0x00, 0x00, 0x00,
    0x02, 0x00, 0x00, 0x00, 0x00, 0x00, 0x00, 0x00, 0xe0, 0x01, 0x00, 0x00,
    0x00, 0x00, 0x00, 0x00, 0xe8, 0x01, 0x00, 0x00, 0x00, 0x00, 0x00, 0x00,
    0x61, 0x47, 0x13, 0x63, 0x00, 0xff, 0xff, 0xff, 0xff, 0xff, 0xff, 0xff,
    0xff, 0x21, 0x01, 0x07, 0x13, 0x00, 0x00, 0x00, 0x00, 0x00, 0x00, 0x00,
    0x0e, 0x00, 0x00, 0x00, 0x00, 0x00, 0x00, 0x00, 0x00, 0x00, 0x00, 0x00,
    0x00, 0x00, 0x00, 0x00, 0x01, 0x03, 0x09, 0xdd, 0x2b, 0x23, 0x07, 0x03,
    0x01, 0x01, 0x01, 0x01, 0x01, 0xb3, 0x06, 0xf0, 0x23, 0x25, 0x25, 0xbf,
    0x49, 0x5f, 0x05, 0x63, 0x0b, 0x53, 0x37, 0x05, 0x33, 0x01, 0x03, 0x00,
    0xff, 0xff, 0xff, 0xff, 0xff, 0xff, 0xff, 0xff, 0x07, 0x00, 0xff, 0xff,
    0xff, 0xff, 0xff, 0xff, 0xff, 0xff, 0x03, 0x03, 0x01, 0x07, 0x01, 0x01,
    0x03, 0x01, 0x01, 0xbd, 0x05, 0x11, 0x61, 0x73, 0x74, 0x5f, 0x73, 0x5f,
    0x6f, 0x66, 0x01, 0x75, 0x0e, 0x00, 0x00, 0x00, 0x00, 0x00, 0x00, 0x00,
    0x0f, 0x00, 0x00, 0x00, 0x00, 0x00, 0x00, 0x00, 0x01, 0x00, 0x00, 0x00,
    0x00, 0x00, 0x00, 0x00, 0x02, 0x00, 0x00, 0x00, 0x00, 0x00, 0x00, 0x00,
    0x80, 0x02, 0x00, 0x00, 0x00, 0x00, 0x00, 0x00, 0x88, 0x02, 0x00, 0x00,
    0x00, 0x00, 0x00, 0x00, 0x87, 0x69, 0x13, 0x89, 0x00, 0xff, 0xff, 0xff,
    0xff, 0xff, 0xff, 0xff, 0xff, 0x21, 0x01, 0x07, 0x16, 0x00, 0x00, 0x00,
    0x00, 0x00, 0x00, 0x00, 0x0e, 0x00, 0x00, 0x00, 0x00, 0x00, 0x00, 0x00,
    0x00, 0x00, 0x00, 0x00, 0x00, 0x00, 0x00, 0x00, 0x01, 0x03, 0x09, 0xcd,
    0x1b, 0x23, 0x07, 0x03, 0x01, 0x01, 0x01, 0x01, 0x01, 0xb3, 0x0a, 0x90,
    0x29, 0x2b, 0x2b, 0x02, 0x85, 0x6b, 0x85, 0x05, 0x89, 0x0b, 0x53, 0x37,
    0x05, 0x33, 0x01, 0x03, 0x00, 0xff, 0xff, 0xff, 0xff, 0xff, 0xff, 0xff,
    0xff, 0x09, 0x00, 0xff, 0xff, 0xff, 0xff, 0xff, 0xff, 0xff, 0xff, 0x03,
    0x03, 0x01, 0x07, 0x01, 0x01, 0x03, 0x01, 0x01, 0x5d, 0x33, 0x0d, 0x5d,
    0x35, 0x0f, 0x5d, 0x37, 0x11, 0x5d, 0x39, 0x13, 0x5d, 0x3b, 0x15, 0x5d,
    0x3d, 0x17, 0x5d, 0x3f, 0x19, 0x5d, 0x41, 0x1b, 0x5d, 0x43, 0x1d, 0x5d,
    0x45, 0x1f, 0x25, 0x45, 0x75, 0xb1, 0x75, 0x07, 0xc1, 0x85, 0x03, 0xd1,
    0x93, 0x03, 0xe1, 0xa1, 0x03, 0xf1, 0xaf, 0x03, 0x02, 0x83, 0xbd, 0x03,
    0x02, 0x8b, 0xcb, 0x03, 0x02, 0x96, 0xd9, 0x03, 0x02, 0xa2, 0xe7, 0x03,
    0x02, 0xb2, 0xf5, 0x03, 0x02, 0xb2, 0xf5, 0x01, 0x02, 0xbd, 0x00, 0xff,
    0xff, 0xff, 0xff, 0xff, 0xff, 0xff, 0xff, 0x09, 0x01, 0x07, 0x07, 0x07,
    0x07, 0x07, 0x07, 0x07, 0x07, 0x07, 0x07, 0x05, 0x00, 0x00, 0x00, 0x00,
    0x01, 0x07, 0x43, 0xcb, 0x43, 0x01, 0x01, 0x01, 0x01, 0x01, 0x01, 0x01,
    0x01, 0x89, 0x01, 0x2f, 0x31, 0x31, 0x02, 0x97, 0x02, 0xb4, 0x97, 0x05,
    0x02, 0xbd, 0x0b, 0x89, 0x23, 0x19, 0x03, 0x01, 0x03, 0x03, 0x0b, 0x00,
    0xff, 0xff, 0xff, 0xff, 0xff, 0xff, 0xff, 0xff, 0x03, 0x03, 0x01, 0x01,
    0x01, 0x01, 0x03, 0x01, 0x01, 0xbd, 0x07, 0x1b, 0x61, 0x73, 0x74, 0x5f,
    0x6e, 0x6f, 0x64, 0x65, 0x5f, 0x74, 0x79, 0x70, 0x65, 0x01, 0x75, 0xb3,
    0x7b, 0x13, 0xb5, 0x00, 0xff, 0xff, 0xff, 0xff, 0xff, 0xff, 0xff, 0xff,
    0x21, 0x01, 0x07, 0x00, 0x01, 0x03, 0x09, 0x49, 0x25, 0x01, 0x01, 0x01,
    0x01, 0x01, 0x01, 0x01, 0x01, 0x25, 0x01, 0x47, 0x49, 0x49, 0x02, 0xb1,
    0x7d, 0xb1, 0x09, 0xb5, 0x0f, 0x25, 0x09, 0x05, 0x03, 0x01, 0x03, 0x00,
    0xff, 0xff, 0xff, 0xff, 0xff, 0xff, 0xff, 0xff, 0x0d, 0x00, 0xff, 0xff,
    0xff, 0xff, 0xff, 0xff, 0xff, 0xff, 0x03, 0x03, 0x01, 0x01, 0x01, 0x01,
    0x03, 0x01, 0x01, 0xbd, 0x09, 0x2b, 0x61, 0x73, 0x74, 0x5f, 0x6e, 0x6f,
    0x64, 0x65, 0x5f, 0x66, 0x69, 0x72, 0x73, 0x74, 0x5f, 0x6c, 0x69, 0x6e,
    0x65, 0x6e, 0x6f, 0x01, 0x75, 0xc3, 0x8b, 0x13, 0xc5, 0x00, 0xff, 0xff,
    0xff, 0xff, 0xff, 0xff, 0xff, 0xff, 0x21, 0x01, 0x07, 0x00, 0x00, 0x00,
    0x01, 0x03, 0x09, 0x5d, 0x35, 0x01, 0x01, 0x01, 0x01, 0x01, 0x01, 0x01,
    0x01, 0x29, 0x01, 0x4b, 0x4d, 0x4d, 0x02, 0xc1, 0x8d, 0xc1, 0x09, 0xc5,
    0x0f, 0x29, 0x0d, 0x05, 0x03, 0x01, 0x03, 0x00, 0xff, 0xff, 0xff, 0xff,
    0xff, 0xff, 0xff, 0xff, 0x0f, 0x00, 0xff, 0xff, 0xff, 0xff, 0xff, 0xff,
    0xff, 0xff, 0x03, 0x03, 0x01, 0x01, 0x01, 0x01, 0x03, 0x01, 0x01, 0xbd,
    0x0b, 0x2b, 0x61, 0x73, 0x74, 0x5f, 0x6e, 0x6f, 0x64, 0x65, 0x5f, 0x66,
    0x69, 0x72, 0x73, 0x74, 0x5f, 0x63, 0x6f, 0x6c, 0x75, 0x6d, 0x6e, 0x01,
    0x75, 0xd3, 0x99, 0x13, 0xd5, 0x00, 0xff, 0xff, 0xff, 0xff, 0xff, 0xff,
    0xff, 0xff, 0x21, 0x01, 0x07, 0x00, 0x00, 0x00, 0x01, 0x03, 0x09, 0x5d,
    0x35, 0x01, 0x01, 0x01, 0x01, 0x01, 0x01, 0x01, 0x01, 0x29, 0x01, 0x4f,
    0x51, 0x51, 0x02, 0xd1, 0x9b, 0xd1, 0x09, 0xd5, 0x0f, 0x29, 0x0d, 0x05,
    0x03, 0x01, 0x03, 0x00, 0xff, 0xff, 0xff, 0xff, 0xff, 0xff, 0xff, 0xff,
    0x11, 0x00, 0xff, 0xff, 0xff, 0xff, 0xff, 0xff, 0xff, 0xff, 0x03, 0x03,
    0x01, 0x01, 0x01, 0x01, 0x03, 0x01, 0x01, 0xbd, 0x0d, 0x29, 0x61, 0x73,
    0x74, 0x5f, 0x6e, 0x6f, 0x64, 0x65, 0x5f, 0x6c, 0x61, 0x73, 0x74, 0x5f,
    0x6c, 0x69, 0x6e, 0x65, 0x6e, 0x6f, 0x01, 0x75, 0xe3, 0xa7, 0x13, 0xe5,
    0x00, 0xff, 0xff, 0xff, 0xff, 0xff, 0xff, 0xff, 0xff, 0x21, 0x01, 0x07,
    0x00, 0x00, 0x00, 0x00, 0x01, 0x03, 0x09, 0x5d, 0x33, 0x01, 0x01, 0x01,
    0x01, 0x01, 0x01, 0x01, 0x01, 0x2b, 0x01, 0x53, 0x55, 0x55, 0x02, 0xe1,
    0xa9, 0xe1, 0x09, 0xe5, 0x0f, 0x2b, 0x0f, 0x05, 0x03, 0x01, 0x03, 0x00,
    0xff, 0xff, 0xff, 0xff, 0xff, 0xff, 0xff, 0xff, 0x13, 0x00, 0xff, 0xff,
    0xff, 0xff, 0xff, 0xff, 0xff, 0xff, 0x03, 0x03, 0x01, 0x01, 0x01, 0x01,
    0x03, 0x01, 0x01, 0xbd, 0x0f, 0x29, 0x61, 0x73, 0x74, 0x5f, 0x6e, 0x6f,
    0x64, 0x65, 0x5f, 0x6c, 0x61, 0x73, 0x74, 0x5f, 0x63, 0x6f, 0x6c, 0x75,
    0x6d, 0x6e, 0x01, 0x75, 0xf3, 0xb5, 0x13, 0xf5, 0x00, 0xff, 0xff, 0xff,
    0xff, 0xff, 0xff, 0xff, 0xff, 0x21, 0x01, 0x07, 0x00, 0x00, 0x00, 0x00,
    0x01, 0x03, 0x09, 0x5d, 0x33, 0x01, 0x01, 0x01, 0x01, 0x01, 0x01, 0x01,
    0x01, 0x2b, 0x01, 0x57, 0x59, 0x59, 0x02, 0xf1, 0xb7, 0xf1, 0x09, 0xf5,
    0x0f, 0x2b, 0x0f, 0x05, 0x03, 0x01, 0x03, 0x00, 0xff, 0xff, 0xff, 0xff,
    0xff, 0xff, 0xff, 0xff, 0x15, 0x00, 0xff, 0xff, 0xff, 0xff, 0xff, 0xff,
    0xff, 0xff, 0x03, 0x03, 0x01, 0x01, 0x01, 0x01, 0x03, 0x01, 0x01, 0xbd,
    0x11, 0x23, 0x61, 0x73, 0x74, 0x5f, 0x6e, 0x6f, 0x64, 0x65, 0x5f, 0x63,
    0x68, 0x69, 0x6c, 0x64, 0x72, 0x65, 0x6e, 0x01, 0x75, 0x02, 0x84, 0xc3,
    0x13, 0x02, 0x85, 0x00, 0xff, 0xff, 0xff, 0xff, 0xff, 0xff, 0xff, 0xff,
    0x21, 0x01, 0x07, 0x00, 0x00, 0x00, 0x00, 0x00, 0x01, 0x03, 0x09, 0x5d,
    0x2d, 0x01, 0x01, 0x01, 0x01, 0x01, 0x01, 0x01, 0x01, 0x31, 0x01, 0x5b,
    0x5d, 0x5d, 0x06, 0x07, 0xc5, 0x02, 0x83, 0x09, 0x02, 0x85, 0x0f, 0x31,
    0x11, 0x05, 0x03, 0x01, 0x03, 0x00, 0xff, 0xff, 0xff, 0xff, 0xff, 0xff,
    0xff, 0xff, 0x17, 0x00, 0xff, 0xff, 0xff, 0xff, 0xff, 0xff, 0xff, 0xff,
    0x03, 0x03, 0x01, 0x01, 0x01, 0x01, 0x03, 0x01, 0x01, 0xbd, 0x13, 0x21,
    0x61, 0x73, 0x74, 0x5f, 0x6e, 0x6f, 0x64, 0x65, 0x5f, 0x69, 0x6e, 0x73,
    0x70, 0x65, 0x63, 0x74, 0x01, 0x75, 0x02, 0x8c, 0xd1, 0x13, 0x02, 0x8d,
    0x00, 0xff, 0xff, 0xff, 0xff, 0xff, 0xff, 0xff, 0xff, 0x21, 0x01, 0x07,
    0x00, 0x00, 0x00, 0x00, 0x01, 0x03, 0x09, 0x59, 0x2b, 0x01, 0x01, 0x01,
    0x01, 0x01, 0x01, 0x01, 0x01, 0x2f, 0x01, 0x5f, 0x61, 0x61, 0x06, 0x17,
    0xd3, 0x02, 0x8b, 0x09, 0x02, 0x8d, 0x0f, 0x2f, 0x0f, 0x05, 0x03, 0x01,
    0x03, 0x00, 0xff, 0xff, 0xff, 0xff, 0xff, 0xff, 0xff, 0xff, 0x19, 0x00,
    0xff, 0xff, 0xff, 0xff, 0xff, 0xff, 0xff, 0xff, 0x03, 0x03, 0x01, 0x01,
    0x01, 0x01, 0x03, 0x01, 0x01, 0xbd, 0x15, 0x21, 0x61, 0x73, 0x74, 0x5f,
    0x6e, 0x6f, 0x64, 0x65, 0x5f, 0x6e, 0x6f, 0x64, 0x65, 0x5f, 0x69, 0x64,
    0x01, 0x75, 0x02, 0x97, 0xdf, 0x13, 0x02, 0x98, 0x00, 0xff, 0xff, 0xff,
    0xff, 0xff, 0xff, 0xff, 0xff, 0x21, 0x01, 0x07, 0x00, 0x00, 0x00, 0x00,
    0x01, 0x03, 0x09, 0x59, 0x2b, 0x01, 0x01, 0x01, 0x01, 0x01, 0x01, 0x01,
    0x01, 0x2f, 0x01, 0x63, 0x65, 0x65, 0x06, 0x2d, 0xe1, 0x02, 0x96, 0x09,
    0x02, 0x98, 0x0f, 0x2f, 0x0f, 0x05, 0x03, 0x01, 0x03, 0x00, 0xff, 0xff,
    0xff, 0xff, 0xff, 0xff, 0xff, 0xff, 0x1b, 0x00, 0xff, 0xff, 0xff, 0xff,
    0xff, 0xff, 0xff, 0xff, 0x03, 0x03, 0x01, 0x01, 0x01, 0x01, 0x03, 0x01,
    0x01, 0xbd, 0x17, 0x2b, 0x61, 0x73, 0x74, 0x5f, 0x6e, 0x6f, 0x64, 0x65,
    0x5f, 0x73, 0x63, 0x72, 0x69, 0x70, 0x74, 0x5f, 0x6c, 0x69, 0x6e, 0x65,
    0x73, 0x01, 0x75, 0x02, 0xa3, 0xed, 0x13, 0x02, 0xa4, 0x00, 0xff, 0xff,
    0xff, 0xff, 0xff, 0xff, 0xff, 0xff, 0x21, 0x01, 0x07, 0x00, 0x00, 0x00,
    0x00, 0x00, 0x00, 0x00, 0x01, 0x03, 0x09, 0x69, 0x35, 0x01, 0x01, 0x01,
    0x01, 0x01, 0x01, 0x01, 0x01, 0x35, 0x01, 0x67, 0x69, 0x69, 0x06, 0x45,
    0xef, 0x02, 0xa2, 0x09, 0x02, 0xa4, 0x0f, 0x35, 0x15, 0x05, 0x03, 0x01,
    0x03, 0x00, 0xff, 0xff, 0xff, 0xff, 0xff, 0xff, 0xff, 0xff, 0x1d, 0x00,
    0xff, 0xff, 0xff, 0xff, 0xff, 0xff, 0xff, 0xff, 0x03, 0x03, 0x01, 0x01,
    0x01, 0x01, 0x03, 0x01, 0x01, 0x23, 0x63, 0xc3, 0x07, 0xbf, 0x07, 0x7d,
    0x85, 0xbf, 0x07, 0x23, 0x63, 0xc9, 0x8b, 0x23, 0x63, 0xc9, 0x8b, 0x43,
    0x01, 0xa5, 0xc3, 0x07, 0xbf, 0x07, 0x25, 0x6f, 0xbf, 0x07, 0x25, 0x6f,
    0xa5, 0xc7, 0x23, 0x63, 0x43, 0x03, 0xa5, 0xa7, 0x45, 0xbf, 0x07, 0xc7,
    0xbf, 0x07, 0xc7, 0xa5, 0x23, 0x63, 0x25, 0x6f, 0x43, 0x01, 0xa5, 0xa7,
    0x45, 0xbf, 0x07, 0x63, 0x75, 0x21, 0x75, 0x02, 0xb3, 0xfb, 0x13, 0x02,
    0xb3, 0xfb, 0x01, 0x02, 0xb3, 0xf9, 0x01, 0x02, 0xb4, 0xfd, 0x03, 0x02,
    0xb4, 0xfd, 0x01, 0x02, 0xb5, 0x02, 0x80, 0x03, 0x02, 0xb5, 0x02, 0x81,
    0x01, 0x02, 0xb5, 0x02, 0x82, 0x01, 0x02, 0xb5, 0x02, 0x84, 0xc1, 0x02,
    0xb5, 0x02, 0x85, 0x01, 0x02, 0xb5, 0x02, 0x86, 0x01, 0x02, 0xb5, 0x02,
    0x88, 0xc1, 0x02, 0xb5, 0x02, 0x89, 0x01, 0x02, 0xb5, 0x02, 0x8b, 0xc1,
    0x02, 0xb5, 0xff, 0x01, 0x02, 0xb6, 0x02, 0x8c, 0x03, 0x02, 0xb6, 0x02,
    0x8d, 0x01, 0x02, 0xb6, 0x02, 0x90, 0x01, 0x02, 0xb6, 0x02, 0x91, 0x01,
    0x02, 0xb6, 0x02, 0x93, 0xc1, 0x02, 0xb6, 0x02, 0x94, 0x01, 0x02, 0xb6,
    0x02, 0x95, 0x01, 0x02, 0xb6, 0x02, 0x96, 0x01, 0x02, 0xb6, 0x02, 0x98,
    0xc1, 0x02, 0xb6, 0x02, 0x8f, 0xc1, 0x02, 0xb6, 0x02, 0x8f, 0x01, 0x02,
    0xb7, 0x02, 0x9c, 0x03, 0x02, 0xb7, 0x02, 0x9d, 0x01, 0x02, 0xb7, 0x02,
    0xa0, 0x01, 0x02, 0xb7, 0x02, 0xa1, 0x01, 0x02, 0xb7, 0x02, 0xa3, 0xc1,
    0x02, 0xb7, 0x02, 0xa4, 0x01, 0x02, 0xb7, 0x02, 0xa5, 0x01, 0x02, 0xb7,
    0x02, 0xa6, 0x01, 0x02, 0xb7, 0x02, 0xa8, 0xc1, 0x02, 0xb7, 0x02, 0x9f,
    0xc1, 0x02, 0xb7, 0x02, 0x9f, 0x01, 0x02, 0xb8, 0x02, 0xab, 0x03, 0x02,
    0xb8, 0x02, 0xac, 0x01, 0x02, 0xbc, 0x00, 0xff, 0xff, 0xff, 0xff, 0xff,
    0xff, 0xff, 0xff, 0x21, 0x02, 0xb8, 0x00, 0xff, 0xff, 0xff, 0xff, 0xff,
    0xff, 0xff, 0xff, 0x01, 0x02, 0xbc, 0x00, 0xff, 0xff, 0xff, 0xff, 0xff,
    0xff, 0xff, 0xff, 0x21, 0x01, 0x03, 0x05, 0x05, 0x05, 0x05, 0x05, 0x07,
    0x03, 0x05, 0x07, 0x03, 0x05, 0x05, 0x05, 0x05, 0x05, 0x05, 0x05, 0x05,
    0x05, 0x03, 0x07, 0x05, 0x05, 0x05, 0x03, 0x05, 0x03, 0x05, 0x03, 0x05,
    0x07, 0x05, 0x05, 0x05, 0x05, 0x03, 0x05, 0x05, 0x03, 0x03, 0x00, 0x00,
    0x38, 0x00, 0x00, 0x00, 0x00, 0x00, 0x00, 0x00, 0x43, 0x39, 0x01, 0x01,
    0x35, 0x39, 0x01, 0x01, 0x73, 0x21, 0x03, 0x01, 0x39, 0x39, 0x01, 0x01,
    0x73, 0x21, 0x03, 0x01, 0x75, 0x21, 0x03, 0x01, 0x75, 0x21, 0x03, 0x01,
    0x3b, 0x39, 0x01, 0x01, 0x75, 0x21, 0x03, 0x01, 0x77, 0x21, 0x05, 0x01,
    0x75, 0x21, 0x03, 0x01, 0x37, 0x39, 0x01, 0x01, 0x75, 0x21, 0x03, 0x01,
    0x77, 0x21, 0x05, 0x01, 0x79, 0x21, 0x01, 0x01, 0x01, 0x03, 0x9b, 0x06,
    0x90, 0x7d, 0x01, 0x01, 0x01, 0x01, 0x01, 0x01, 0x01, 0x01, 0x06, 0x52,
    0x01, 0x6b, 0x6d, 0x6d, 0x06, 0x65, 0x02, 0xb2, 0x02, 0xb2, 0x09, 0x02,
    0xbc, 0x0f, 0x06, 0x52, 0xe3, 0x55, 0x8b, 0x01, 0x7b, 0x00, 0xff, 0xff,
    0xff, 0xff, 0xff, 0xff, 0xff, 0xff, 0x1f, 0x00, 0xff, 0xff, 0xff, 0xff,
    0xff, 0xff, 0xff, 0xff, 0x7b, 0x03, 0x01, 0x03, 0x01, 0x1f, 0x0b, 0x01,
    0x01, 0x00, 0x00, 0x00, 0x61, 0x00, 0x00, 0x00, 0xf1, 0x00, 0x00, 0x00,
    0x91, 0x01, 0x00, 0x00, 0x39, 0x02, 0x00, 0x00, 0xd9, 0x02, 0x00, 0x00,
    0x79, 0x03, 0x00, 0x00, 0xd1, 0x03, 0x00, 0x00, 0x39, 0x04, 0x00, 0x00,
    0xa1, 0x04, 0x00, 0x00, 0x09, 0x05, 0x00, 0x00, 0x71, 0x05, 0x00, 0x00,
    0xd9, 0x05, 0x00, 0x00, 0x41, 0x06, 0x00, 0x00, 0xa9, 0x06, 0x00, 0x00,
    0x19, 0x07, 0x00, 0x00, 0xe5, 0x08, 0x00, 0x00, 0xf1, 0x11, 0x00, 0x00,
    0x47, 0x05, 0x05, 0x01, 0x45, 0x05, 0x1d, 0x3c, 0x69, 0x6e, 0x74, 0x65,
    0x72, 0x6e, 0x61, 0x6c, 0x3a, 0x61, 0x73, 0x74, 0x3e, 0x00, 0x00, 0x00,
    0xf2, 0x29, 0x00, 0x00, 0x14, 0x05, 0x0d, 0x52, 0x75, 0x62, 0x79, 0x56,
    0x4d, 0x00, 0x00, 0x00, 0x14, 0x05, 0x25, 0x41, 0x62, 0x73, 0x74, 0x72,
    0x61, 0x63, 0x74, 0x53, 0x79, 0x6e, 0x74, 0x61, 0x78, 0x54, 0x72, 0x65,
    0x65, 0x00, 0x00, 0x00, 0x47, 0x05, 0x05, 0x01, 0x45, 0x01, 0x37, 0x3c,
    0x6d, 0x6f, 0x64, 0x75, 0x6c, 0x65, 0x3a, 0x41, 0x62, 0x73, 0x74, 0x72,
    0x61, 0x63, 0x74, 0x53, 0x79, 0x6e, 0x74, 0x61, 0x78, 0x54, 0x72, 0x65,
    0x65, 0x3e, 0x00, 0x00, 0x14, 0x05, 0x0b, 0x70, 0x61, 0x72, 0x73, 0x65,
    0x14, 0x05, 0x15, 0x70, 0x61, 0x72, 0x73, 0x65, 0x5f, 0x66, 0x69, 0x6c,
    0x65, 0x00, 0x00, 0x00, 0x14, 0x05, 0x05, 0x6f, 0x66, 0x00, 0x00, 0x00,
    0x14, 0x05, 0x09, 0x4e, 0x6f, 0x64, 0x65, 0x00, 0x47, 0x05, 0x05, 0x01,
    0x45, 0x05, 0x0b, 0x70, 0x61, 0x72, 0x73, 0x65, 0x14, 0x05, 0x23, 0x6b,
    0x65, 0x65, 0x70, 0x5f, 0x73, 0x63, 0x72, 0x69, 0x70, 0x74, 0x5f, 0x6c,
    0x69, 0x6e, 0x65, 0x73, 0xf3, 0x01, 0x00, 0x00, 0x14, 0x05, 0x0d, 0x73,
    0x74, 0x72, 0x69, 0x6e, 0x67, 0x00, 0x00, 0x00, 0x47, 0x05, 0x05, 0x01,
    0x45, 0x05, 0x15, 0x70, 0x61, 0x72, 0x73, 0x65, 0x5f, 0x66, 0x69, 0x6c,
    0x65, 0x00, 0x00, 0x00, 0x14, 0x05, 0x11, 0x70, 0x61, 0x74, 0x68, 0x6e,
    0x61, 0x6d, 0x65, 0x00, 0x47, 0x05, 0x05, 0x01, 0x45, 0x05, 0x05, 0x6f,
    0x66, 0x00, 0x00, 0x00, 0x14, 0x05, 0x09, 0x62, 0x6f, 0x64, 0x79, 0x00,
    0x47, 0x05, 0x05, 0x01, 0x45, 0x01, 0x19, 0x3c, 0x63, 0x6c, 0x61, 0x73,
    0x73, 0x3a, 0x4e, 0x6f, 0x64, 0x65, 0x3e, 0x00, 0x14, 0x05, 0x09, 0x74,
    0x79, 0x70, 0x65, 0x00, 0x14, 0x05, 0x19, 0x66, 0x69, 0x72, 0x73, 0x74,
    0x5f, 0x6c, 0x69, 0x6e, 0x65, 0x6e, 0x6f, 0x00, 0x14, 0x05, 0x19, 0x66,
    0x69, 0x72, 0x73, 0x74, 0x5f, 0x63, 0x6f, 0x6c, 0x75, 0x6d, 0x6e, 0x00,
    0x14, 0x05, 0x17, 0x6c, 0x61, 0x73, 0x74, 0x5f, 0x6c, 0x69, 0x6e, 0x65,
    0x6e, 0x6f, 0x00, 0x00, 0x14, 0x05, 0x17, 0x6c, 0x61, 0x73, 0x74, 0x5f,
    0x63, 0x6f, 0x6c, 0x75, 0x6d, 0x6e, 0x00, 0x00, 0x14, 0x05, 0x11, 0x63,
    0x68, 0x69, 0x6c, 0x64, 0x72, 0x65, 0x6e, 0x00, 0x14, 0x05, 0x0f, 0x69,
    0x6e, 0x73, 0x70, 0x65, 0x63, 0x74, 0x00, 0x00, 0x14, 0x05, 0x0f, 0x6e,
    0x6f, 0x64, 0x65, 0x5f, 0x69, 0x64, 0x00, 0x00, 0x14, 0x05, 0x19, 0x73,
    0x63, 0x72, 0x69, 0x70, 0x74, 0x5f, 0x6c, 0x69, 0x6e, 0x65, 0x73, 0x00,
    0x14, 0x05, 0x0d, 0x73, 0x6f, 0x75, 0x72, 0x63, 0x65, 0x00, 0x00, 0x00,
    0x47, 0x05, 0x05, 0x01, 0x45, 0x05, 0x09, 0x74, 0x79, 0x70, 0x65, 0x00,
    0x47, 0x05, 0x05, 0x01, 0x45, 0x05, 0x19, 0x66, 0x69, 0x72, 0x73, 0x74,
    0x5f, 0x6c, 0x69, 0x6e, 0x65, 0x6e, 0x6f, 0x00, 0x47, 0x05, 0x05, 0x01,
    0x45, 0x05, 0x19, 0x66, 0x69, 0x72, 0x73, 0x74, 0x5f, 0x63, 0x6f, 0x6c,
    0x75, 0x6d, 0x6e, 0x00, 0x47, 0x05, 0x05, 0x01, 0x45, 0x05, 0x17, 0x6c,
    0x61, 0x73, 0x74, 0x5f, 0x6c, 0x69, 0x6e, 0x65, 0x6e, 0x6f, 0x00, 0x00,
    0x47, 0x05, 0x05, 0x01, 0x45, 0x05, 0x17, 0x6c, 0x61, 0x73, 0x74, 0x5f,
    0x63, 0x6f, 0x6c, 0x75, 0x6d, 0x6e, 0x00, 0x00, 0x47, 0x05, 0x05, 0x01,
    0x45, 0x05, 0x11, 0x63, 0x68, 0x69, 0x6c, 0x64, 0x72, 0x65, 0x6e, 0x00,
    0x47, 0x05, 0x05, 0x01, 0x45, 0x05, 0x0f, 0x69, 0x6e, 0x73, 0x70, 0x65,
    0x63, 0x74, 0x00, 0x00, 0x47, 0x05, 0x05, 0x01, 0x45, 0x05, 0x0f, 0x6e,
    0x6f, 0x64, 0x65, 0x5f, 0x69, 0x64, 0x00, 0x00, 0x47, 0x05, 0x05, 0x01,
    0x45, 0x05, 0x19, 0x73, 0x63, 0x72, 0x69, 0x70, 0x74, 0x5f, 0x6c, 0x69,
    0x6e, 0x65, 0x73, 0x00, 0x47, 0x05, 0x05, 0x01, 0x45, 0x05, 0x0d, 0x73,
    0x6f, 0x75, 0x72, 0x63, 0x65, 0x00, 0x00, 0x00, 0xf5, 0x00, 0xff, 0xff,
    0xff, 0xff, 0xff, 0xff, 0xff, 0xff, 0x00, 0x00, 0x14, 0x05, 0x0b, 0x6c,
    0x69, 0x6e, 0x65, 0x73, 0x14, 0x05, 0x03, 0x2d, 0x14, 0x05, 0x05, 0x5b,
    0x5d, 0x00, 0x00, 0x00, 0x14, 0x05, 0x07, 0x5b, 0x5d, 0x3d, 0x00, 0x00,
    0x14, 0x05, 0x09, 0x6a, 0x6f, 0x69, 0x6e, 0x00, 0x68, 0x09, 0x00, 0x00,
    0x6c, 0x09, 0x00, 0x00, 0x70, 0x09, 0x00, 0x00, 0x84, 0x09, 0x00, 0x00,
    0x88, 0x09, 0x00, 0x00, 0x94, 0x09, 0x00, 0x00, 0xac, 0x09, 0x00, 0x00,
    0xb0, 0x09, 0x00, 0x00, 0xd0, 0x09, 0x00, 0x00, 0xd8, 0x09, 0x00, 0x00,
    0xe8, 0x09, 0x00, 0x00, 0xf0, 0x09, 0x00, 0x00, 0xf8, 0x09, 0x00, 0x00,
    0xfc, 0x09, 0x00, 0x00, 0x04, 0x0a, 0x00, 0x00, 0x18, 0x0a, 0x00, 0x00,
    0x1c, 0x0a, 0x00, 0x00, 0x28, 0x0a, 0x00, 0x00, 0x2c, 0x0a, 0x00, 0x00,
    0x3c, 0x0a, 0x00, 0x00, 0x48, 0x0a, 0x00, 0x00, 0x4c, 0x0a, 0x00, 0x00,
    0x54, 0x0a, 0x00, 0x00, 0x5c, 0x0a, 0x00, 0x00, 0x60, 0x0a, 0x00, 0x00,
    0x70, 0x0a, 0x00, 0x00, 0x78, 0x0a, 0x00, 0x00, 0x88, 0x0a, 0x00, 0x00,
    0x98, 0x0a, 0x00, 0x00, 0xa8, 0x0a, 0x00, 0x00, 0xb8, 0x0a, 0x00, 0x00,
    0xc4, 0x0a, 0x00, 0x00, 0xd0, 0x0a, 0x00, 0x00, 0xdc, 0x0a, 0x00, 0x00,
    0xec, 0x0a, 0x00, 0x00, 0xf8, 0x0a, 0x00, 0x00, 0xfc, 0x0a, 0x00, 0x00,
    0x04, 0x0b, 0x00, 0x00, 0x08, 0x0b, 0x00, 0x00, 0x18, 0x0b, 0x00, 0x00,
    0x1c, 0x0b, 0x00, 0x00, 0x2c, 0x0b, 0x00, 0x00, 0x30, 0x0b, 0x00, 0x00,
    0x40, 0x0b, 0x00, 0x00, 0x44, 0x0b, 0x00, 0x00, 0x54, 0x0b, 0x00, 0x00,
    0x58, 0x0b, 0x00, 0x00, 0x64, 0x0b, 0x00, 0x00, 0x68, 0x0b, 0x00, 0x00,
    0x74, 0x0b, 0x00, 0x00, 0x78, 0x0b, 0x00, 0x00, 0x84, 0x0b, 0x00, 0x00,
    0x88, 0x0b, 0x00, 0x00, 0x98, 0x0b, 0x00, 0x00, 0x9c, 0x0b, 0x00, 0x00,
    0xa8, 0x0b, 0x00, 0x00, 0xb4, 0x0b, 0x00, 0x00, 0xbc, 0x0b, 0x00, 0x00,
    0xc0, 0x0b, 0x00, 0x00, 0xc8, 0x0b, 0x00, 0x00, 0xd0, 0x0b, 0x00, 0x00,
};

static const unsigned char trace_point_bin[] = {
    0x59, 0x41, 0x52, 0x42, 0x03, 0x00, 0x00, 0x00, 0x01, 0x00, 0x00, 0x00,
    0xd4, 0x0f, 0x00, 0x00, 0x00, 0x00, 0x00, 0x00, 0x17, 0x00, 0x00, 0x00,
    0x49, 0x00, 0x00, 0x00, 0x60, 0x0b, 0x00, 0x00, 0xb0, 0x0e, 0x00, 0x00,
    0x78, 0x38, 0x36, 0x5f, 0x36, 0x34, 0x2d, 0x64, 0x61, 0x72, 0x77, 0x69,
    0x6e, 0x32, 0x31, 0x00, 0x27, 0x07, 0x21, 0x5b, 0x07, 0x03, 0x01, 0x75,
    0x67, 0x01, 0x03, 0x67, 0x00, 0xff, 0xff, 0xff, 0xff, 0xff, 0xff, 0xff,
    0xff, 0x01, 0x67, 0x02, 0xaf, 0x01, 0x67, 0x00, 0xff, 0xff, 0xff, 0xff,
    0xff, 0xff, 0xff, 0xff, 0x01, 0x01, 0x05, 0x03, 0x09, 0x00, 0x00, 0x00,
    0x01, 0x01, 0x11, 0x5b, 0x11, 0x01, 0x01, 0x01, 0x01, 0x01, 0x01, 0x01,
    0x01, 0x4b, 0x01, 0x03, 0x05, 0x05, 0x03, 0x02, 0xb0, 0x67, 0x01, 0x06,
    0x72, 0x07, 0x4b, 0x11, 0x09, 0x03, 0x01, 0x03, 0x00, 0xff, 0xff, 0xff,
    0xff, 0xff, 0xff, 0xff, 0xff, 0x01, 0x00, 0xff, 0xff, 0xff, 0xff, 0xff,
    0xff, 0xff, 0xff, 0x03, 0x03, 0x01, 0x01, 0x01, 0x01, 0x05, 0x01, 0x01,
    0x23, 0x5f, 0x0d, 0x05, 0x5d, 0x0f, 0x07, 0x23, 0x5f, 0x11, 0x09, 0x23,
    0x5f, 0x13, 0x0b, 0x23, 0x5f, 0x15, 0x0d, 0x5d, 0x17, 0x0f, 0x5d, 0x19,
    0x11, 0x5d, 0x1b, 0x13, 0x5d, 0x1d, 0x15, 0x5d, 0x1f, 0x17, 0x5d, 0x21,
    0x19, 0x5d, 0x23, 0x1b, 0x5d, 0x25, 0x1d, 0x5d, 0x27, 0x1f, 0x5d, 0x29,
    0x21, 0x5d, 0x2b, 0x23, 0x5d, 0x2d, 0x25, 0x5d, 0x2f, 0x27, 0x5d, 0x31,
    0x29, 0x5d, 0x33, 0x2b, 0x5d, 0x35, 0x2d, 0x25, 0x35, 0x75, 0xc3, 0x05,
    0x07, 0xc3, 0x09, 0x01, 0xd5, 0x1d, 0x03, 0xef, 0x29, 0x03, 0xef, 0x2d,
    0x01, 0x02, 0x86, 0x39, 0x03, 0x02, 0x86, 0x3d, 0x01, 0x02, 0x96, 0x4d,
    0x03, 0x02, 0x96, 0x51, 0x01, 0x02, 0xd3, 0x5f, 0x03, 0x02, 0xf7, 0x8d,
    0x03, 0x02, 0xff, 0x9b, 0x03, 0x06, 0x06, 0xa9, 0x03, 0x06, 0x0b, 0xb7,
    0x03, 0x06, 0x10, 0xc5, 0x03, 0x06, 0x16, 0xd3, 0x03, 0x06, 0x1b, 0xe1,
    0x03, 0x06, 0x20, 0xef, 0x03, 0x06, 0x44, 0xfd, 0x03, 0x06, 0x4d, 0x02,
    0x85, 0x03, 0x06, 0x57, 0x02, 0x8c, 0x03, 0x06, 0x5c, 0x02, 0x93, 0x03,
    0x06, 0x61, 0x02, 0x9a, 0x03, 0x06, 0x67, 0x02, 0xa1, 0x03, 0x06, 0x6f,
    0x02, 0xa8, 0x03, 0x06, 0x6f, 0x02, 0xa8, 0x01, 0x06, 0x72, 0x00, 0xff,
    0xff, 0xff, 0xff, 0xff, 0xff, 0xff, 0xff, 0x09, 0x01, 0x03, 0x07, 0x07,
    0x03, 0x07, 0x03, 0x07, 0x03, 0x07, 0x07, 0x07, 0x07, 0x07, 0x07, 0x07,
    0x07, 0x07, 0x07, 0x07, 0x07, 0x07, 0x07, 0x07, 0x07, 0x07, 0x05, 0x00,
    0x00, 0x00, 0x00, 0x00, 0x01, 0x07, 0x8d, 0x02, 0xdd, 0x8d, 0x01, 0x01,
    0x01, 0x01, 0x01, 0x01, 0x01, 0x01, 0x02, 0x97, 0x01, 0x09, 0x0b, 0x0b,
    0xcf, 0x02, 0xae, 0x67, 0x01, 0x06, 0x72, 0x07, 0x02, 0x97, 0x43, 0x37,
    0x03, 0x01, 0x03, 0x01, 0x03, 0x00, 0xff, 0xff, 0xff, 0xff, 0xff, 0xff,
    0xff, 0xff, 0x03, 0x03, 0x01, 0x01, 0x01, 0x01, 0x03, 0x01, 0x01, 0xbd,
    0x01, 0x21, 0x74, 0x72, 0x61, 0x63, 0x65, 0x70, 0x6f, 0x69, 0x6e, 0x74,
    0x5f, 0x6e, 0x65, 0x77, 0x5f, 0x73, 0x01, 0x75, 0xc5, 0x13, 0x13, 0xc7,
    0x00, 0xff, 0xff, 0xff, 0xff, 0xff, 0xff, 0xff, 0xff, 0x21, 0x01, 0x07,
    0x00, 0x00, 0x00, 0x00, 0x1d, 0x00, 0x00, 0x00, 0x00, 0x00, 0x00, 0x00,
    0x01, 0x03, 0x09, 0x65, 0x2b, 0x09, 0x03, 0x01, 0x01, 0x01, 0x01, 0x01,
    0x01, 0x3b, 0x01, 0x37, 0x39, 0x39, 0x02, 0xc3, 0x15, 0xc3, 0x05, 0xc7,
    0x0b, 0x3b, 0x1f, 0x05, 0x13, 0x01, 0x03, 0x00, 0xff, 0xff, 0xff, 0xff,
    0xff, 0xff, 0xff, 0xff, 0x05, 0x00, 0xff, 0xff, 0xff, 0xff, 0xff, 0xff,
    0xff, 0xff, 0x03, 0x03, 0x01, 0x03, 0x01, 0x01, 0x03, 0x01, 0x01, 0xbd,
    0x03, 0x25, 0x74, 0x72, 0x61, 0x63, 0x65, 0x70, 0x6f, 0x69, 0x6e, 0x74,
    0x5f, 0x69, 0x6e, 0x73, 0x70, 0x65, 0x63, 0x74, 0x01, 0x75, 0xd7, 0x23,
    0x13, 0xd9, 0x00, 0xff, 0xff, 0xff, 0xff, 0xff, 0xff, 0xff, 0xff, 0x21,
    0x01, 0x07, 0x00, 0x00, 0x00, 0x00, 0x00, 0x00, 0x01, 0x03, 0x09, 0x5d,
    0x2f, 0x01, 0x01, 0x01, 0x01, 0x01, 0x01, 0x01, 0x01, 0x2f, 0x01, 0x3d,
    0x3f, 0x3f, 0x02, 0xd5, 0x25, 0xd5, 0x05, 0xd9, 0x0b, 0x2f, 0x13, 0x05,
    0x03, 0x01, 0x03, 0x00, 0xff, 0xff, 0xff, 0xff, 0xff, 0xff, 0xff, 0xff,
    0x07, 0x00, 0xff, 0xff, 0xff, 0xff, 0xff, 0xff, 0xff, 0xff, 0x03, 0x03,
    0x01, 0x01, 0x01, 0x01, 0x03, 0x01, 0x01, 0xbd, 0x05, 0x23, 0x74, 0x72,
    0x61, 0x63, 0x65, 0x70, 0x6f, 0x69, 0x6e, 0x74, 0x5f, 0x73, 0x74, 0x61,
    0x74, 0x5f, 0x73, 0x01, 0x75, 0xf1, 0x33, 0x13, 0xf3, 0x00, 0xff, 0xff,
    0xff, 0xff, 0xff, 0xff, 0xff, 0xff, 0x21, 0x01, 0x07, 0x00, 0x00, 0x00,
    0x00, 0x00, 0x00, 0x00, 0x01, 0x03, 0x09, 0x5d, 0x2d, 0x01, 0x01, 0x01,
    0x01, 0x01, 0x01, 0x01, 0x01, 0x31, 0x01, 0x41, 0x43, 0x43, 0x02, 0xef,
    0x35, 0xef, 0x05, 0xf3, 0x0b, 0x31, 0x15, 0x05, 0x03, 0x01, 0x03, 0x00,
    0xff, 0xff, 0xff, 0xff, 0xff, 0xff, 0xff, 0xff, 0x09, 0x00, 0xff, 0xff,
    0xff, 0xff, 0xff, 0xff, 0xff, 0xff, 0x03, 0x03, 0x01, 0x01, 0x01, 0x01,
    0x03, 0x01, 0x01, 0xbd, 0x07, 0x25, 0x74, 0x72, 0x61, 0x63, 0x65, 0x70,
    0x6f, 0x69, 0x6e, 0x74, 0x5f, 0x74, 0x72, 0x61, 0x63, 0x65, 0x5f, 0x73,
    0x01, 0x75, 0x02, 0x87, 0x47, 0x13, 0x02, 0x88, 0x00, 0xff, 0xff, 0xff,
    0xff, 0xff, 0xff, 0xff, 0xff, 0x21, 0x01, 0x07, 0x00, 0x00, 0x00, 0x00,
    0x1d, 0x00, 0x00, 0x00, 0x00, 0x00, 0x00, 0x00, 0x01, 0x03, 0x09, 0x6d,
    0x2f, 0x09, 0x03, 0x01, 0x01, 0x01, 0x01, 0x01, 0x01, 0x3f, 0x01, 0x45,
    0x47, 0x47, 0x06, 0x0d, 0x49, 0x02, 0x86, 0x05, 0x02, 0x88, 0x0b, 0x3f,
    0x1f, 0x05, 0x13, 0x01, 0x03, 0x00, 0xff, 0xff, 0xff, 0xff, 0xff, 0xff,
    0xff, 0xff, 0x0b, 0x00, 0xff, 0xff, 0xff, 0xff, 0xff, 0xff, 0xff, 0xff,
    0x03, 0x03, 0x01, 0x03, 0x01, 0x01, 0x03, 0x01, 0x01, 0xbd, 0x09, 0x31,
    0x74, 0x72, 0x61, 0x63, 0x65, 0x70, 0x6f, 0x69, 0x6e, 0x74, 0x5f, 0x61,
    0x6c, 0x6c, 0x6f, 0x77, 0x5f, 0x72, 0x65, 0x65, 0x6e, 0x74, 0x72, 0x79,
    0x01, 0x75, 0x02, 0x97, 0x57, 0x13, 0x02, 0x98, 0x00, 0xff, 0xff, 0xff,
    0xff, 0xff, 0xff, 0xff, 0xff, 0x21, 0x01, 0x07, 0x00, 0x00, 0x00, 0x00,
    0x01, 0x03, 0x09, 0x69, 0x3b, 0x01, 0x01, 0x01, 0x01, 0x01, 0x01, 0x01,
    0x01, 0x2f, 0x01, 0x49, 0x4b, 0x4b, 0x06, 0x2d, 0x59, 0x02, 0x96, 0x05,
    0x02, 0x98, 0x0b, 0x2f, 0x0f, 0x05, 0x03, 0x01, 0x03, 0x00, 0xff, 0xff,
    0xff, 0xff, 0xff, 0xff, 0xff, 0xff, 0x0d, 0x00, 0xff, 0xff, 0xff, 0xff,
    0xff, 0xff, 0xff, 0xff, 0x03, 0x03, 0x01, 0x01, 0x01, 0x01, 0x03, 0x01,
    0x01, 0xbd, 0x0b, 0x27, 0x74, 0x72, 0x61, 0x63, 0x65, 0x70, 0x6f, 0x69,
    0x6e, 0x74, 0x5f, 0x65, 0x6e, 0x61, 0x62, 0x6c, 0x65, 0x5f, 0x6d, 0x01,
    0x75, 0x00, 0x00, 0x00, 0x28, 0x00, 0x00, 0x00, 0x00, 0x00, 0x00, 0x00,
    0x29, 0x00, 0x00, 0x00, 0x00, 0x00, 0x00, 0x00, 0x2a, 0x00, 0x00, 0x00,
    0x00, 0x00, 0x00, 0x00, 0x00, 0x00, 0x00, 0x00, 0x00, 0x00, 0x00, 0x00,
    0x00, 0x00, 0x00, 0x00, 0x00, 0x00, 0x00, 0x00, 0x00, 0x00, 0x00, 0x00,
    0x00, 0x00, 0x00, 0x00, 0x03, 0x00, 0x00, 0x00, 0x00, 0x00, 0x00, 0x00,
    0x03, 0x00, 0x00, 0x00, 0x00, 0x00, 0x00, 0x00, 0xe8, 0x03, 0x00, 0x00,
    0x00, 0x00, 0x00, 0x00, 0x00, 0x04, 0x00, 0x00, 0x00, 0x00, 0x00, 0x00,
    0x02, 0xd4, 0x85, 0x13, 0x02, 0xd5, 0x00, 0xff, 0xff, 0xff, 0xff, 0xff,
    0xff, 0xff, 0xff, 0x21, 0x01, 0x07, 0x00, 0x00, 0x00, 0x00, 0x00, 0x00,
    0x28, 0x00, 0x00, 0x00, 0x00, 0x00, 0x00, 0x00, 0x29, 0x00, 0x00, 0x00,
    0x00, 0x00, 0x00, 0x00, 0x2a, 0x00, 0x00, 0x00, 0x00, 0x00, 0x00, 0x00,
    0x00, 0x00, 0x00, 0x00, 0x00, 0x00, 0x00, 0x00, 0x01, 0x03, 0x09, 0x02,
    0xa4, 0x31, 0x21, 0x09, 0x01, 0x01, 0x01, 0x01, 0x01, 0x01, 0x02, 0x8c,
    0x12, 0x18, 0x4d, 0x4f, 0x4f, 0x06, 0xa7, 0x87, 0x02, 0xd3, 0x05, 0x02,
    0xd5, 0x0b, 0x73, 0x53, 0x05, 0x43, 0x01, 0x03, 0x00, 0xff, 0xff, 0xff,
    0xff, 0xff, 0xff, 0xff, 0xff, 0x0f, 0x00, 0xff, 0xff, 0xff, 0xff, 0xff,
    0xff, 0xff, 0xff, 0x03, 0x03, 0x01, 0x09, 0x01, 0x01, 0x03, 0x01, 0x01,
    0xbd, 0x0d, 0x29, 0x74, 0x72, 0x61, 0x63, 0x65, 0x70, 0x6f, 0x69, 0x6e,
    0x74, 0x5f, 0x64, 0x69, 0x73, 0x61, 0x62, 0x6c, 0x65, 0x5f, 0x6d, 0x01,
    0x75, 0x02, 0xf8, 0x93, 0x13, 0x02, 0xf9, 0x00, 0xff, 0xff, 0xff, 0xff,
    0xff, 0xff, 0xff, 0xff, 0x21, 0x01, 0x07, 0x00, 0x00, 0x00, 0x00, 0x00,
    0x01, 0x03, 0x09, 0x63, 0x33, 0x01, 0x01, 0x01, 0x01, 0x01, 0x01, 0x01,
    0x01, 0x31, 0x01, 0x57, 0x59, 0x59, 0x06, 0xef, 0x95, 0x02, 0xf7, 0x05,
    0x02, 0xf9, 0x0b, 0x31, 0x11, 0x05, 0x03, 0x01, 0x03, 0x00, 0xff, 0xff,
    0xff, 0xff, 0xff, 0xff, 0xff, 0xff, 0x11, 0x00, 0xff, 0xff, 0xff, 0xff,
    0xff, 0xff, 0xff, 0xff, 0x03, 0x03, 0x01, 0x01, 0x01, 0x01, 0x03, 0x01,
    0x01, 0xbd, 0x0f, 0x29, 0x74, 0x72, 0x61, 0x63, 0x65, 0x70, 0x6f, 0x69,
    0x6e, 0x74, 0x5f, 0x65, 0x6e, 0x61, 0x62, 0x6c, 0x65, 0x64, 0x5f, 0x70,
    0x01, 0x75, 0x06, 0x00, 0xa1, 0x13, 0x06, 0x01, 0x00, 0xff, 0xff, 0xff,
    0xff, 0xff, 0xff, 0xff, 0xff, 0x21, 0x01, 0x07, 0x01, 0x03, 0x09, 0x59,
    0x33, 0x01, 0x01, 0x01, 0x01, 0x01, 0x01, 0x01, 0x01, 0x27, 0x01, 0x5b,
    0x5d, 0x5d, 0x06, 0xff, 0xa3, 0x02, 0xff, 0x05, 0x06, 0x01, 0x0b, 0x27,
    0x07, 0x05, 0x03, 0x01, 0x03, 0x00, 0xff, 0xff, 0xff, 0xff, 0xff, 0xff,
    0xff, 0xff, 0x13, 0x00, 0xff, 0xff, 0xff, 0xff, 0xff, 0xff, 0xff, 0xff,
    0x03, 0x03, 0x01, 0x01, 0x01, 0x01, 0x03, 0x01, 0x01, 0xbd, 0x11, 0x2b,
    0x74, 0x72, 0x61, 0x63, 0x65, 0x70, 0x6f, 0x69, 0x6e, 0x74, 0x5f, 0x61,
    0x74, 0x74, 0x72, 0x5f, 0x65, 0x76, 0x65, 0x6e, 0x74, 0x01, 0x75, 0x06,
    0x07, 0xaf, 0x13, 0x06, 0x08, 0x00, 0xff, 0xff, 0xff, 0xff, 0xff, 0xff,
    0xff, 0xff, 0x21, 0x01, 0x07, 0x00, 0x00, 0x00, 0x00, 0x00, 0x00, 0x00,
    0x01, 0x03, 0x09, 0x69, 0x35, 0x01, 0x01, 0x01, 0x01, 0x01, 0x01, 0x01,
    0x01, 0x35, 0x01, 0x5f, 0x61, 0x61, 0x0a, 0x0d, 0xb1, 0x06, 0x06, 0x05,
    0x06, 0x08, 0x0b, 0x35, 0x15, 0x05, 0x03, 0x01, 0x03, 0x00, 0xff, 0xff,
    0xff, 0xff, 0xff, 0xff, 0xff, 0xff, 0x15, 0x00, 0xff, 0xff, 0xff, 0xff,
    0xff, 0xff, 0xff, 0xff, 0x03, 0x03, 0x01, 0x01, 0x01, 0x01, 0x03, 0x01,
    0x01, 0xbd, 0x13, 0x2d, 0x74, 0x72, 0x61, 0x63, 0x65, 0x70, 0x6f, 0x69,
    0x6e, 0x74, 0x5f, 0x61, 0x74, 0x74, 0x72, 0x5f, 0x6c, 0x69, 0x6e, 0x65,
    0x6e, 0x6f, 0x01, 0x75, 0x06, 0x0c, 0xbd, 0x13, 0x06, 0x0d, 0x00, 0xff,
    0xff, 0xff, 0xff, 0xff, 0xff, 0xff, 0xff, 0x21, 0x01, 0x07, 0x00, 0x00,
    0x00, 0x00, 0x00, 0x00, 0x01, 0x03, 0x09, 0x69, 0x37, 0x01, 0x01, 0x01,
    0x01, 0x01, 0x01, 0x01, 0x01, 0x33, 0x01, 0x63, 0x65, 0x65, 0x0a, 0x17,
    0xbf, 0x06, 0x0b, 0x05, 0x06, 0x0d, 0x0b, 0x33, 0x13, 0x05, 0x03, 0x01,
    0x03, 0x00, 0xff, 0xff, 0xff, 0xff, 0xff, 0xff, 0xff, 0xff, 0x17, 0x00,
    0xff, 0xff, 0xff, 0xff, 0xff, 0xff, 0xff, 0xff, 0x03, 0x03, 0x01, 0x01,
    0x01, 0x01, 0x03, 0x01, 0x01, 0xbd, 0x15, 0x29, 0x74, 0x72, 0x61, 0x63,
    0x65, 0x70, 0x6f, 0x69, 0x6e, 0x74, 0x5f, 0x61, 0x74, 0x74, 0x72, 0x5f,
    0x70, 0x61, 0x74, 0x68, 0x01, 0x75, 0x06, 0x11, 0xcb, 0x13, 0x06, 0x12,
    0x00, 0xff, 0xff, 0xff, 0xff, 0xff, 0xff, 0xff, 0xff, 0x21, 0x01, 0x07,
    0x01, 0x03, 0x09, 0x59, 0x33, 0x01, 0x01, 0x01, 0x01, 0x01, 0x01, 0x01,
    0x01, 0x27, 0x01, 0x67, 0x69, 0x69, 0x0a, 0x21, 0xcd, 0x06, 0x10, 0x05,
    0x06, 0x12, 0x0b, 0x27, 0x07, 0x05, 0x03, 0x01, 0x03, 0x00, 0xff, 0xff,
    0xff, 0xff, 0xff, 0xff, 0xff, 0xff, 0x19, 0x00, 0xff, 0xff, 0xff, 0xff,
    0xff, 0xff, 0xff, 0xff, 0x03, 0x03, 0x01, 0x01, 0x01, 0x01, 0x03, 0x01,
    0x01, 0xbd, 0x17, 0x35, 0x74, 0x72, 0x61, 0x63, 0x65, 0x70, 0x6f, 0x69,
    0x6e, 0x74, 0x5f, 0x61, 0x74, 0x74, 0x72, 0x5f, 0x70, 0x61, 0x72, 0x61,
    0x6d, 0x65, 0x74, 0x65, 0x72, 0x73, 0x01, 0x75, 0x06, 0x17, 0xd9, 0x13,
    0x06, 0x18, 0x00, 0xff, 0xff, 0xff, 0xff, 0xff, 0xff, 0xff, 0xff, 0x21,
    0x01, 0x07, 0x00, 0x00, 0x01, 0x03, 0x09, 0x69, 0x3f, 0x01, 0x01, 0x01,
    0x01, 0x01, 0x01, 0x01, 0x01, 0x2b, 0x01, 0x6b, 0x6d, 0x6d, 0x0a, 0x2d,
    0xdb, 0x06, 0x16, 0x05, 0x06, 0x18, 0x0b, 0x2b, 0x0b, 0x05, 0x03, 0x01,
    0x03, 0x00, 0xff, 0xff, 0xff, 0xff, 0xff, 0xff, 0xff, 0xff, 0x1b, 0x00,
    0xff, 0xff, 0xff, 0xff, 0xff, 0xff, 0xff, 0xff, 0x03, 0x03, 0x01, 0x01,
    0x01, 0x01, 0x03, 0x01, 0x01, 0xbd, 0x19, 0x33, 0x74, 0x72, 0x61, 0x63,
    0x65, 0x70, 0x6f, 0x69, 0x6e, 0x74, 0x5f, 0x61, 0x74, 0x74, 0x72, 0x5f,
    0x6d, 0x65, 0x74, 0x68, 0x6f, 0x64, 0x5f, 0x69, 0x64, 0x01, 0x75, 0x06,
    0x1c, 0xe7, 0x13, 0x06, 0x1d, 0x00, 0xff, 0xff, 0xff, 0xff, 0xff, 0xff,
    0xff, 0xff, 0x21, 0x01, 0x07, 0x00, 0x00, 0x00, 0x01, 0x03, 0x09, 0x69,
    0x3d, 0x01, 0x01, 0x01, 0x01, 0x01, 0x01, 0x01, 0x01, 0x2d, 0x01, 0x6f,
    0x71, 0x71, 0x0a, 0x37, 0xe9, 0x06, 0x1b, 0x05, 0x06, 0x1d, 0x0b, 0x2d,
    0x0d, 0x05, 0x03, 0x01, 0x03, 0x00, 0xff, 0xff, 0xff, 0xff, 0xff, 0xff,
    0xff, 0xff, 0x1d, 0x00, 0xff, 0xff, 0xff, 0xff, 0xff, 0xff, 0xff, 0xff,
    0x03, 0x03, 0x01, 0x01, 0x01, 0x01, 0x03, 0x01, 0x01, 0xbd, 0x1b, 0x33,
    0x74, 0x72, 0x61, 0x63, 0x65, 0x70, 0x6f, 0x69, 0x6e, 0x74, 0x5f, 0x61,
    0x74, 0x74, 0x72, 0x5f, 0x63, 0x61, 0x6c, 0x6c, 0x65, 0x65, 0x5f, 0x69,
    0x64, 0x01, 0x75, 0x06, 0x21, 0xf5, 0x13, 0x06, 0x22, 0x00, 0xff, 0xff,
    0xff, 0xff, 0xff, 0xff, 0xff, 0xff, 0x21, 0x01, 0x07, 0x00, 0x00, 0x00,
    0x01, 0x03, 0x09, 0x69, 0x3d, 0x01, 0x01, 0x01, 0x01, 0x01, 0x01, 0x01,
    0x01, 0x2d, 0x01, 0x73, 0x75, 0x75, 0x0a, 0x41, 0xf7, 0x06, 0x20, 0x05,
    0x06, 0x22, 0x0b, 0x2d, 0x0d, 0x05, 0x03, 0x01, 0x03, 0x00, 0xff, 0xff,
    0xff, 0xff, 0xff, 0xff, 0xff, 0xff, 0x1f, 0x00, 0xff, 0xff, 0xff, 0xff,
    0xff, 0xff, 0xff, 0xff, 0x03, 0x03, 0x01, 0x01, 0x01, 0x01, 0x03, 0x01,
    0x01, 0xbd, 0x1d, 0x3b, 0x74, 0x72, 0x61, 0x63, 0x65, 0x70, 0x6f, 0x69,
    0x6e, 0x74, 0x5f, 0x61, 0x74, 0x74, 0x72, 0x5f, 0x64, 0x65, 0x66, 0x69,
    0x6e, 0x65, 0x64, 0x5f, 0x63, 0x6c, 0x61, 0x73, 0x73, 0x01, 0x75, 0x06,
    0x45, 0x02, 0x81, 0x13, 0x06, 0x46, 0x00, 0xff, 0xff, 0xff, 0xff, 0xff,
    0xff, 0xff, 0xff, 0x21, 0x01, 0x07, 0x00, 0x00, 0x00, 0x00, 0x00, 0x00,
    0x01, 0x03, 0x09, 0x79, 0x45, 0x01, 0x01, 0x01, 0x01, 0x01, 0x01, 0x01,
    0x01, 0x35, 0x01, 0x77, 0x79, 0x79, 0x0a, 0x89, 0x02, 0x82, 0x06, 0x44,
    0x05, 0x06, 0x46, 0x0b, 0x35, 0x13, 0x05, 0x03, 0x01, 0x03, 0x00, 0xff,
    0xff, 0xff, 0xff, 0xff, 0xff, 0xff, 0xff, 0x21, 0x00, 0xff, 0xff, 0xff,
    0xff, 0xff, 0xff, 0xff, 0xff, 0x03, 0x03, 0x01, 0x01, 0x01, 0x01, 0x03,
    0x01, 0x01, 0xbd, 0x1f, 0x2f, 0x74, 0x72, 0x61, 0x63, 0x65, 0x70, 0x6f,
    0x69, 0x6e, 0x74, 0x5f, 0x61, 0x74, 0x74, 0x72, 0x5f, 0x62, 0x69, 0x6e,
    0x64, 0x69, 0x6e, 0x67, 0x01, 0x75, 0x06, 0x4e, 0x02, 0x88, 0x13, 0x06,
    0x4f, 0x00, 0xff, 0xff, 0xff, 0xff, 0xff, 0xff, 0xff, 0xff, 0x21, 0x01,
    0x07, 0x00, 0x00, 0x00, 0x01, 0x03, 0x09, 0x67, 0x39, 0x01, 0x01, 0x01,
    0x01, 0x01, 0x01, 0x01, 0x01, 0x2f, 0x01, 0x7b, 0x7d, 0x7d, 0x0a, 0x9b,
    0x02, 0x89, 0x06, 0x4d, 0x05, 0x06, 0x4f, 0x0b, 0x2f, 0x0d, 0x05, 0x03,
    0x01, 0x03, 0x00, 0xff, 0xff, 0xff, 0xff, 0xff, 0xff, 0xff, 0xff, 0x23,
    0x00, 0xff, 0xff, 0xff, 0xff, 0xff, 0xff, 0xff, 0xff, 0x03, 0x03, 0x01,
    0x01, 0x01, 0x01, 0x03, 0x01, 0x01, 0xbd, 0x21, 0x29, 0x74, 0x72, 0x61,
    0x63, 0x65, 0x70, 0x6f, 0x69, 0x6e, 0x74, 0x5f, 0x61, 0x74, 0x74, 0x72,
    0x5f, 0x73, 0x65, 0x6c, 0x66, 0x01, 0x75, 0x06, 0x58, 0x02, 0x8f, 0x13,
    0x06, 0x59, 0x00, 0xff, 0xff, 0xff, 0xff, 0xff, 0xff, 0xff, 0xff, 0x21,
    0x01, 0x07, 0x00, 0x00, 0x00, 0x00, 0x00, 0x00, 0x01, 0x03, 0x09, 0x67,
    0x33, 0x01, 0x01, 0x01, 0x01, 0x01, 0x01, 0x01, 0x01, 0x35, 0x01, 0x7f,
    0x81, 0x81, 0x0a, 0xaf, 0x02, 0x90, 0x06, 0x57, 0x05, 0x06, 0x59, 0x0b,
    0x35, 0x13, 0x05, 0x03, 0x01, 0x03, 0x00, 0xff, 0xff, 0xff, 0xff, 0xff,
    0xff, 0xff, 0xff, 0x25, 0x00, 0xff, 0xff, 0xff, 0xff, 0xff, 0xff, 0xff,
    0xff, 0x03, 0x03, 0x01, 0x01, 0x01, 0x01, 0x03, 0x01, 0x01, 0xbd, 0x23,
    0x39, 0x74, 0x72, 0x61, 0x63, 0x65, 0x70, 0x6f, 0x69, 0x6e, 0x74, 0x5f,
    0x61, 0x74, 0x74, 0x72, 0x5f, 0x72, 0x65, 0x74, 0x75, 0x72, 0x6e, 0x5f,
    0x76, 0x61, 0x6c, 0x75, 0x65, 0x01, 0x75, 0x06, 0x5d, 0x02, 0x96, 0x13,
    0x06, 0x5e, 0x00, 0xff, 0xff, 0xff, 0xff, 0xff, 0xff, 0xff, 0xff, 0x21,
    0x01, 0x07, 0x00, 0x00, 0x00, 0x00, 0x00, 0x00, 0x01, 0x03, 0x09, 0x77,
    0x43, 0x01, 0x01, 0x01, 0x01, 0x01, 0x01, 0x01, 0x01, 0x35, 0x01, 0x83,
    0x85, 0x85, 0x0a, 0xb9, 0x02, 0x97, 0x06, 0x5c, 0x05, 0x06, 0x5e, 0x0b,
    0x35, 0x13, 0x05, 0x03, 0x01, 0x03, 0x00, 0xff, 0xff, 0xff, 0xff, 0xff,
    0xff, 0xff, 0xff, 0x27, 0x00, 0xff, 0xff, 0xff, 0xff, 0xff, 0xff, 0xff,
    0xff, 0x03, 0x03, 0x01, 0x01, 0x01, 0x01, 0x03, 0x01, 0x01, 0xbd, 0x25,
    0x41, 0x74, 0x72, 0x61, 0x63, 0x65, 0x70, 0x6f, 0x69, 0x6e, 0x74, 0x5f,
    0x61, 0x74, 0x74, 0x72, 0x5f, 0x72, 0x61, 0x69, 0x73, 0x65, 0x64, 0x5f,
    0x65, 0x78, 0x63, 0x65, 0x70, 0x74, 0x69, 0x6f, 0x6e, 0x01, 0x75, 0x06,
    0x62, 0x02, 0x9d, 0x13, 0x06, 0x63, 0x00, 0xff, 0xff, 0xff, 0xff, 0xff,
    0xff, 0xff, 0xff, 0x21, 0x01, 0x07, 0x00, 0x00, 0x01, 0x03, 0x09, 0x77,
    0x4b, 0x01, 0x01, 0x01, 0x01, 0x01, 0x01, 0x01, 0x01, 0x2d, 0x01, 0x87,
    0x89, 0x89, 0x0a, 0xc3, 0x02, 0x9e, 0x06, 0x61, 0x05, 0x06, 0x63, 0x0b,
    0x2d, 0x0b, 0x05, 0x03, 0x01, 0x03, 0x00, 0xff, 0xff, 0xff, 0xff, 0xff,
    0xff, 0xff, 0xff, 0x29, 0x00, 0xff, 0xff, 0xff, 0xff, 0xff, 0xff, 0xff,
    0xff, 0x03, 0x03, 0x01, 0x01, 0x01, 0x01, 0x03, 0x01, 0x01, 0xbd, 0x27,
    0x37, 0x74, 0x72, 0x61, 0x63, 0x65, 0x70, 0x6f, 0x69, 0x6e, 0x74, 0x5f,
    0x61, 0x74, 0x74, 0x72, 0x5f, 0x65, 0x76, 0x61, 0x6c, 0x5f, 0x73, 0x63,
    0x72, 0x69, 0x70, 0x74, 0x01, 0x75, 0x06, 0x68, 0x02, 0xa4, 0x13, 0x06,
    0x69, 0x00, 0xff, 0xff, 0xff, 0xff, 0xff, 0xff, 0xff, 0xff, 0x21, 0x01,
    0x07, 0x00, 0x00, 0x00, 0x00, 0x00, 0x00, 0x00, 0x01, 0x03, 0x09, 0x77,
    0x41, 0x01, 0x01, 0x01, 0x01, 0x01, 0x01, 0x01, 0x01, 0x37, 0x01, 0x8b,
    0x8d, 0x8d, 0x0a, 0xcf, 0x02, 0xa5, 0x06, 0x67, 0x05, 0x06, 0x69, 0x0b,
    0x37, 0x15, 0x05, 0x03, 0x01, 0x03, 0x00, 0xff, 0xff, 0xff, 0xff, 0xff,
    0xff, 0xff, 0xff, 0x2b, 0x00, 0xff, 0xff, 0xff, 0xff, 0xff, 0xff, 0xff,
    0xff, 0x03, 0x03, 0x01, 0x01, 0x01, 0x01, 0x03, 0x01, 0x01, 0xbd, 0x29,
    0x49, 0x74, 0x72, 0x61, 0x63, 0x65, 0x70, 0x6f, 0x69, 0x6e, 0x74, 0x5f,
    0x61, 0x74, 0x74, 0x72, 0x5f, 0x69, 0x6e, 0x73, 0x74, 0x72, 0x75, 0x63,
    0x74, 0x69, 0x6f, 0x6e, 0x5f, 0x73, 0x65, 0x71, 0x75, 0x65, 0x6e, 0x63,
    0x65, 0x01, 0x75, 0x06, 0x70, 0x02, 0xab, 0x13, 0x06, 0x71, 0x00, 0xff,
    0xff, 0xff, 0xff, 0xff, 0xff, 0xff, 0xff, 0x21, 0x01, 0x07, 0x00, 0x00,
    0x00, 0x00, 0x00, 0x00, 0x01, 0x03, 0x09, 0x87, 0x53, 0x01, 0x01, 0x01,
    0x01, 0x01, 0x01, 0x01, 0x01, 0x35, 0x01, 0x8f, 0x91, 0x91, 0x0a, 0xdf,
    0x02, 0xac, 0x06, 0x6f, 0x05, 0x06, 0x71, 0x0b, 0x35, 0x13, 0x05, 0x03,
    0x01, 0x03, 0x00, 0xff, 0xff, 0xff, 0xff, 0xff, 0xff, 0xff, 0xff, 0x2d,
    0x00, 0xff, 0xff, 0xff, 0xff, 0xff, 0xff, 0xff, 0xff, 0x03, 0x03, 0x01,
    0x01, 0x01, 0x01, 0x03, 0x01, 0x01, 0x00, 0x00, 0x61, 0x00, 0x00, 0x00,
    0x79, 0x01, 0x00, 0x00, 0xe1, 0x01, 0x00, 0x00, 0x49, 0x02, 0x00, 0x00,
    0xb1, 0x02, 0x00, 0x00, 0x21, 0x03, 0x00, 0x00, 0x91, 0x03, 0x00, 0x00,
    0x71, 0x04, 0x00, 0x00, 0xe1, 0x04, 0x00, 0x00, 0x49, 0x05, 0x00, 0x00,
    0xb9, 0x05, 0x00, 0x00, 0x29, 0x06, 0x00, 0x00, 0x91, 0x06, 0x00, 0x00,
    0x01, 0x07, 0x00, 0x00, 0x71, 0x07, 0x00, 0x00, 0xe1, 0x07, 0x00, 0x00,
    0x59, 0x08, 0x00, 0x00, 0xc9, 0x08, 0x00, 0x00, 0x39, 0x09, 0x00, 0x00,
    0xb1, 0x09, 0x00, 0x00, 0x29, 0x0a, 0x00, 0x00, 0xa1, 0x0a, 0x00, 0x00,
    0x21, 0x0b, 0x00, 0x00, 0xf1, 0x11, 0x00, 0x00, 0x47, 0x05, 0x05, 0x01,
    0x45, 0x05, 0x2d, 0x3c, 0x69, 0x6e, 0x74, 0x65, 0x72, 0x6e, 0x61, 0x6c,
    0x3a, 0x74, 0x72, 0x61, 0x63, 0x65, 0x5f, 0x70, 0x6f, 0x69, 0x6e, 0x74,
    0x3e, 0x00, 0x00, 0x00, 0x14, 0x05, 0x15, 0x54, 0x72, 0x61, 0x63, 0x65,
    0x50, 0x6f, 0x69, 0x6e, 0x74, 0x00, 0x00, 0x00, 0x47, 0x05, 0x05, 0x01,
    0x45, 0x01, 0x25, 0x3c, 0x63, 0x6c, 0x61, 0x73, 0x73, 0x3a, 0x54, 0x72,
    0x61, 0x63, 0x65, 0x50, 0x6f, 0x69, 0x6e, 0x74, 0x3e, 0x00, 0x00, 0x00,
    0x14, 0x05, 0x07, 0x6e, 0x65, 0x77, 0x00, 0x00, 0x14, 0x05, 0x0f, 0x69,
    0x6e, 0x73, 0x70, 0x65, 0x63, 0x74, 0x00, 0x00, 0x14, 0x05, 0x09, 0x73,
    0x74, 0x61, 0x74, 0x00, 0x14, 0x05, 0x0b, 0x74, 0x72, 0x61, 0x63, 0x65,
    0x14, 0x05, 0x1b, 0x61, 0x6c, 0x6c, 0x6f, 0x77, 0x5f, 0x72, 0x65, 0x65,
    0x6e, 0x74, 0x72, 0x79, 0x14, 0x05, 0x0d, 0x65, 0x6e, 0x61, 0x62, 0x6c,
    0x65, 0x00, 0x00, 0x00, 0x14, 0x05, 0x0f, 0x64, 0x69, 0x73, 0x61, 0x62,
    0x6c, 0x65, 0x00, 0x00, 0x14, 0x05, 0x11, 0x65, 0x6e, 0x61, 0x62, 0x6c,
    0x65, 0x64, 0x3f, 0x00, 0x14, 0x05, 0x0b, 0x65, 0x76, 0x65, 0x6e, 0x74,
    0x14, 0x05, 0x0d, 0x6c, 0x69, 0x6e, 0x65, 0x6e, 0x6f, 0x00, 0x00, 0x00,
    0x14, 0x05, 0x09, 0x70, 0x61, 0x74, 0x68, 0x00, 0x14, 0x05, 0x15, 0x70,
    0x61, 0x72, 0x61, 0x6d, 0x65, 0x74, 0x65, 0x72, 0x73, 0x00, 0x00, 0x00,
    0x14, 0x05, 0x13, 0x6d, 0x65, 0x74, 0x68, 0x6f, 0x64, 0x5f, 0x69, 0x64,
    0x14, 0x05, 0x13, 0x63, 0x61, 0x6c, 0x6c, 0x65, 0x65, 0x5f, 0x69, 0x64,
    0x14, 0x05, 0x1b, 0x64, 0x65, 0x66, 0x69, 0x6e, 0x65, 0x64, 0x5f, 0x63,
    0x6c, 0x61, 0x73, 0x73, 0x14, 0x05, 0x0f, 0x62, 0x69, 0x6e, 0x64, 0x69,
    0x6e, 0x67, 0x00, 0x00, 0x14, 0x05, 0x09, 0x73, 0x65, 0x6c, 0x66, 0x00,
    0x14, 0x05, 0x19, 0x72, 0x65, 0x74, 0x75, 0x72, 0x6e, 0x5f, 0x76, 0x61,
    0x6c, 0x75, 0x65, 0x00, 0x14, 0x05, 0x21, 0x72, 0x61, 0x69, 0x73, 0x65,
    0x64, 0x5f, 0x65, 0x78, 0x63, 0x65, 0x70, 0x74, 0x69, 0x6f, 0x6e, 0x00,
    0x14, 0x05, 0x17, 0x65, 0x76, 0x61, 0x6c, 0x5f, 0x73, 0x63, 0x72, 0x69,
    0x70, 0x74, 0x00, 0x00, 0x14, 0x05, 0x29, 0x69, 0x6e, 0x73, 0x74, 0x72,
    0x75, 0x63, 0x74, 0x69, 0x6f, 0x6e, 0x5f, 0x73, 0x65, 0x71, 0x75, 0x65,
    0x6e, 0x63, 0x65, 0x00, 0x47, 0x05, 0x05, 0x01, 0x45, 0x05, 0x07, 0x6e,
    0x65, 0x77, 0x00, 0x00, 0x14, 0x05, 0x0d, 0x65, 0x76, 0x65, 0x6e, 0x74,
    0x73, 0x00, 0x00, 0x00, 0x47, 0x05, 0x05, 0x01, 0x45, 0x05, 0x0f, 0x69,
    0x6e, 0x73, 0x70, 0x65, 0x63, 0x74, 0x00, 0x00, 0x47, 0x05, 0x05, 0x01,
    0x45, 0x05, 0x09, 0x73, 0x74, 0x61, 0x74, 0x00, 0x47, 0x05, 0x05, 0x01,
    0x45, 0x05, 0x0b, 0x74, 0x72, 0x61, 0x63, 0x65, 0x47, 0x05, 0x05, 0x01,
    0x45, 0x05, 0x1b, 0x61, 0x6c, 0x6c, 0x6f, 0x77, 0x5f, 0x72, 0x65, 0x65,
    0x6e, 0x74, 0x72, 0x79, 0x47, 0x05, 0x05, 0x01, 0x45, 0x05, 0x0d, 0x65,
    0x6e, 0x61, 0x62, 0x6c, 0x65, 0x00, 0x00, 0x00, 0x14, 0x05, 0x0d, 0x74,
    0x61, 0x72, 0x67, 0x65, 0x74, 0x00, 0x00, 0x00, 0x14, 0x05, 0x17, 0x74,
    0x61, 0x72, 0x67, 0x65, 0x74, 0x5f, 0x6c, 0x69, 0x6e, 0x65, 0x00, 0x00,
    0x14, 0x05, 0x1b, 0x74, 0x61, 0x72, 0x67, 0x65, 0x74, 0x5f, 0x74, 0x68,
    0x72, 0x65, 0x61, 0x64, 0x47, 0x05, 0x05, 0x01, 0x45, 0x05, 0x0f, 0x64,
    0x69, 0x73, 0x61, 0x62, 0x6c, 0x65, 0x00, 0x00, 0x47, 0x05, 0x05, 0x01,
    0x45, 0x05, 0x11, 0x65, 0x6e, 0x61, 0x62, 0x6c, 0x65, 0x64, 0x3f, 0x00,
    0x47, 0x05, 0x05, 0x01, 0x45, 0x05, 0x0b, 0x65, 0x76, 0x65, 0x6e, 0x74,
    0x47, 0x05, 0x05, 0x01, 0x45, 0x05, 0x0d, 0x6c, 0x69, 0x6e, 0x65, 0x6e,
    0x6f, 0x00, 0x00, 0x00, 0x47, 0x05, 0x05, 0x01, 0x45, 0x05, 0x09, 0x70,
    0x61, 0x74, 0x68, 0x00, 0x47, 0x05, 0x05, 0x01, 0x45, 0x05, 0x15, 0x70,
    0x61, 0x72, 0x61, 0x6d, 0x65, 0x74, 0x65, 0x72, 0x73, 0x00, 0x00, 0x00,
    0x47, 0x05, 0x05, 0x01, 0x45, 0x05, 0x13, 0x6d, 0x65, 0x74, 0x68, 0x6f,
    0x64, 0x5f, 0x69, 0x64, 0x47, 0x05, 0x05, 0x01, 0x45, 0x05, 0x13, 0x63,
    0x61, 0x6c, 0x6c, 0x65, 0x65, 0x5f, 0x69, 0x64, 0x47, 0x05, 0x05, 0x01,
    0x45, 0x05, 0x1b, 0x64, 0x65, 0x66, 0x69, 0x6e, 0x65, 0x64, 0x5f, 0x63,
    0x6c, 0x61, 0x73, 0x73, 0x47, 0x05, 0x05, 0x01, 0x45, 0x05, 0x0f, 0x62,
    0x69, 0x6e, 0x64, 0x69, 0x6e, 0x67, 0x00, 0x00, 0x47, 0x05, 0x05, 0x01,
    0x45, 0x05, 0x09, 0x73, 0x65, 0x6c, 0x66, 0x00, 0x47, 0x05, 0x05, 0x01,
    0x45, 0x05, 0x19, 0x72, 0x65, 0x74, 0x75, 0x72, 0x6e, 0x5f, 0x76, 0x61,
    0x6c, 0x75, 0x65, 0x00, 0x47, 0x05, 0x05, 0x01, 0x45, 0x05, 0x21, 0x72,
    0x61, 0x69, 0x73, 0x65, 0x64, 0x5f, 0x65, 0x78, 0x63, 0x65, 0x70, 0x74,
    0x69, 0x6f, 0x6e, 0x00, 0x47, 0x05, 0x05, 0x01, 0x45, 0x05, 0x17, 0x65,
    0x76, 0x61, 0x6c, 0x5f, 0x73, 0x63, 0x72, 0x69, 0x70, 0x74, 0x00, 0x00,
    0x47, 0x05, 0x05, 0x01, 0x45, 0x05, 0x29, 0x69, 0x6e, 0x73, 0x74, 0x72,
    0x75, 0x63, 0x74, 0x69, 0x6f, 0x6e, 0x5f, 0x73, 0x65, 0x71, 0x75, 0x65,
    0x6e, 0x63, 0x65, 0x00, 0xbc, 0x0b, 0x00, 0x00, 0xc0, 0x0b, 0x00, 0x00,
    0xc4, 0x0b, 0x00, 0x00, 0xe0, 0x0b, 0x00, 0x00, 0xf0, 0x0b, 0x00, 0x00,
    0xf4, 0x0b, 0x00, 0x00, 0x0c, 0x0c, 0x00, 0x00, 0x14, 0x0c, 0x00, 0x00,
    0x20, 0x0c, 0x00, 0x00, 0x28, 0x0c, 0x00, 0x00, 0x30, 0x0c, 0x00, 0x00,
    0x40, 0x0c, 0x00, 0x00, 0x4c, 0x0c, 0x00, 0x00, 0x58, 0x0c, 0x00, 0x00,
    0x64, 0x0c, 0x00, 0x00, 0x6c, 0x0c, 0x00, 0x00, 0x78, 0x0c, 0x00, 0x00,
    0x80, 0x0c, 0x00, 0x00, 0x90, 0x0c, 0x00, 0x00, 0x9c, 0x0c, 0x00, 0x00,
    0xa8, 0x0c, 0x00, 0x00, 0xb8, 0x0c, 0x00, 0x00, 0xc4, 0x0c, 0x00, 0x00,
    0xcc, 0x0c, 0x00, 0x00, 0xdc, 0x0c, 0x00, 0x00, 0xf0, 0x0c, 0x00, 0x00,
    0x00, 0x0d, 0x00, 0x00, 0x18, 0x0d, 0x00, 0x00, 0x1c, 0x0d, 0x00, 0x00,
    0x24, 0x0d, 0x00, 0x00, 0x30, 0x0d, 0x00, 0x00, 0x34, 0x0d, 0x00, 0x00,
    0x40, 0x0d, 0x00, 0x00, 0x44, 0x0d, 0x00, 0x00, 0x4c, 0x0d, 0x00, 0x00,
    0x50, 0x0d, 0x00, 0x00, 0x58, 0x0d, 0x00, 0x00, 0x5c, 0x0d, 0x00, 0x00,
    0x6c, 0x0d, 0x00, 0x00, 0x70, 0x0d, 0x00, 0x00, 0x7c, 0x0d, 0x00, 0x00,
    0x88, 0x0d, 0x00, 0x00, 0x98, 0x0d, 0x00, 0x00, 0xa8, 0x0d, 0x00, 0x00,
    0xac, 0x0d, 0x00, 0x00, 0xb8, 0x0d, 0x00, 0x00, 0xbc, 0x0d, 0x00, 0x00,
    0xc8, 0x0d, 0x00, 0x00, 0xcc, 0x0d, 0x00, 0x00, 0xd4, 0x0d, 0x00, 0x00,
    0xd8, 0x0d, 0x00, 0x00, 0xe4, 0x0d, 0x00, 0x00, 0xe8, 0x0d, 0x00, 0x00,
    0xf0, 0x0d, 0x00, 0x00, 0xf4, 0x0d, 0x00, 0x00, 0x04, 0x0e, 0x00, 0x00,
    0x08, 0x0e, 0x00, 0x00, 0x14, 0x0e, 0x00, 0x00, 0x18, 0x0e, 0x00, 0x00,
    0x24, 0x0e, 0x00, 0x00, 0x28, 0x0e, 0x00, 0x00, 0x38, 0x0e, 0x00, 0x00,
    0x3c, 0x0e, 0x00, 0x00, 0x48, 0x0e, 0x00, 0x00, 0x4c, 0x0e, 0x00, 0x00,
    0x54, 0x0e, 0x00, 0x00, 0x58, 0x0e, 0x00, 0x00, 0x68, 0x0e, 0x00, 0x00,
    0x6c, 0x0e, 0x00, 0x00, 0x80, 0x0e, 0x00, 0x00, 0x84, 0x0e, 0x00, 0x00,
    0x94, 0x0e, 0x00, 0x00, 0x98, 0x0e, 0x00, 0x00,
};

static const unsigned char pack_bin[] = {
    0x59, 0x41, 0x52, 0x42, 0x03, 0x00, 0x00, 0x00, 0x01, 0x00, 0x00, 0x00,
    0xb4, 0x04, 0x00, 0x00, 0x00, 0x00, 0x00, 0x00, 0x06, 0x00, 0x00, 0x00,
    0x16, 0x00, 0x00, 0x00, 0x78, 0x03, 0x00, 0x00, 0x5c, 0x04, 0x00, 0x00,
    0x78, 0x38, 0x36, 0x5f, 0x36, 0x34, 0x2d, 0x64, 0x61, 0x72, 0x77, 0x69,
    0x6e, 0x32, 0x31, 0x00, 0x27, 0x07, 0x21, 0x5b, 0x07, 0x03, 0x01, 0x45,
    0x27, 0x07, 0x21, 0x5b, 0x09, 0x05, 0x01, 0x75, 0x07, 0x01, 0x03, 0x07,
    0x00, 0xff, 0xff, 0xff, 0xff, 0xff, 0xff, 0xff, 0xff, 0x01, 0x07, 0x29,
    0x01, 0x02, 0x94, 0x2b, 0x03, 0x02, 0x94, 0x00, 0xff, 0xff, 0xff, 0xff,
    0xff, 0xff, 0xff, 0xff, 0x01, 0x02, 0x94, 0x73, 0x01, 0x02, 0x94, 0x00,
    0xff, 0xff, 0xff, 0xff, 0xff, 0xff, 0xff, 0xff, 0x01, 0x01, 0x05, 0x03,
    0x0b, 0x05, 0x03, 0x09, 0x00, 0x00, 0x00, 0x00, 0x01, 0x01, 0x21, 0x9b,
    0x21, 0x01, 0x01, 0x01, 0x01, 0x01, 0x01, 0x01, 0x01, 0x7b, 0x01, 0x03,
    0x05, 0x05, 0x03, 0x79, 0x07, 0x01, 0x06, 0x37, 0x07, 0x7b, 0x19, 0x0f,
    0x03, 0x01, 0x03, 0x00, 0xff, 0xff, 0xff, 0xff, 0xff, 0xff, 0xff, 0xff,
    0x01, 0x00, 0xff, 0xff, 0xff, 0xff, 0xff, 0xff, 0xff, 0xff, 0x03, 0x03,
    0x01, 0x01, 0x01, 0x01, 0x05, 0x01, 0x01, 0x5d, 0x0f, 0x07, 0x25, 0x0f,
    0x75, 0x02, 0x8f, 0x07, 0x07, 0x02, 0x8f, 0x07, 0x01, 0x02, 0x92, 0x00,
    0xff, 0xff, 0xff, 0xff, 0xff, 0xff, 0xff, 0xff, 0x09, 0x01, 0x07, 0x05,
    0x01, 0x07, 0x0d, 0x3d, 0x0d, 0x01, 0x01, 0x01, 0x01, 0x01, 0x01, 0x01,
    0x01, 0x31, 0x01, 0x0b, 0x0d, 0x0d, 0x0f, 0x27, 0x07, 0x01, 0x02, 0x92,
    0x07, 0x31, 0x09, 0x07, 0x03, 0x01, 0x03, 0x01, 0x03, 0x00, 0xff, 0xff,
    0xff, 0xff, 0xff, 0xff, 0xff, 0xff, 0x03, 0x03, 0x01, 0x01, 0x01, 0x01,
    0x03, 0x01, 0x01, 0x5d, 0x15, 0x09, 0x5d, 0x17, 0x0b, 0x25, 0x17, 0x75,
    0x06, 0x13, 0x31, 0x07, 0x06, 0x34, 0x53, 0x03, 0x06, 0x34, 0x53, 0x01,
    0x06, 0x37, 0x00, 0xff, 0xff, 0xff, 0xff, 0xff, 0xff, 0xff, 0xff, 0x09,
    0x01, 0x07, 0x07, 0x05, 0x01, 0x07, 0x13, 0x4d, 0x13, 0x01, 0x01, 0x01,
    0x01, 0x01, 0x01, 0x01, 0x01, 0x3b, 0x01, 0x11, 0x13, 0x13, 0x06, 0x29,
    0x71, 0x02, 0x94, 0x01, 0x06, 0x37, 0x07, 0x3b, 0x0b, 0x09, 0x03, 0x01,
    0x03, 0x01, 0x05, 0x00, 0xff, 0xff, 0xff, 0xff, 0xff, 0xff, 0xff, 0xff,
    0x03, 0x03, 0x01, 0x01, 0x01, 0x01, 0x03, 0x01, 0x01, 0xbd, 0x01, 0x13,
    0x70, 0x61, 0x63, 0x6b, 0x5f, 0x70, 0x61, 0x63, 0x6b, 0x01, 0x75, 0x00,
    0x00, 0x00, 0x00, 0x00, 0x0e, 0x00, 0x00, 0x00, 0x00, 0x00, 0x00, 0x00,
    0x00, 0x00, 0x00, 0x00, 0x00, 0x00, 0x00, 0x00, 0x01, 0x00, 0x00, 0x00,
    0x00, 0x00, 0x00, 0x00, 0x02, 0x00, 0x00, 0x00, 0x00, 0x00, 0x00, 0x00,
    0x78, 0x01, 0x00, 0x00, 0x00, 0x00, 0x00, 0x00, 0x80, 0x01, 0x00, 0x00,
    0x00, 0x00, 0x00, 0x00, 0x02, 0x90, 0x1f, 0x13, 0x02, 0x91, 0x00, 0xff,
    0xff, 0xff, 0xff, 0xff, 0xff, 0xff, 0xff, 0x21, 0x01, 0x07, 0x00, 0x00,
    0x00, 0x00, 0x00, 0x00, 0x0f, 0x00, 0x00, 0x00, 0x00, 0x00, 0x00, 0x00,
    0x0e, 0x00, 0x00, 0x00, 0x00, 0x00, 0x00, 0x00, 0x00, 0x00, 0x00, 0x00,
    0x00, 0x00, 0x00, 0x00, 0x01, 0x03, 0x09, 0xe9, 0x1d, 0x23, 0x07, 0x03,
    0x01, 0x01, 0x01, 0x01, 0x01, 0xcd, 0x06, 0x88, 0x19, 0x1b, 0x1b, 0x06,
    0x1f, 0x21, 0x02, 0x8f, 0x05, 0x02, 0x91, 0x0b, 0x63, 0x43, 0x05, 0x33,
    0x01, 0x03, 0x00, 0xff, 0xff, 0xff, 0xff, 0xff, 0xff, 0xff, 0xff, 0x07,
    0x00, 0xff, 0xff, 0xff, 0xff, 0xff, 0xff, 0xff, 0xff, 0x03, 0x03, 0x01,
    0x07, 0x01, 0x01, 0x03, 0x01, 0x01, 0xbd, 0x03, 0x17, 0x70, 0x61, 0x63,
    0x6b, 0x5f, 0x75, 0x6e, 0x70, 0x61, 0x63, 0x6b, 0x01, 0x75, 0x00, 0x00,
    0x12, 0x00, 0x00, 0x00, 0x00, 0x00, 0x00, 0x00, 0x13, 0x00, 0x00, 0x00,
    0x00, 0x00, 0x00, 0x00, 0x01, 0x00, 0x00, 0x00, 0x00, 0x00, 0x00, 0x00,
    0x02, 0x00, 0x00, 0x00, 0x00, 0x00, 0x00, 0x00, 0x28, 0x02, 0x00, 0x00,
    0x00, 0x00, 0x00, 0x00, 0x30, 0x02, 0x00, 0x00, 0x00, 0x00, 0x00, 0x00,
    0x06, 0x14, 0x49, 0x13, 0x06, 0x15, 0x00, 0xff, 0xff, 0xff, 0xff, 0xff,
    0xff, 0xff, 0xff, 0x21, 0x01, 0x07, 0x00, 0x00, 0x00, 0x00, 0x00, 0x00,
    0x0f, 0x00, 0x00, 0x00, 0x00, 0x00, 0x00, 0x00, 0x12, 0x00, 0x00, 0x00,
    0x00, 0x00, 0x00, 0x00, 0x00, 0x00, 0x00, 0x00, 0x00, 0x00, 0x00, 0x00,
    0x01, 0x03, 0x09, 0xe7, 0x21, 0x23, 0x07, 0x03, 0x01, 0x01, 0x01, 0x01,
    0x01, 0xc7, 0x0a, 0x38, 0x21, 0x23, 0x23, 0x0a, 0x27, 0x4b, 0x06, 0x13,
    0x05, 0x06, 0x15, 0x0b, 0x63, 0x43, 0x05, 0x33, 0x01, 0x03, 0x00, 0xff,
    0xff, 0xff, 0xff, 0xff, 0xff, 0xff, 0xff, 0x09, 0x00, 0xff, 0xff, 0xff,
    0xff, 0xff, 0xff, 0xff, 0xff, 0x03, 0x03, 0x01, 0x07, 0x01, 0x01, 0x03,
    0x01, 0x01, 0xbd, 0x05, 0x19, 0x70, 0x61, 0x63, 0x6b, 0x5f, 0x75, 0x6e,
    0x70, 0x61, 0x63, 0x6b, 0x31, 0x01, 0x75, 0x00, 0x12, 0x00, 0x00, 0x00,
    0x00, 0x00, 0x00, 0x00, 0x13, 0x00, 0x00, 0x00, 0x00, 0x00, 0x00, 0x00,
    0x01, 0x00, 0x00, 0x00, 0x00, 0x00, 0x00, 0x00, 0x02, 0x00, 0x00, 0x00,
    0x00, 0x00, 0x00, 0x00, 0xd8, 0x02, 0x00, 0x00, 0x00, 0x00, 0x00, 0x00,
    0xe0, 0x02, 0x00, 0x00, 0x00, 0x00, 0x00, 0x00, 0x06, 0x35, 0x6b, 0x13,
    0x06, 0x36, 0x00, 0xff, 0xff, 0xff, 0xff, 0xff, 0xff, 0xff, 0xff, 0x21,
    0x01, 0x07, 0x00, 0x00, 0x00, 0x00, 0x00, 0x00, 0x0f, 0x00, 0x00, 0x00,
    0x00, 0x00, 0x00, 0x00, 0x12, 0x00, 0x00, 0x00, 0x00, 0x00, 0x00, 0x00,
    0x00, 0x00, 0x00, 0x00, 0x00, 0x00, 0x00, 0x00, 0x01, 0x03, 0x09, 0xe7,
    0x23, 0x23, 0x07, 0x03, 0x01, 0x01, 0x01, 0x01, 0x01, 0xc5, 0x0a, 0xe8,
    0x29, 0x2b, 0x2b, 0x0a, 0x69, 0x6d, 0x06, 0x34, 0x05, 0x06, 0x36, 0x0b,
    0x63, 0x43, 0x05, 0x33, 0x01, 0x03, 0x00, 0xff, 0xff, 0xff, 0xff, 0xff,
    0xff, 0xff, 0xff, 0x0b, 0x00, 0xff, 0xff, 0xff, 0xff, 0xff, 0xff, 0xff,
    0xff, 0x03, 0x03, 0x01, 0x07, 0x01, 0x01, 0x03, 0x01, 0x01, 0x00, 0x00,
    0x81, 0x00, 0x00, 0x00, 0xd9, 0x00, 0x00, 0x00, 0x31, 0x01, 0x00, 0x00,
    0xd9, 0x01, 0x00, 0x00, 0x89, 0x02, 0x00, 0x00, 0x39, 0x03, 0x00, 0x00,
    0xf1, 0x11, 0x00, 0x00, 0x47, 0x05, 0x05, 0x01, 0x45, 0x05, 0x1f, 0x3c,
    0x69, 0x6e, 0x74, 0x65, 0x72, 0x6e, 0x61, 0x6c, 0x3a, 0x70, 0x61, 0x63,
    0x6b, 0x3e, 0x00, 0x00, 0x14, 0x05, 0x0b, 0x41, 0x72, 0x72, 0x61, 0x79,
    0x14, 0x05, 0x0d, 0x53, 0x74, 0x72, 0x69, 0x6e, 0x67, 0x00, 0x00, 0x00,
    0x47, 0x05, 0x05, 0x01, 0x45, 0x01, 0x1b, 0x3c, 0x63, 0x6c, 0x61, 0x73,
    0x73, 0x3a, 0x41, 0x72, 0x72, 0x61, 0x79, 0x3e, 0x14, 0x05, 0x09, 0x70,
    0x61, 0x63, 0x6b, 0x00, 0x47, 0x05, 0x05, 0x01, 0x45, 0x01, 0x1d, 0x3c,
    0x63, 0x6c, 0x61, 0x73, 0x73, 0x3a, 0x53, 0x74, 0x72, 0x69, 0x6e, 0x67,
    0x3e, 0x00, 0x00, 0x00, 0x14, 0x05, 0x0d, 0x75, 0x6e, 0x70, 0x61, 0x63,
    0x6b, 0x00, 0x00, 0x00, 0x14, 0x05, 0x0f, 0x75, 0x6e, 0x70, 0x61, 0x63,
    0x6b, 0x31, 0x00, 0x00, 0x47, 0x05, 0x05, 0x01, 0x45, 0x05, 0x09, 0x70,
    0x61, 0x63, 0x6b, 0x00, 0x14, 0x05, 0x0d, 0x62, 0x75, 0x66, 0x66, 0x65,
    0x72, 0x00, 0x00, 0x00, 0x14, 0x05, 0x07, 0x66, 0x6d, 0x74, 0x00, 0x00,
    0x47, 0x05, 0x05, 0x01, 0x45, 0x05, 0x0d, 0x75, 0x6e, 0x70, 0x61, 0x63,
    0x6b, 0x00, 0x00, 0x00, 0x14, 0x05, 0x0d, 0x6f, 0x66, 0x66, 0x73, 0x65,
    0x74, 0x00, 0x00, 0x00, 0xf5, 0x03, 0x00, 0x00, 0x47, 0x05, 0x05, 0x01,
    0x45, 0x05, 0x0f, 0x75, 0x6e, 0x70, 0x61, 0x63, 0x6b, 0x31, 0x00, 0x00,
    0x90, 0x03, 0x00, 0x00, 0x94, 0x03, 0x00, 0x00, 0x98, 0x03, 0x00, 0x00,
    0xac, 0x03, 0x00, 0x00, 0xb4, 0x03, 0x00, 0x00, 0xc0, 0x03, 0x00, 0x00,
    0xc4, 0x03, 0x00, 0x00, 0xd4, 0x03, 0x00, 0x00, 0xdc, 0x03, 0x00, 0x00,
    0xe0, 0x03, 0x00, 0x00, 0xf4, 0x03, 0x00, 0x00, 0x00, 0x04, 0x00, 0x00,
    0x0c, 0x04, 0x00, 0x00, 0x10, 0x04, 0x00, 0x00, 0x18, 0x04, 0x00, 0x00,
    0x24, 0x04, 0x00, 0x00, 0x2c, 0x04, 0x00, 0x00, 0x30, 0x04, 0x00, 0x00,
    0x3c, 0x04, 0x00, 0x00, 0x48, 0x04, 0x00, 0x00, 0x4c, 0x04, 0x00, 0x00,
    0x50, 0x04, 0x00, 0x00,
};

static const unsigned char warning_bin[] = {
    0x59, 0x41, 0x52, 0x42, 0x03, 0x00, 0x00, 0x00, 0x01, 0x00, 0x00, 0x00,
    0x70, 0x02, 0x00, 0x00, 0x00, 0x00, 0x00, 0x00, 0x03, 0x00, 0x00, 0x00,
    0x0d, 0x00, 0x00, 0x00, 0xa4, 0x01, 0x00, 0x00, 0x3c, 0x02, 0x00, 0x00,
    0x78, 0x38, 0x36, 0x5f, 0x36, 0x34, 0x2d, 0x64, 0x61, 0x72, 0x77, 0x69,
    0x6e, 0x32, 0x31, 0x00, 0x27, 0x07, 0x21, 0x5b, 0x07, 0x03, 0x05, 0x75,
    0x09, 0x01, 0x03, 0x09, 0x35, 0x01, 0x09, 0x00, 0xff, 0xff, 0xff, 0xff,
    0xff, 0xff, 0xff, 0xff, 0x01, 0x01, 0x05, 0x0b, 0x01, 0x01, 0x11, 0x3b,
    0x11, 0x01, 0x01, 0x01, 0x01, 0x01, 0x01, 0x01, 0x01, 0x2b, 0x01, 0x03,
    0x05, 0x05, 0x03, 0x37, 0x09, 0x01, 0x6b, 0x07, 0x2b, 0x09, 0x07, 0x03,
    0x01, 0x03, 0x00, 0xff, 0xff, 0xff, 0xff, 0xff, 0xff, 0xff, 0xff, 0x01,
    0x00, 0xff, 0xff, 0xff, 0xff, 0xff, 0xff, 0xff, 0xff, 0x03, 0x03, 0x01,
    0x01, 0x01, 0x01, 0x05, 0x01, 0x01, 0x23, 0x63, 0x45, 0x5d, 0x0d, 0x05,
    0x25, 0x0d, 0x75, 0x0b, 0x05, 0x07, 0x0b, 0x05, 0x01, 0x65, 0x0d, 0x03,
    0x65, 0x0d, 0x01, 0x6b, 0x00, 0xff, 0xff, 0xff, 0xff, 0xff, 0xff, 0xff,
    0xff, 0x09, 0x01, 0x03, 0x07, 0x07, 0x05, 0x00, 0x0f, 0x39, 0x01, 0x01,
    0x01, 0x07, 0x15, 0x57, 0x13, 0x01, 0x01, 0x01, 0x01, 0x01, 0x01, 0x01,
    0x01, 0x45, 0x01, 0x09, 0x0b, 0x0b, 0x13, 0x33, 0x09, 0x01, 0x6b, 0x07,
    0x45, 0x17, 0x0b, 0x0b, 0x01, 0x0b, 0x01, 0x03, 0x00, 0xff, 0xff, 0xff,
    0xff, 0xff, 0xff, 0xff, 0xff, 0x0b, 0x03, 0x01, 0x01, 0x01, 0x03, 0x03,
    0x01, 0x01, 0xbd, 0x01, 0x13, 0x72, 0x62, 0x5f, 0x77, 0x61, 0x72, 0x6e,
    0x5f, 0x6d, 0x01, 0x75, 0x00, 0x00, 0x00, 0x00, 0x0a, 0x00, 0x00, 0x00,
    0x00, 0x00, 0x00, 0x00, 0x0b, 0x00, 0x00, 0x00, 0x00, 0x00, 0x00, 0x00,
    0x00, 0x00, 0x00, 0x00, 0x00, 0x00, 0x00, 0x00, 0x00, 0x00, 0x00, 0x00,
    0x00, 0x00, 0x00, 0x00, 0x02, 0x00, 0x00, 0x00, 0x00, 0x00, 0x00, 0x00,
    0x03, 0x00, 0x00, 0x00, 0x00, 0x00, 0x00, 0x00, 0xf8, 0x00, 0x00, 0x00,
    0x00, 0x00, 0x00, 0x00, 0x08, 0x01, 0x00, 0x00, 0x00, 0x00, 0x00, 0x00,
    0x67, 0x2d, 0x13, 0x69, 0x00, 0xff, 0xff, 0xff, 0xff, 0xff, 0xff, 0xff,
    0xff, 0x21, 0x01, 0x07, 0x0c, 0x00, 0x00, 0x00, 0x00, 0x00, 0x00, 0x00,
    0x0a, 0x00, 0x00, 0x00, 0x00, 0x00, 0x00, 0x00, 0x0b, 0x00, 0x00, 0x00,
    0x00, 0x00, 0x00, 0x00, 0x00, 0x00, 0x00, 0x00, 0x00, 0x00, 0x00, 0x00,
    0x01, 0x03, 0x09, 0x02, 0x83, 0x1d, 0x29, 0x09, 0x01, 0x01, 0x01, 0x01,
    0x01, 0x01, 0xeb, 0x06, 0x18, 0x11, 0x13, 0x13, 0xcb, 0x2f, 0x65, 0x05,
    0x69, 0x0b, 0x63, 0x47, 0x05, 0x43, 0x01, 0x03, 0x00, 0xff, 0xff, 0xff,
    0xff, 0xff, 0xff, 0xff, 0xff, 0x05, 0x00, 0xff, 0xff, 0xff, 0xff, 0xff,
    0xff, 0xff, 0xff, 0x03, 0x03, 0x01, 0x09, 0x01, 0x01, 0x03, 0x01, 0x01,
    0x51, 0x00, 0x00, 0x00, 0xb5, 0x00, 0x00, 0x00, 0x69, 0x01, 0x00, 0x00,
    0xf1, 0x11, 0x00, 0x00, 0x47, 0x05, 0x05, 0x01, 0x45, 0x05, 0x25, 0x3c,
    0x69, 0x6e, 0x74, 0x65, 0x72, 0x6e, 0x61, 0x6c, 0x3a, 0x77, 0x61, 0x72,
    0x6e, 0x69, 0x6e, 0x67, 0x3e, 0x00, 0x00, 0x00, 0x14, 0x05, 0x0d, 0x4b,
    0x65, 0x72, 0x6e, 0x65, 0x6c, 0x00, 0x00, 0x00, 0x47, 0x05, 0x05, 0x01,
    0x45, 0x01, 0x1f, 0x3c, 0x6d, 0x6f, 0x64, 0x75, 0x6c, 0x65, 0x3a, 0x4b,
    0x65, 0x72, 0x6e, 0x65, 0x6c, 0x3e, 0x00, 0x00, 0x14, 0x05, 0x09, 0x77,
    0x61, 0x72, 0x6e, 0x00, 0x14, 0x05, 0x1f, 0x6d, 0x6f, 0x64, 0x75, 0x6c,
    0x65, 0x5f, 0x66, 0x75, 0x6e, 0x63, 0x74, 0x69, 0x6f, 0x6e, 0x00, 0x00,
    0x47, 0x05, 0x05, 0x01, 0x45, 0x05, 0x09, 0x77, 0x61, 0x72, 0x6e, 0x00,
    0x14, 0x05, 0x0f, 0x75, 0x70, 0x6c, 0x65, 0x76, 0x65, 0x6c, 0x00, 0x00,
    0x14, 0x05, 0x11, 0x63, 0x61, 0x74, 0x65, 0x67, 0x6f, 0x72, 0x79, 0x00,
    0x14, 0x05, 0x09, 0x6d, 0x73, 0x67, 0x73, 0x00, 0xb0, 0x01, 0x00, 0x00,
    0xb4, 0x01, 0x00, 0x00, 0xb8, 0x01, 0x00, 0x00, 0xd0, 0x01, 0x00, 0x00,
    0xdc, 0x01, 0x00, 0x00, 0xe0, 0x01, 0x00, 0x00, 0xf4, 0x01, 0x00, 0x00,
    0xfc, 0x01, 0x00, 0x00, 0x10, 0x02, 0x00, 0x00, 0x14, 0x02, 0x00, 0x00,
    0x1c, 0x02, 0x00, 0x00, 0x28, 0x02, 0x00, 0x00, 0x34, 0x02, 0x00, 0x00,
};

static const unsigned char array_bin[] = {
    0x59, 0x41, 0x52, 0x42, 0x03, 0x00, 0x00, 0x00, 0x01, 0x00, 0x00, 0x00,
    0x1c, 0x05, 0x00, 0x00, 0x00, 0x00, 0x00, 0x00, 0x06, 0x00, 0x00, 0x00,
    0x17, 0x00, 0x00, 0x00, 0xe8, 0x03, 0x00, 0x00, 0xc0, 0x04, 0x00, 0x00,
    0x78, 0x38, 0x36, 0x5f, 0x36, 0x34, 0x2d, 0x64, 0x61, 0x72, 0x77, 0x69,
    0x6e, 0x32, 0x31, 0x00, 0x27, 0x07, 0x21, 0x5b, 0x07, 0x03, 0x01, 0x75,
    0x03, 0x01, 0x03, 0x03, 0x00, 0xff, 0xff, 0xff, 0xff, 0xff, 0xff, 0xff,
    0xff, 0x01, 0x03, 0x71, 0x01, 0x03, 0x00, 0xff, 0xff, 0xff, 0xff, 0xff,
    0xff, 0xff, 0xff, 0x01, 0x01, 0x05, 0x03, 0x09, 0x00, 0x00, 0x00, 0x00,
    0x01, 0x01, 0x11, 0x5b, 0x11, 0x01, 0x01, 0x01, 0x01, 0x01, 0x01, 0x01,
    0x01, 0x4b, 0x01, 0x03, 0x05, 0x05, 0x03, 0x73, 0x03, 0x01, 0x8b, 0x07,
    0x4b, 0x13, 0x09, 0x03, 0x01, 0x03, 0x00, 0xff, 0xff, 0xff, 0xff, 0xff,
    0xff, 0xff, 0xff, 0x01, 0x00, 0xff, 0xff, 0xff, 0xff, 0xff, 0xff, 0xff,
    0xff, 0x03, 0x03, 0x01, 0x01, 0x01, 0x01, 0x05, 0x01, 0x01, 0x5d, 0x0d,
    0x05, 0x5d, 0x0f, 0x07, 0x5d, 0x11, 0x09, 0x25, 0x11, 0x75, 0x19, 0x07,
    0x07, 0x35, 0x23, 0x03, 0x79, 0x3d, 0x03, 0x79, 0x3d, 0x01, 0x8b, 0x00,
    0xff, 0xff, 0xff, 0xff, 0xff, 0xff, 0xff, 0xff, 0x09, 0x01, 0x07, 0x07,
    0x07, 0x05, 0x00, 0x00, 0x00, 0x00, 0x00, 0x00, 0x01, 0x07, 0x19, 0x5f,
    0x19, 0x01, 0x01, 0x01, 0x01, 0x01, 0x01, 0x01, 0x01, 0x47, 0x01, 0x09,
    0x0b, 0x0b, 0x07, 0x6f, 0x03, 0x01, 0x8b, 0x07, 0x47, 0x19, 0x0b, 0x03,
    0x01, 0x03, 0x01, 0x03, 0x00, 0xff, 0xff, 0xff, 0xff, 0xff, 0xff, 0xff,
    0xff, 0x03, 0x03, 0x01, 0x01, 0x01, 0x01, 0x03, 0x01, 0x01, 0x57, 0x07,
    0x01, 0x7b, 0x17, 0x81, 0x0d, 0x01, 0x25, 0x17, 0x19, 0x19, 0x83, 0x01,
    0xc3, 0x09, 0xbd, 0x01, 0x27, 0x72, 0x62, 0x5f, 0x61, 0x72, 0x79, 0x5f,
    0x73, 0x68, 0x75, 0x66, 0x66, 0x6c, 0x65, 0x5f, 0x62, 0x61, 0x6e, 0x67,
    0x01, 0x75, 0x00, 0x00, 0x00, 0x00, 0x00, 0x00, 0x0d, 0x00, 0x00, 0x00,
    0x00, 0x00, 0x00, 0x00, 0x0e, 0x00, 0x00, 0x00, 0x00, 0x00, 0x00, 0x00,
    0x01, 0x00, 0x00, 0x00, 0x00, 0x00, 0x00, 0x00, 0x01, 0x00, 0x00, 0x00,
    0x00, 0x00, 0x00, 0x00, 0x28, 0x01, 0x00, 0x00, 0x00, 0x00, 0x00, 0x00,
    0x30, 0x01, 0x00, 0x00, 0x00, 0x00, 0x00, 0x00, 0x19, 0x0d, 0x01, 0x19,
    0x09, 0x01, 0x19, 0x0b, 0x01, 0x1b, 0x19, 0x13, 0x1d, 0x00, 0xff, 0xff,
    0xff, 0xff, 0xff, 0xff, 0xff, 0xff, 0x21, 0x01, 0x0b, 0x13, 0x05, 0x07,
    0x00, 0x00, 0x00, 0x00, 0x0d, 0x00, 0x00, 0x00, 0x00, 0x00, 0x00, 0x00,
    0x00, 0x00, 0x00, 0x00, 0x00, 0x00, 0x00, 0x00, 0x01, 0x03, 0x29, 0x02,
    0x8f, 0x51, 0x21, 0x05, 0x01, 0x01, 0x01, 0x01, 0x01, 0x01, 0xcf, 0x06,
    0x38, 0x13, 0x15, 0x15, 0x33, 0x1b, 0x19, 0x05, 0x1d, 0x0b, 0x63, 0x35,
    0x0b, 0x23, 0x01, 0x03, 0x00, 0xff, 0xff, 0xff, 0xff, 0xff, 0xff, 0xff,
    0xff, 0x05, 0x00, 0xff, 0xff, 0xff, 0xff, 0xff, 0xff, 0xff, 0xff, 0x03,
    0x03, 0x01, 0x05, 0x03, 0x01, 0x05, 0x01, 0x01, 0x57, 0x07, 0x01, 0x7b,
    0x17, 0x81, 0x0d, 0x01, 0x25, 0x17, 0x19, 0x19, 0x83, 0x01, 0xc3, 0x09,
    0xbd, 0x03, 0x1d, 0x72, 0x62, 0x5f, 0x61, 0x72, 0x79, 0x5f, 0x73, 0x68,
    0x75, 0x66, 0x66, 0x6c, 0x65, 0x01, 0x75, 0x00, 0x0d, 0x00, 0x00, 0x00,
    0x00, 0x00, 0x00, 0x00, 0x0e, 0x00, 0x00, 0x00, 0x00, 0x00, 0x00, 0x00,
    0x01, 0x00, 0x00, 0x00, 0x00, 0x00, 0x00, 0x00, 0x01, 0x00, 0x00, 0x00,
    0x00, 0x00, 0x00, 0x00, 0xe8, 0x01, 0x00, 0x00, 0x00, 0x00, 0x00, 0x00,
    0xf0, 0x01, 0x00, 0x00, 0x00, 0x00, 0x00, 0x00, 0x35, 0x29, 0x01, 0x35,
    0x25, 0x01, 0x35, 0x27, 0x01, 0x37, 0x35, 0x13, 0x39, 0x00, 0xff, 0xff,
    0xff, 0xff, 0xff, 0xff, 0xff, 0xff, 0x21, 0x01, 0x0b, 0x13, 0x05, 0x07,
    0x00, 0x00, 0x00, 0x00, 0x0d, 0x00, 0x00, 0x00, 0x00, 0x00, 0x00, 0x00,
    0x00, 0x00, 0x00, 0x00, 0x00, 0x00, 0x00, 0x00, 0x01, 0x03, 0x29, 0x02,
    0x85, 0x47, 0x21, 0x05, 0x01, 0x01, 0x01, 0x01, 0x01, 0x01, 0xc5, 0x06,
    0xf8, 0x1f, 0x21, 0x21, 0x6b, 0x37, 0x35, 0x05, 0x39, 0x0b, 0x63, 0x35,
    0x0b, 0x23, 0x01, 0x03, 0x00, 0xff, 0xff, 0xff, 0xff, 0xff, 0xff, 0xff,
    0xff, 0x07, 0x00, 0xff, 0xff, 0xff, 0xff, 0xff, 0xff, 0xff, 0xff, 0x03,
    0x03, 0x01, 0x05, 0x03, 0x01, 0x05, 0x01, 0x01, 0x25, 0x27, 0x47, 0xc3,
    0x07, 0xc3, 0x0d, 0x57, 0x09, 0x01, 0x7b, 0x17, 0x81, 0x0d, 0x01, 0x25,
    0x17, 0x19, 0x19, 0x83, 0x01, 0xc3, 0x0b, 0xbf, 0x0b, 0xbf, 0x0d, 0xbf,
    0x07, 0xb9, 0x07, 0x15, 0x61, 0x72, 0x79, 0x5f, 0x73, 0x61, 0x6d, 0x70,
    0x6c, 0x65, 0x75, 0x00, 0x00, 0x00, 0x00, 0x00, 0x00, 0x00, 0x00, 0x00,
    0x07, 0x00, 0x00, 0x00, 0x00, 0x00, 0x00, 0x00, 0x0d, 0x00, 0x00, 0x00,
    0x00, 0x00, 0x00, 0x00, 0x0e, 0x00, 0x00, 0x00, 0x00, 0x00, 0x00, 0x00,
    0x01, 0x00, 0x00, 0x00, 0x00, 0x00, 0x00, 0x00, 0x02, 0x00, 0x00, 0x00,
    0x00, 0x00, 0x00, 0x00, 0xc0, 0x02, 0x00, 0x00, 0x00, 0x00, 0x00, 0x00,
    0xc8, 0x02, 0x00, 0x00, 0x00, 0x00, 0x00, 0x00, 0x79, 0x41, 0x03, 0x79,
    0x3f, 0x01, 0x79, 0x43, 0x01, 0x79, 0x4b, 0x01, 0x79, 0x47, 0x01, 0x79,
    0x49, 0x01, 0x85, 0x5b, 0x13, 0x85, 0x5f, 0x01, 0x85, 0x63, 0x01, 0x85,
    0x67, 0x01, 0x89, 0x00, 0xff, 0xff, 0xff, 0xff, 0xff, 0xff, 0xff, 0xff,
    0x21, 0x01, 0x05, 0x07, 0x05, 0x0b, 0x13, 0x05, 0x05, 0x05, 0x05, 0x05,
    0x00, 0x00, 0x00, 0x00, 0x14, 0x00, 0x00, 0x00, 0x00, 0x00, 0x00, 0x00,
    0x0d, 0x00, 0x00, 0x00, 0x00, 0x00, 0x00, 0x00, 0x00, 0x00, 0x00, 0x00,
    0x00, 0x00, 0x00, 0x00, 0x15, 0x00, 0x00, 0x00, 0x00, 0x00, 0x00, 0x00,
    0x01, 0x03, 0x41, 0x02, 0xc5, 0x57, 0x25, 0x07, 0x01, 0x03, 0x01, 0x01,
    0x01, 0x01, 0x02, 0x99, 0x0a, 0xd0, 0x23, 0x25, 0x25, 0xf3, 0x6b, 0x79,
    0x05, 0x89, 0x0b, 0xb3, 0x61, 0x17, 0x43, 0x01, 0x03, 0x00, 0xff, 0xff,
    0xff, 0xff, 0xff, 0xff, 0xff, 0xff, 0x09, 0x0b, 0x03, 0x03, 0x01, 0x09,
    0x03, 0x01, 0x07, 0x01, 0x01, 0xbd, 0x05, 0x17, 0x61, 0x72, 0x79, 0x5f,
    0x73, 0x61, 0x6d, 0x70, 0x6c, 0x65, 0x30, 0x01, 0x75, 0x7f, 0x57, 0x13,
    0x01, 0x00, 0xff, 0xff, 0xff, 0xff, 0xff, 0xff, 0xff, 0xff, 0x21, 0x01,
    0x07, 0x00, 0x00, 0x00, 0x15, 0x00, 0x00, 0x00, 0x00, 0x00, 0x00, 0x00,
    0x01, 0x03, 0x09, 0x59, 0x21, 0x01, 0x01, 0x01, 0x01, 0x01, 0x01, 0x01,
    0x01, 0x39, 0x01, 0x2d, 0x25, 0x25, 0xf7, 0x78, 0x3e, 0x50, 0x1b, 0x01,
    0x01, 0x01, 0x01, 0x39, 0x1d, 0x05, 0x13, 0x01, 0x03, 0x00, 0xff, 0xff,
    0xff, 0xff, 0xff, 0xff, 0xff, 0xff, 0x0b, 0x00, 0xff, 0xff, 0xff, 0xff,
    0xff, 0xff, 0xff, 0xff, 0x03, 0x03, 0x01, 0x03, 0x01, 0x01, 0x03, 0x01,
    0x01, 0x00, 0x00, 0x00, 0x61, 0x00, 0x00, 0x00, 0xc9, 0x00, 0x00, 0x00,
    0x89, 0x01, 0x00, 0x00, 0x49, 0x02, 0x00, 0x00, 0x49, 0x03, 0x00, 0x00,
    0xa9, 0x03, 0x00, 0x00, 0xf1, 0x11, 0x00, 0x00, 0x47, 0x05, 0x05, 0x01,
    0x45, 0x05, 0x21, 0x3c, 0x69, 0x6e, 0x74, 0x65, 0x72, 0x6e, 0x61, 0x6c,
    0x3a, 0x61, 0x72, 0x72, 0x61, 0x79, 0x3e, 0x00, 0x14, 0x05, 0x0b, 0x41,
    0x72, 0x72, 0x61, 0x79, 0x47, 0x05, 0x05, 0x01, 0x45, 0x01, 0x1b, 0x3c,
    0x63, 0x6c, 0x61, 0x73, 0x73, 0x3a, 0x41, 0x72, 0x72, 0x61, 0x79, 0x3e,
    0x14, 0x05, 0x11, 0x73, 0x68, 0x75, 0x66, 0x66, 0x6c, 0x65, 0x21, 0x00,
    0x14, 0x05, 0x0f, 0x73, 0x68, 0x75, 0x66, 0x66, 0x6c, 0x65, 0x00, 0x00,
    0x14, 0x05, 0x0d, 0x73, 0x61, 0x6d, 0x70, 0x6c, 0x65, 0x00, 0x00, 0x00,
    0x47, 0x05, 0x05, 0x01, 0x45, 0x05, 0x11, 0x73, 0x68, 0x75, 0x66, 0x66,
    0x6c, 0x65, 0x21, 0x00, 0xf2, 0x29, 0x00, 0x00, 0x14, 0x05, 0x0d, 0x52,
    0x61, 0x6e, 0x64, 0x6f, 0x6d, 0x00, 0x00, 0x00, 0x14, 0x05, 0x0d, 0x72,
    0x61, 0x6e, 0x64, 0x6f, 0x6d, 0x00, 0x00, 0x00, 0xf6, 0x69, 0x00, 0x00,
    0x47, 0x05, 0x05, 0x01, 0x45, 0x05, 0x0f, 0x73, 0x68, 0x75, 0x66, 0x66,
    0x6c, 0x65, 0x00, 0x00, 0x47, 0x05, 0x05, 0x01, 0x45, 0x05, 0x0d, 0x73,
    0x61, 0x6d, 0x70, 0x6c, 0x65, 0x00, 0x00, 0x00, 0xf3, 0x01, 0x00, 0x00,
    0x14, 0x05, 0x03, 0x6e, 0x14, 0x05, 0x07, 0x61, 0x72, 0x79, 0x00, 0x00,
    0x47, 0x05, 0x05, 0x01, 0x00, 0x04, 0x00, 0x00, 0x04, 0x04, 0x00, 0x00,
    0x08, 0x04, 0x00, 0x00, 0x1c, 0x04, 0x00, 0x00, 0x24, 0x04, 0x00, 0x00,
    0x28, 0x04, 0x00, 0x00, 0x38, 0x04, 0x00, 0x00, 0x44, 0x04, 0x00, 0x00,
    0x50, 0x04, 0x00, 0x00, 0x5c, 0x04, 0x00, 0x00, 0x60, 0x04, 0x00, 0x00,
    0x6c, 0x04, 0x00, 0x00, 0x70, 0x04, 0x00, 0x00, 0x7c, 0x04, 0x00, 0x00,
    0x88, 0x04, 0x00, 0x00, 0x8c, 0x04, 0x00, 0x00, 0x90, 0x04, 0x00, 0x00,
    0x9c, 0x04, 0x00, 0x00, 0xa0, 0x04, 0x00, 0x00, 0xac, 0x04, 0x00, 0x00,
    0xb0, 0x04, 0x00, 0x00, 0xb4, 0x04, 0x00, 0x00, 0xbc, 0x04, 0x00, 0x00,
};

static const unsigned char kernel_bin[] = {
    0x59, 0x41, 0x52, 0x42, 0x03, 0x00, 0x00, 0x00, 0x01, 0x00, 0x00, 0x00,
    0xb0, 0x06, 0x00, 0x00, 0x00, 0x00, 0x00, 0x00, 0x0a, 0x00, 0x00, 0x00,
    0x21, 0x00, 0x00, 0x00, 0xe4, 0x04, 0x00, 0x00, 0x2c, 0x06, 0x00, 0x00,
    0x78, 0x38, 0x36, 0x5f, 0x36, 0x34, 0x2d, 0x64, 0x61, 0x72, 0x77, 0x69,
    0x6e, 0x32, 0x31, 0x00, 0x27, 0x07, 0x21, 0x5b, 0x07, 0x03, 0x05, 0x75,
    0x03, 0x01, 0x03, 0x03, 0xf3, 0x01, 0x03, 0x00, 0xff, 0xff, 0xff, 0xff,
    0xff, 0xff, 0xff, 0xff, 0x01, 0x01, 0x05, 0x0b, 0x01, 0x01, 0x11, 0x3b,
    0x11, 0x01, 0x01, 0x01, 0x01, 0x01, 0x01, 0x01, 0x01, 0x2b, 0x01, 0x03,
    0x05, 0x05, 0x03, 0xf5, 0x03, 0x01, 0x02, 0xb2, 0x07, 0x2b, 0x09, 0x07,
    0x03, 0x01, 0x03, 0x00, 0xff, 0xff, 0xff, 0xff, 0xff, 0xff, 0xff, 0xff,
    0x01, 0x00, 0xff, 0xff, 0xff, 0xff, 0xff, 0xff, 0xff, 0xff, 0x03, 0x03,
    0x01, 0x01, 0x01, 0x01, 0x05, 0x01, 0x01, 0x5d, 0x0d, 0x05, 0x5d, 0x0f,
    0x07, 0x5d, 0x11, 0x09, 0x5d, 0x13, 0x0b, 0x5d, 0x15, 0x0d, 0x5d, 0x17,
    0x0f, 0x23, 0x63, 0x45, 0x5d, 0x19, 0x11, 0x25, 0x19, 0x75, 0x25, 0x07,
    0x07, 0x5f, 0x27, 0x03, 0x87, 0x41, 0x03, 0xb3, 0x5f, 0x03, 0xf1, 0x75,
    0x03, 0x02, 0x90, 0x9b, 0x03, 0x02, 0x97, 0xbf, 0x03, 0x02, 0x97, 0xbf,
    0x01, 0x02, 0xab, 0xc5, 0x03, 0x02, 0xab, 0xc5, 0x01, 0x02, 0xb2, 0x00,
    0xff, 0xff, 0xff, 0xff, 0xff, 0xff, 0xff, 0xff, 0x09, 0x01, 0x07, 0x07,
    0x07, 0x07, 0x07, 0x07, 0x03, 0x07, 0x07, 0x05, 0x1b, 0x39, 0x01, 0x01,
    0x01, 0x07, 0x39, 0xb5, 0x37, 0x01, 0x01, 0x01, 0x01, 0x01, 0x01, 0x01,
    0x01, 0x7f, 0x01, 0x09, 0x0b, 0x0b, 0x07, 0xf1, 0x03, 0x01, 0x02, 0xb2,
    0x07, 0x7f, 0x21, 0x17, 0x0b, 0x01, 0x0b, 0x01, 0x03, 0x00, 0xff, 0xff,
    0xff, 0xff, 0xff, 0xff, 0xff, 0xff, 0x0b, 0x03, 0x01, 0x01, 0x01, 0x03,
    0x03, 0x01, 0x01, 0xbd, 0x01, 0x09, 0x5f, 0x62, 0x69, 0x30, 0x01, 0x75,
    0x29, 0x19, 0x13, 0x2b, 0x00, 0xff, 0xff, 0xff, 0xff, 0xff, 0xff, 0xff,
    0xff, 0x21, 0x01, 0x07, 0x01, 0x03, 0x09, 0x35, 0x13, 0x01, 0x01, 0x01,
    0x01, 0x01, 0x01, 0x01, 0x01, 0x23, 0x01, 0x1d, 0x1f, 0x1f, 0x4b, 0x1f,
    0x25, 0x05, 0x2b, 0x0b, 0x23, 0x07, 0x05, 0x03, 0x01, 0x03, 0x00, 0xff,
    0xff, 0xff, 0xff, 0xff, 0xff, 0xff, 0xff, 0x05, 0x00, 0xff, 0xff, 0xff,
    0xff, 0xff, 0xff, 0xff, 0xff, 0x03, 0x03, 0x01, 0x01, 0x01, 0x01, 0x03,
    0x01, 0x03, 0xbd, 0x03, 0x1b, 0x72, 0x62, 0x5f, 0x6f, 0x62, 0x6a, 0x5f,
    0x63, 0x6c, 0x6f, 0x6e, 0x65, 0x32, 0x01, 0x75, 0x00, 0x00, 0x00, 0x00,
    0x12, 0x00, 0x00, 0x00, 0x00, 0x00, 0x00, 0x00, 0x00, 0x00, 0x00, 0x00,
    0x00, 0x00, 0x00, 0x00, 0x01, 0x00, 0x00, 0x00, 0x00, 0x00, 0x00, 0x00,
    0x01, 0x00, 0x00, 0x00, 0x00, 0x00, 0x00, 0x00, 0x80, 0x01, 0x00, 0x00,
    0x00, 0x00, 0x00, 0x00, 0x88, 0x01, 0x00, 0x00, 0x00, 0x00, 0x00, 0x00,
    0x61, 0x39, 0x13, 0x63, 0x00, 0xff, 0xff, 0xff, 0xff, 0xff, 0xff, 0xff,
    0xff, 0x21, 0x01, 0x07, 0x12, 0x00, 0x00, 0x00, 0x00, 0x00, 0x00, 0x00,
    0x00, 0x00, 0x00, 0x00, 0x00, 0x00, 0x00, 0x00, 0x01, 0x03, 0x09, 0xcf,
    0x25, 0x21, 0x05, 0x01, 0x01, 0x01, 0x01, 0x01, 0x01, 0xab, 0x06, 0x90,
    0x21, 0x23, 0x23, 0xbf, 0x3b, 0x5f, 0x05, 0x63, 0x0b, 0x43, 0x27, 0x05,
    0x23, 0x01, 0x03, 0x00, 0xff, 0xff, 0xff, 0xff, 0xff, 0xff, 0xff, 0xff,
    0x07, 0x00, 0xff, 0xff, 0xff, 0xff, 0xff, 0xff, 0xff, 0xff, 0x03, 0x03,
    0x01, 0x05, 0x01, 0x01, 0x03, 0x01, 0x01, 0xbd, 0x05, 0x09, 0x5f, 0x62,
    0x69, 0x31, 0x01, 0x75, 0x8b, 0x53, 0x13, 0x8d, 0x00, 0xff, 0xff, 0xff,
    0xff, 0xff, 0xff, 0xff, 0xff, 0x21, 0x01, 0x07, 0x00, 0x00, 0x00, 0x00,
    0x01, 0x03, 0x09, 0x3d, 0x13, 0x01, 0x01, 0x01, 0x01, 0x01, 0x01, 0x01,
    0x01, 0x2b, 0x01, 0x27, 0x29, 0x29, 0x02, 0x87, 0x59, 0x87, 0x05, 0x8d,
    0x0b, 0x2b, 0x0f, 0x05, 0x03, 0x01, 0x03, 0x00, 0xff, 0xff, 0xff, 0xff,
    0xff, 0xff, 0xff, 0xff, 0x09, 0x00, 0xff, 0xff, 0xff, 0xff, 0xff, 0xff,
    0xff, 0xff, 0x03, 0x03, 0x01, 0x01, 0x01, 0x01, 0x03, 0x01, 0x03, 0x23,
    0x73, 0x45, 0x23, 0x75, 0xb5, 0x63, 0x13, 0xb5, 0x67, 0x01, 0xb7, 0x69,
    0x03, 0xb9, 0x00, 0xff, 0xff, 0xff, 0xff, 0xff, 0xff, 0xff, 0xff, 0x21,
    0x01, 0x03, 0x07, 0x03, 0x01, 0x21, 0x03, 0x01, 0x01, 0x03, 0x0d, 0x45,
    0x0b, 0x01, 0x01, 0x01, 0x01, 0x01, 0x01, 0x01, 0x01, 0x3b, 0x01, 0x2b,
    0x2d, 0x2d, 0x02, 0xb3, 0x6f, 0xb3, 0x05, 0xb9, 0x0b, 0x3b, 0x13, 0x09,
    0x0b, 0x01, 0x0b, 0x00, 0xff, 0xff, 0xff, 0xff, 0xff, 0xff, 0xff, 0xff,
    0x0b, 0x00, 0xff, 0xff, 0xff, 0xff, 0xff, 0xff, 0xff, 0xff, 0x0b, 0x03,
    0x01, 0x01, 0x01, 0x03, 0x03, 0x01, 0x01, 0xbb, 0x07, 0x1b, 0x62, 0x6c,
    0x6f, 0x63, 0x6b, 0x5f, 0x67, 0x69, 0x76, 0x65, 0x6e, 0x5f, 0x70, 0x01,
    0x7b, 0x09, 0xbd, 0x09, 0x09, 0x5f, 0x62, 0x69, 0x32, 0x01, 0x75, 0x23,
    0x73, 0x75, 0xf3, 0x7b, 0x13, 0xf3, 0x7b, 0x01, 0xf5, 0x83, 0x03, 0xf5,
    0x87, 0x21, 0xf9, 0x8b, 0x03, 0xf9, 0x8f, 0x01, 0xfb, 0x00, 0xff, 0xff,
    0xff, 0xff, 0xff, 0xff, 0xff, 0xff, 0x21, 0x01, 0x07, 0x05, 0x07, 0x03,
    0x03, 0x05, 0x00, 0x00, 0x00, 0x00, 0x00, 0x00, 0x01, 0x21, 0x03, 0x01,
    0x01, 0x03, 0x1b, 0x9d, 0x3f, 0x01, 0x01, 0x01, 0x01, 0x01, 0x01, 0x01,
    0x01, 0x5f, 0x01, 0x2f, 0x31, 0x31, 0x02, 0xf1, 0x95, 0xf1, 0x05, 0xfb,
    0x0b, 0x5f, 0x25, 0x0f, 0x0b, 0x01, 0x0b, 0x00, 0xff, 0xff, 0xff, 0xff,
    0xff, 0xff, 0xff, 0xff, 0x0d, 0x00, 0xff, 0xff, 0xff, 0xff, 0xff, 0xff,
    0xff, 0xff, 0x0b, 0x03, 0x01, 0x01, 0x01, 0x03, 0x03, 0x01, 0x01, 0xbb,
    0x07, 0x1b, 0x62, 0x6c, 0x6f, 0x63, 0x6b, 0x5f, 0x67, 0x69, 0x76, 0x65,
    0x6e, 0x5f, 0x70, 0x01, 0x7b, 0x09, 0xbd, 0x0b, 0x09, 0x5f, 0x62, 0x69,
    0x33, 0x01, 0x75, 0x23, 0x73, 0x75, 0x02, 0x91, 0xa1, 0x13, 0x02, 0x91,
    0xa1, 0x01, 0x02, 0x92, 0xa9, 0x03, 0x02, 0x92, 0xad, 0x21, 0x02, 0x94,
    0xb1, 0x03, 0x02, 0x94, 0xb5, 0x01, 0x02, 0x95, 0x00, 0xff, 0xff, 0xff,
    0xff, 0xff, 0xff, 0xff, 0xff, 0x21, 0x01, 0x07, 0x05, 0x07, 0x03, 0x03,
    0x05, 0x00, 0x00, 0x00, 0x00, 0x00, 0x00, 0x00, 0x01, 0x21, 0x03, 0x01,
    0x01, 0x03, 0x1b, 0xad, 0x3f, 0x01, 0x01, 0x01, 0x01, 0x01, 0x01, 0x01,
    0x01, 0x6f, 0x01, 0x33, 0x35, 0x35, 0x06, 0x21, 0xbb, 0x02, 0x90, 0x05,
    0x02, 0x95, 0x0b, 0x6f, 0x27, 0x0f, 0x0b, 0x01, 0x0b, 0x00, 0xff, 0xff,
    0xff, 0xff, 0xff, 0xff, 0xff, 0xff, 0x0f, 0x00, 0xff, 0xff, 0xff, 0xff,
    0xff, 0xff, 0xff, 0xff, 0x0b, 0x03, 0x01, 0x01, 0x01, 0x03, 0x03, 0x01,
    0x01, 0xbd, 0x0f, 0x15, 0x72, 0x62, 0x5f, 0x66, 0x5f, 0x66, 0x6c, 0x6f,
    0x61, 0x74, 0x01, 0x75, 0x1d, 0x00, 0x00, 0x00, 0x00, 0x00, 0x00, 0x00,
    0x1e, 0x00, 0x00, 0x00, 0x00, 0x00, 0x00, 0x00, 0x01, 0x00, 0x00, 0x00,
    0x00, 0x00, 0x00, 0x00, 0x02, 0x00, 0x00, 0x00, 0x00, 0x00, 0x00, 0x00,
    0xe8, 0x03, 0x00, 0x00, 0x00, 0x00, 0x00, 0x00, 0xf0, 0x03, 0x00, 0x00,
    0x00, 0x00, 0x00, 0x00, 0x02, 0xaf, 0xe9, 0x13, 0x02, 0xb1, 0x00, 0xff,
    0xff, 0xff, 0xff, 0xff, 0xff, 0xff, 0xff, 0x21, 0x01, 0x07, 0x00, 0x00,
    0x00, 0x00, 0x00, 0x00, 0x1f, 0x00, 0x00, 0x00, 0x00, 0x00, 0x00, 0x00,
    0x1d, 0x00, 0x00, 0x00, 0x00, 0x00, 0x00, 0x00, 0x00, 0x00, 0x00, 0x00,
    0x00, 0x00, 0x00, 0x00, 0x01, 0x03, 0x09, 0xe1, 0x1f, 0x23, 0x07, 0x03,
    0x01, 0x01, 0x01, 0x01, 0x01, 0xc3, 0x0e, 0xf8, 0x37, 0x39, 0x39, 0x06,
    0x57, 0xed, 0x02, 0xab, 0x05, 0x02, 0xb1, 0x0b, 0x63, 0x43, 0x05, 0x33,
    0x01, 0x03, 0x00, 0xff, 0xff, 0xff, 0xff, 0xff, 0xff, 0xff, 0xff, 0x11,
    0x13, 0x03, 0x03, 0x01, 0x07, 0x01, 0x01, 0x03, 0x01, 0x01, 0xbd, 0x0d,
    0x17, 0x72, 0x62, 0x5f, 0x66, 0x5f, 0x66, 0x6c, 0x6f, 0x61, 0x74, 0x31,
    0x01, 0x75, 0x02, 0xad, 0xdd, 0x13, 0x01, 0x00, 0xff, 0xff, 0xff, 0xff,
    0xff, 0xff, 0xff, 0xff, 0x21, 0x01, 0x07, 0x00, 0x1f, 0x00, 0x00, 0x00,
    0x00, 0x00, 0x00, 0x00, 0x01, 0x03, 0x09, 0x57, 0x21, 0x03, 0x03, 0x03,
    0x01, 0x01, 0x01, 0x01, 0x01, 0x37, 0x01, 0x41, 0x39, 0x39, 0x06, 0x59,
    0x01, 0x01, 0x01, 0x01, 0x01, 0x37, 0x19, 0x05, 0x13, 0x01, 0x03, 0x00,
    0xff, 0xff, 0xff, 0xff, 0xff, 0xff, 0xff, 0xff, 0x13, 0x00, 0xff, 0xff,
    0xff, 0xff, 0xff, 0xff, 0xff, 0xff, 0x03, 0x03, 0x01, 0x03, 0x01, 0x01,
    0x03, 0x01, 0x01, 0x00, 0x51, 0x00, 0x00, 0x00, 0xe5, 0x00, 0x00, 0x00,
    0x31, 0x01, 0x00, 0x00, 0xd1, 0x01, 0x00, 0x00, 0x29, 0x02, 0x00, 0x00,
    0x85, 0x02, 0x00, 0x00, 0x0d, 0x03, 0x00, 0x00, 0x9d, 0x03, 0x00, 0x00,
    0x49, 0x04, 0x00, 0x00, 0xa9, 0x04, 0x00, 0x00, 0xf1, 0x11, 0x00, 0x00,
    0x47, 0x05, 0x05, 0x01, 0x45, 0x05, 0x23, 0x3c, 0x69, 0x6e, 0x74, 0x65,
    0x72, 0x6e, 0x61, 0x6c, 0x3a, 0x6b, 0x65, 0x72, 0x6e, 0x65, 0x6c, 0x3e,
    0x14, 0x05, 0x0d, 0x4b, 0x65, 0x72, 0x6e, 0x65, 0x6c, 0x00, 0x00, 0x00,
    0x47, 0x05, 0x05, 0x01, 0x45, 0x01, 0x1f, 0x3c, 0x6d, 0x6f, 0x64, 0x75,
    0x6c, 0x65, 0x3a, 0x4b, 0x65, 0x72, 0x6e, 0x65, 0x6c, 0x3e, 0x00, 0x00,
    0x14, 0x05, 0x0b, 0x63, 0x6c, 0x61, 0x73, 0x73, 0x14, 0x05, 0x0b, 0x63,
    0x6c, 0x6f, 0x6e, 0x65, 0x14, 0x05, 0x0f, 0x66, 0x72, 0x6f, 0x7a, 0x65,
    0x6e, 0x3f, 0x00, 0x00, 0x14, 0x05, 0x07, 0x74, 0x61, 0x70, 0x00, 0x00,
    0x14, 0x05, 0x09, 0x74, 0x68, 0x65, 0x6e, 0x00, 0x14, 0x05, 0x15, 0x79,
    0x69, 0x65, 0x6c, 0x64, 0x5f, 0x73, 0x65, 0x6c, 0x66, 0x00, 0x00, 0x00,
    0x14, 0x05, 0x0b, 0x46, 0x6c, 0x6f, 0x61, 0x74, 0x14, 0x05, 0x1f, 0x6d,
    0x6f, 0x64, 0x75, 0x6c, 0x65, 0x5f, 0x66, 0x75, 0x6e, 0x63, 0x74, 0x69,
    0x6f, 0x6e, 0x00, 0x00, 0x47, 0x05, 0x05, 0x01, 0x45, 0x05, 0x0b, 0x63,
    0x6c, 0x61, 0x73, 0x73, 0x47, 0x05, 0x05, 0x01, 0x45, 0x05, 0x0b, 0x63,
    0x6c, 0x6f, 0x6e, 0x65, 0x14, 0x05, 0x0d, 0x66, 0x72, 0x65, 0x65, 0x7a,
    0x65, 0x00, 0x00, 0x00, 0x47, 0x05, 0x05, 0x01, 0x45, 0x05, 0x0f, 0x66,
    0x72, 0x6f, 0x7a, 0x65, 0x6e, 0x3f, 0x00, 0x00, 0x47, 0x05, 0x05, 0x01,
    0x45, 0x05, 0x07, 0x74, 0x61, 0x70, 0x00, 0x00, 0x47, 0x05, 0x05, 0x01,
    0x45, 0x05, 0x09, 0x74, 0x68, 0x65, 0x6e, 0x00, 0x47, 0x05, 0x05, 0x01,
    0x45, 0x05, 0x15, 0x79, 0x69, 0x65, 0x6c, 0x64, 0x5f, 0x73, 0x65, 0x6c,
    0x66, 0x00, 0x00, 0x00, 0x47, 0x05, 0x05, 0x01, 0x45, 0x05, 0x0b, 0x46,
    0x6c, 0x6f, 0x61, 0x74, 0x14, 0x05, 0x13, 0x65, 0x78, 0x63, 0x65, 0x70,
    0x74, 0x69, 0x6f, 0x6e, 0xf2, 0x29, 0x00, 0x00, 0x14, 0x05, 0x07, 0x61,
    0x72, 0x67, 0x00, 0x00, 0x47, 0x05, 0x05, 0x01, 0x0c, 0x05, 0x00, 0x00,
    0x10, 0x05, 0x00, 0x00, 0x14, 0x05, 0x00, 0x00, 0x28, 0x05, 0x00, 0x00,
    0x34, 0x05, 0x00, 0x00, 0x38, 0x05, 0x00, 0x00, 0x4c, 0x05, 0x00, 0x00,
    0x54, 0x05, 0x00, 0x00, 0x5c, 0x05, 0x00, 0x00, 0x68, 0x05, 0x00, 0x00,
    0x70, 0x05, 0x00, 0x00, 0x78, 0x05, 0x00, 0x00, 0x88, 0x05, 0x00, 0x00,
    0x90, 0x05, 0x00, 0x00, 0xa4, 0x05, 0x00, 0x00, 0xa8, 0x05, 0x00, 0x00,
    0xb0, 0x05, 0x00, 0x00, 0xb4, 0x05, 0x00, 0x00, 0xbc, 0x05, 0x00, 0x00,
    0xc8, 0x05, 0x00, 0x00, 0xcc, 0x05, 0x00, 0x00, 0xd8, 0x05, 0x00, 0x00,
    0xdc, 0x05, 0x00, 0x00, 0xe4, 0x05, 0x00, 0x00, 0xe8, 0x05, 0x00, 0x00,
    0xf0, 0x05, 0x00, 0x00, 0xf4, 0x05, 0x00, 0x00, 0x04, 0x06, 0x00, 0x00,
    0x08, 0x06, 0x00, 0x00, 0x10, 0x06, 0x00, 0x00, 0x1c, 0x06, 0x00, 0x00,
    0x20, 0x06, 0x00, 0x00, 0x28, 0x06, 0x00, 0x00,
};

static const unsigned char timev_bin[] = {
    0x59, 0x41, 0x52, 0x42, 0x03, 0x00, 0x00, 0x00, 0x01, 0x00, 0x00, 0x00,
    0x30, 0x07, 0x00, 0x00, 0x00, 0x00, 0x00, 0x00, 0x06, 0x00, 0x00, 0x00,
    0x22, 0x00, 0x00, 0x00, 0x34, 0x05, 0x00, 0x00, 0xa8, 0x06, 0x00, 0x00,
    0x78, 0x38, 0x36, 0x5f, 0x36, 0x34, 0x2d, 0x64, 0x61, 0x72, 0x77, 0x69,
    0x6e, 0x32, 0x31, 0x00, 0x27, 0x07, 0x21, 0x5b, 0x07, 0x03, 0x01, 0x75,
    0x02, 0xd6, 0x01, 0x03, 0x02, 0xd6, 0x00, 0xff, 0xff, 0xff, 0xff, 0xff,
    0xff, 0xff, 0xff, 0x01, 0x02, 0xd6, 0x02, 0x88, 0x01, 0x02, 0xd6, 0x00,
    0xff, 0xff, 0xff, 0xff, 0xff, 0xff, 0xff, 0xff, 0x01, 0x01, 0x05, 0x03,
    0x09, 0x00, 0x00, 0x00, 0x00, 0x00, 0x00, 0x00, 0x01, 0x01, 0x11, 0x6b,
    0x11, 0x01, 0x01, 0x01, 0x01, 0x01, 0x01, 0x01, 0x01, 0x5b, 0x01, 0x03,
    0x05, 0x05, 0x03, 0x02, 0x89, 0x02, 0xd6, 0x01, 0x06, 0x38, 0x07, 0x5b,
    0x19, 0x09, 0x03, 0x01, 0x03, 0x00, 0xff, 0xff, 0xff, 0xff, 0xff, 0xff,
    0xff, 0xff, 0x01, 0x00, 0xff, 0xff, 0xff, 0xff, 0xff, 0xff, 0xff, 0xff,
    0x03, 0x03, 0x01, 0x01, 0x01, 0x01, 0x05, 0x01, 0x01, 0x23, 0x5f, 0x0d,
    0x05, 0x23, 0x5f, 0x0f, 0x07, 0x5d, 0x11, 0x09, 0x25, 0x11, 0x75, 0x02,
    0xdf, 0x05, 0x07, 0x02, 0xdf, 0x09, 0x01, 0x06, 0x0e, 0x2f, 0x03, 0x06,
    0x0e, 0x33, 0x01, 0x06, 0x29, 0x7b, 0x03, 0x06, 0x29, 0x7b, 0x01, 0x06,
    0x38, 0x00, 0xff, 0xff, 0xff, 0xff, 0xff, 0xff, 0xff, 0xff, 0x09, 0x01,
    0x03, 0x07, 0x03, 0x07, 0x07, 0x05, 0x00, 0x00, 0x01, 0x07, 0x1d, 0x79,
    0x1d, 0x01, 0x01, 0x01, 0x01, 0x01, 0x01, 0x01, 0x01, 0x5d, 0x01, 0x09,
    0x0b, 0x0b, 0x06, 0xad, 0x02, 0x87, 0x02, 0xd6, 0x01, 0x06, 0x38, 0x07,
    0x5d, 0x15, 0x0f, 0x03, 0x01, 0x03, 0x01, 0x03, 0x00, 0xff, 0xff, 0xff,
    0xff, 0xff, 0xff, 0xff, 0xff, 0x03, 0x03, 0x01, 0x01, 0x01, 0x01, 0x03,
    0x01, 0x01, 0x23, 0xbf, 0x09, 0x63, 0x75, 0x00, 0x00, 0x00, 0x00, 0x00,
    0x0b, 0x00, 0x00, 0x00, 0x00, 0x00, 0x00, 0x00, 0x00, 0x00, 0x00, 0x00,
    0x00, 0x00, 0x00, 0x00, 0x01, 0x00, 0x00, 0x00, 0x00, 0x00, 0x00, 0x00,
    0x01, 0x00, 0x00, 0x00, 0x00, 0x00, 0x00, 0x00, 0x20, 0x01, 0x00, 0x00,
    0x00, 0x00, 0x00, 0x00, 0x28, 0x01, 0x00, 0x00, 0x00, 0x00, 0x00, 0x00,
    0x02, 0xe0, 0x15, 0x13, 0x02, 0xe0, 0x1d, 0x01, 0x02, 0xe0, 0x15, 0x01,
    0x02, 0xe1, 0x00, 0xff, 0xff, 0xff, 0xff, 0xff, 0xff, 0xff, 0xff, 0x21,
    0x01, 0x03, 0x05, 0x05, 0x00, 0x00, 0x00, 0x00, 0x0b, 0x00, 0x00, 0x00,
    0x00, 0x00, 0x00, 0x00, 0x00, 0x00, 0x00, 0x00, 0x00, 0x00, 0x00, 0x00,
    0x19, 0x89, 0x03, 0x03, 0x17, 0x01, 0x03, 0x0d, 0xe1, 0x0b, 0x21, 0x05,
    0x01, 0x01, 0x01, 0x01, 0x01, 0x01, 0xd7, 0x06, 0x30, 0x13, 0x15, 0x15,
    0x06, 0xbf, 0x29, 0x02, 0xdf, 0x05, 0x02, 0xe1, 0x0b, 0x6d, 0x3d, 0x09,
    0x2d, 0x01, 0x0d, 0x00, 0xff, 0xff, 0xff, 0xff, 0xff, 0xff, 0xff, 0xff,
    0x05, 0x00, 0xff, 0xff, 0xff, 0xff, 0xff, 0xff, 0xff, 0xff, 0x0d, 0x03,
    0x01, 0x05, 0x01, 0x03, 0x05, 0x01, 0x01, 0x25, 0x1f, 0xc3, 0x0d, 0x25,
    0x21, 0xc3, 0x0b, 0xbd, 0x03, 0x13, 0x74, 0x69, 0x6d, 0x65, 0x5f, 0x73,
    0x5f, 0x61, 0x74, 0x01, 0x75, 0x00, 0x00, 0x00, 0x00, 0x00, 0x00, 0x00,
    0x00, 0x00, 0x00, 0x00, 0x00, 0x00, 0x00, 0x00, 0x04, 0x00, 0x00, 0x00,
    0x00, 0x00, 0x00, 0x00, 0x08, 0x00, 0x00, 0x00, 0x00, 0x00, 0x00, 0x00,
    0x0b, 0x00, 0x00, 0x00, 0x00, 0x00, 0x00, 0x00, 0x00, 0x00, 0x00, 0x00,
    0x00, 0x00, 0x00, 0x00, 0x01, 0x00, 0x00, 0x00, 0x00, 0x00, 0x00, 0x00,
    0x04, 0x00, 0x00, 0x00, 0x00, 0x00, 0x00, 0x00, 0xf8, 0x01, 0x00, 0x00,
    0x00, 0x00, 0x00, 0x00, 0x00, 0x02, 0x00, 0x00, 0x00, 0x00, 0x00, 0x00,
    0x06, 0x0e, 0x37, 0x01, 0x06, 0x0e, 0x39, 0x01, 0x06, 0x0e, 0x3d, 0x01,
    0x06, 0x0e, 0x3f, 0x01, 0x06, 0x12, 0x71, 0x13, 0x06, 0x14, 0x00, 0xff,
    0xff, 0xff, 0xff, 0xff, 0xff, 0xff, 0xff, 0x21, 0x01, 0x05, 0x05, 0x05,
    0x05, 0x07, 0x00, 0x00, 0x11, 0x00, 0x00, 0x00, 0x00, 0x00, 0x00, 0x00,
    0x12, 0x00, 0x00, 0x00, 0x00, 0x00, 0x00, 0x00, 0x13, 0x00, 0x00, 0x00,
    0x00, 0x00, 0x00, 0x00, 0x0b, 0x00, 0x00, 0x00, 0x00, 0x00, 0x00, 0x00,
    0x00, 0x00, 0x00, 0x00, 0x00, 0x00, 0x00, 0x00, 0x01, 0x03, 0x19, 0x02,
    0xb6, 0x2d, 0x27, 0x0b, 0x03, 0x05, 0x01, 0x01, 0x01, 0x01, 0x02, 0x99,
    0x0a, 0x08, 0x1b, 0x1d, 0x1d, 0x0a, 0x1d, 0x75, 0x06, 0x0e, 0x05, 0x06,
    0x14, 0x0b, 0xa3, 0x63, 0x0d, 0x53, 0x01, 0x03, 0x00, 0xff, 0xff, 0xff,
    0xff, 0xff, 0xff, 0xff, 0xff, 0x07, 0x0b, 0x03, 0x03, 0x01, 0x0b, 0x01,
    0x01, 0x03, 0x01, 0x01, 0x25, 0x2d, 0x47, 0xc3, 0x07, 0xc3, 0x19, 0x21,
    0xc3, 0x17, 0x21, 0xc3, 0x15, 0x21, 0xc3, 0x13, 0x21, 0xc3, 0x11, 0x21,
    0xc3, 0x0f, 0x21, 0xc3, 0x0d, 0xbf, 0x0d, 0x7d, 0x2b, 0xbf, 0x0b, 0x7d,
    0x2b, 0x23, 0x81, 0x0d, 0x01, 0x25, 0x2d, 0x19, 0x2f, 0x83, 0x01, 0x25,
    0x31, 0x63, 0x45, 0x79, 0x09, 0xbf, 0x0b, 0xc3, 0x0d, 0xbf, 0x07, 0x7d,
    0x09, 0xbd, 0x05, 0x1b, 0x74, 0x69, 0x6d, 0x65, 0x5f, 0x69, 0x6e, 0x69,
    0x74, 0x5f, 0x6e, 0x6f, 0x77, 0x0d, 0x75, 0xbd, 0x07, 0x1d, 0x74, 0x69,
    0x6d, 0x65, 0x5f, 0x69, 0x6e, 0x69, 0x74, 0x5f, 0x61, 0x72, 0x67, 0x73,
    0x01, 0x75, 0x00, 0x00, 0x00, 0x00, 0x00, 0x00, 0x00, 0x00, 0x00, 0x00,
    0x07, 0x00, 0x00, 0x00, 0x00, 0x00, 0x00, 0x00, 0x0a, 0x00, 0x00, 0x00,
    0x00, 0x00, 0x00, 0x00, 0x0d, 0x00, 0x00, 0x00, 0x00, 0x00, 0x00, 0x00,
    0x10, 0x00, 0x00, 0x00, 0x00, 0x00, 0x00, 0x00, 0x13, 0x00, 0x00, 0x00,
    0x00, 0x00, 0x00, 0x00, 0x16, 0x00, 0x00, 0x00, 0x00, 0x00, 0x00, 0x00,
    0x19, 0x00, 0x00, 0x00, 0x00, 0x00, 0x00, 0x00, 0x0b, 0x00, 0x00, 0x00,
    0x00, 0x00, 0x00, 0x00, 0x00, 0x00, 0x00, 0x00, 0x00, 0x00, 0x00, 0x00,
    0x01, 0x00, 0x00, 0x00, 0x00, 0x00, 0x00, 0x00, 0x08, 0x00, 0x00, 0x00,
    0x00, 0x00, 0x00, 0x00, 0x50, 0x03, 0x00, 0x00, 0x00, 0x00, 0x00, 0x00,
    0x58, 0x03, 0x00, 0x00, 0x00, 0x00, 0x00, 0x00, 0x06, 0x29, 0x7f, 0x03,
    0x06, 0x29, 0x7d, 0x01, 0x06, 0x29, 0x81, 0x01, 0x06, 0x29, 0x85, 0x01,
    0x06, 0x29, 0x87, 0x01, 0x06, 0x29, 0x8b, 0x01, 0x06, 0x29, 0x8d, 0x01,
    0x06, 0x29, 0x91, 0x01, 0x06, 0x29, 0x93, 0x01, 0x06, 0x29, 0x97, 0x01,
    0x06, 0x29, 0x99, 0x01, 0x06, 0x29, 0x9d, 0x01, 0x06, 0x29, 0x9f, 0x01,
    0x06, 0x29, 0xa3, 0x01, 0x06, 0x29, 0xa5, 0x01, 0x06, 0x2a, 0xb3, 0x13,
    0x06, 0x2a, 0xb3, 0x01, 0x06, 0x2b, 0xbb, 0x03, 0x06, 0x2b, 0xbb, 0x01,
    0x06, 0x2c, 0xbd, 0x03, 0x06, 0x2c, 0xbf, 0x01, 0x06, 0x2c, 0xc3, 0x01,
    0x06, 0x2c, 0xbd, 0x01, 0x06, 0x2a, 0xd3, 0x01, 0x06, 0x2f, 0xd1, 0x03,
    0x06, 0x2f, 0xc9, 0x01, 0x06, 0x32, 0xd5, 0x03, 0x06, 0x32, 0xd5, 0x01,
    0x06, 0x33, 0xdd, 0x03, 0x06, 0x33, 0xe1, 0x21, 0x06, 0x36, 0x02, 0x83,
    0x03, 0x06, 0x37, 0x00, 0xff, 0xff, 0xff, 0xff, 0xff, 0xff, 0xff, 0xff,
    0x21, 0x01, 0x05, 0x07, 0x05, 0x03, 0x05, 0x03, 0x05, 0x03, 0x05, 0x03,
    0x05, 0x03, 0x05, 0x03, 0x05, 0x05, 0x05, 0x05, 0x05, 0x03, 0x13, 0x05,
    0x07, 0x05, 0x05, 0x05, 0x05, 0x05, 0x07, 0x03, 0x07, 0x00, 0x00, 0x00,
    0x00, 0x00, 0x00, 0x00, 0x19, 0x00, 0x00, 0x00, 0x00, 0x00, 0x00, 0x00,
    0x1a, 0x00, 0x00, 0x00, 0x00, 0x00, 0x00, 0x00, 0x1b, 0x00, 0x00, 0x00,
    0x00, 0x00, 0x00, 0x00, 0x1c, 0x00, 0x00, 0x00, 0x00, 0x00, 0x00, 0x00,
    0x1d, 0x00, 0x00, 0x00, 0x00, 0x00, 0x00, 0x00, 0x1e, 0x00, 0x00, 0x00,
    0x00, 0x00, 0x00, 0x00, 0x1f, 0x00, 0x00, 0x00, 0x00, 0x00, 0x00, 0x00,
    0x0b, 0x00, 0x00, 0x00, 0x00, 0x00, 0x00, 0x00, 0x00, 0x00, 0x00, 0x00,
    0x00, 0x00, 0x00, 0x00, 0x06, 0x00, 0x00, 0x00, 0x00, 0x00, 0x00, 0x00,
    0x41, 0x29, 0x05, 0x01, 0x01, 0x03, 0x85, 0x06, 0xd5, 0xbd, 0x25, 0x13,
    0x01, 0x0f, 0x01, 0x01, 0x01, 0x01, 0x06, 0x75, 0x0e, 0x60, 0x29, 0x2b,
    0x2b, 0x0a, 0x53, 0x02, 0x85, 0x06, 0x29, 0x05, 0x06, 0x37, 0x0b, 0x06,
    0x05, 0xf9, 0x41, 0xab, 0x01, 0x0b, 0x00, 0xff, 0xff, 0xff, 0xff, 0xff,
    0xff, 0xff, 0xff, 0x09, 0x00, 0xff, 0xff, 0xff, 0xff, 0xff, 0xff, 0xff,
    0xff, 0x0b, 0x03, 0x01, 0x15, 0x03, 0x03, 0x07, 0x01, 0x01, 0xbd, 0x01,
    0x15, 0x74, 0x69, 0x6d, 0x65, 0x5f, 0x73, 0x5f, 0x61, 0x74, 0x31, 0x01,
    0x75, 0x06, 0x10, 0x57, 0x13, 0x01, 0x00, 0xff, 0xff, 0xff, 0xff, 0xff,
    0xff, 0xff, 0xff, 0x21, 0x01, 0x07, 0x00, 0x00, 0x11, 0x00, 0x00, 0x00,
    0x00, 0x00, 0x00, 0x00, 0x01, 0x03, 0x09, 0x57, 0x1f, 0x03, 0x03, 0x03,
    0x01, 0x01, 0x01, 0x01, 0x01, 0x39, 0x01, 0x43, 0x1d, 0x1d, 0x0a, 0x1f,
    0x00, 0xff, 0xff, 0xff, 0xff, 0xb3, 0x23, 0xfd, 0x00, 0x01, 0x01, 0x01,
    0x01, 0x39, 0x1b, 0x05, 0x13, 0x01, 0x03, 0x00, 0xff, 0xff, 0xff, 0xff,
    0xff, 0xff, 0xff, 0xff, 0x0b, 0x00, 0xff, 0xff, 0xff, 0xff, 0xff, 0xff,
    0xff, 0xff, 0x03, 0x03, 0x01, 0x03, 0x01, 0x01, 0x03, 0x01, 0x01, 0x00,
    0x69, 0x00, 0x00, 0x00, 0xe1, 0x00, 0x00, 0x00, 0x86, 0x01, 0x00, 0x00,
    0x79, 0x02, 0x00, 0x00, 0x85, 0x04, 0x00, 0x00, 0xf1, 0x04, 0x00, 0x00,
    0xf1, 0x11, 0x00, 0x00, 0x47, 0x05, 0x05, 0x01, 0x45, 0x05, 0x21, 0x3c,
    0x69, 0x6e, 0x74, 0x65, 0x72, 0x6e, 0x61, 0x6c, 0x3a, 0x74, 0x69, 0x6d,
    0x65, 0x76, 0x3e, 0x00, 0x14, 0x05, 0x09, 0x54, 0x69, 0x6d, 0x65, 0x00,
    0x47, 0x05, 0x05, 0x01, 0x45, 0x01, 0x19, 0x3c, 0x63, 0x6c, 0x61, 0x73,
    0x73, 0x3a, 0x54, 0x69, 0x6d, 0x65, 0x3e, 0x00, 0x14, 0x05, 0x07, 0x6e,
    0x6f, 0x77, 0x00, 0x00, 0x14, 0x05, 0x05, 0x61, 0x74, 0x00, 0x00, 0x00,
    0x14, 0x05, 0x15, 0x69, 0x6e, 0x69, 0x74, 0x69, 0x61, 0x6c, 0x69, 0x7a,
    0x65, 0x00, 0x00, 0x00, 0x47, 0x05, 0x05, 0x01, 0x45, 0x05, 0x07, 0x6e,
    0x6f, 0x77, 0x00, 0x00, 0x14, 0x05, 0x05, 0x69, 0x6e, 0x00, 0x00, 0x00,
    0x14, 0x05, 0x07, 0x6e, 0x65, 0x77, 0x00, 0x00, 0x47, 0x05, 0x05, 0x01,
    0x45, 0x05, 0x05, 0x61, 0x74, 0x00, 0x00, 0x00, 0xf3, 0x01, 0x00, 0x00,
    0x14, 0x05, 0x17, 0x6d, 0x69, 0x63, 0x72, 0x6f, 0x73, 0x65, 0x63, 0x6f,
    0x6e, 0x64, 0x00, 0x00, 0x14, 0x05, 0x09, 0x74, 0x69, 0x6d, 0x65, 0x00,
    0x14, 0x05, 0x0d, 0x73, 0x75, 0x62, 0x73, 0x65, 0x63, 0x00, 0x00, 0x00,
    0x14, 0x05, 0x09, 0x75, 0x6e, 0x69, 0x74, 0x00, 0x47, 0x05, 0x05, 0x01,
    0x45, 0x05, 0x15, 0x69, 0x6e, 0x69, 0x74, 0x69, 0x61, 0x6c, 0x69, 0x7a,
    0x65, 0x00, 0x00, 0x00, 0xf2, 0x29, 0x00, 0x00, 0x14, 0x05, 0x1b, 0x41,
    0x72, 0x67, 0x75, 0x6d, 0x65, 0x6e, 0x74, 0x45, 0x72, 0x72, 0x6f, 0x72,
    0x45, 0x03, 0x77, 0x74, 0x69, 0x6d, 0x65, 0x7a, 0x6f, 0x6e, 0x65, 0x20,
    0x61, 0x72, 0x67, 0x75, 0x6d, 0x65, 0x6e, 0x74, 0x20, 0x67, 0x69, 0x76,
    0x65, 0x6e, 0x20, 0x61, 0x73, 0x20, 0x70, 0x6f, 0x73, 0x69, 0x74, 0x69,
    0x6f, 0x6e, 0x61, 0x6c, 0x20, 0x61, 0x6e, 0x64, 0x20, 0x6b, 0x65, 0x79,
    0x77, 0x6f, 0x72, 0x64, 0x20, 0x61, 0x72, 0x67, 0x75, 0x6d, 0x65, 0x6e,
    0x74, 0x73, 0x00, 0x00, 0x14, 0x05, 0x09, 0x79, 0x65, 0x61, 0x72, 0x00,
    0x14, 0x05, 0x07, 0x6d, 0x6f, 0x6e, 0x00, 0x00, 0x14, 0x05, 0x09, 0x6d,
    0x64, 0x61, 0x79, 0x00, 0x14, 0x05, 0x09, 0x68, 0x6f, 0x75, 0x72, 0x00,
    0x14, 0x05, 0x07, 0x6d, 0x69, 0x6e, 0x00, 0x00, 0x14, 0x05, 0x07, 0x73,
    0x65, 0x63, 0x00, 0x00, 0x14, 0x05, 0x09, 0x7a, 0x6f, 0x6e, 0x65, 0x00,
    0x14, 0x05, 0x0b, 0x72, 0x61, 0x69, 0x73, 0x65, 0x47, 0x05, 0x05, 0x01,
    0x4c, 0x05, 0x00, 0x00, 0x50, 0x05, 0x00, 0x00, 0x54, 0x05, 0x00, 0x00,
    0x68, 0x05, 0x00, 0x00, 0x70, 0x05, 0x00, 0x00, 0x74, 0x05, 0x00, 0x00,
    0x84, 0x05, 0x00, 0x00, 0x8c, 0x05, 0x00, 0x00, 0x94, 0x05, 0x00, 0x00,
    0xa4, 0x05, 0x00, 0x00, 0xa8, 0x05, 0x00, 0x00, 0xb0, 0x05, 0x00, 0x00,
    0xb8, 0x05, 0x00, 0x00, 0xc0, 0x05, 0x00, 0x00, 0xc4, 0x05, 0x00, 0x00,
    0xcc, 0x05, 0x00, 0x00, 0xd0, 0x05, 0x00, 0x00, 0xe0, 0x05, 0x00, 0x00,
    0xe8, 0x05, 0x00, 0x00, 0xf4, 0x05, 0x00, 0x00, 0xfc, 0x05, 0x00, 0x00,
    0x00, 0x06, 0x00, 0x00, 0x10, 0x06, 0x00, 0x00, 0x14, 0x06, 0x00, 0x00,
    0x24, 0x06, 0x00, 0x00, 0x64, 0x06, 0x00, 0x00, 0x6c, 0x06, 0x00, 0x00,
    0x74, 0x06, 0x00, 0x00, 0x7c, 0x06, 0x00, 0x00, 0x84, 0x06, 0x00, 0x00,
    0x8c, 0x06, 0x00, 0x00, 0x94, 0x06, 0x00, 0x00, 0x9c, 0x06, 0x00, 0x00,
    0xa4, 0x06, 0x00, 0x00,
};

static const unsigned char yjit_bin[] = {
    0x59, 0x41, 0x52, 0x42, 0x03, 0x00, 0x00, 0x00, 0x01, 0x00, 0x00, 0x00,
    0x50, 0x46, 0x00, 0x00, 0x00, 0x00, 0x00, 0x00, 0x27, 0x00, 0x00, 0x00,
    0x37, 0x01, 0x00, 0x00, 0x74, 0x2f, 0x00, 0x00, 0x74, 0x41, 0x00, 0x00,
    0x78, 0x38, 0x36, 0x5f, 0x36, 0x34, 0x2d, 0x64, 0x61, 0x72, 0x77, 0x69,
    0x6e, 0x32, 0x31, 0x00, 0x81, 0x0d, 0x01, 0x25, 0x07, 0x19, 0x09, 0x83,
    0x01, 0x21, 0x5b, 0x0b, 0x03, 0x15, 0x75, 0x17, 0x01, 0x03, 0x17, 0x01,
    0x01, 0x17, 0x16, 0xa3, 0x01, 0x17, 0x00, 0xff, 0xff, 0xff, 0xff, 0xff,
    0xff, 0xff, 0xff, 0x01, 0x01, 0x07, 0x0d, 0x0b, 0x00, 0x00, 0x00, 0x00,
    0x01, 0x01, 0x1f, 0x5b, 0x1f, 0x01, 0x01, 0x01, 0x01, 0x01, 0x01, 0x01,
    0x01, 0x3d, 0x01, 0x03, 0x05, 0x05, 0x03, 0x16, 0xa4, 0x17, 0x01, 0x06,
    0x17, 0x07, 0x3d, 0x13, 0x09, 0x03, 0x01, 0x03, 0x00, 0xff, 0xff, 0xff,
    0xff, 0xff, 0xff, 0xff, 0xff, 0x01, 0x00, 0xff, 0xff, 0xff, 0xff, 0xff,
    0xff, 0xff, 0xff, 0x03, 0x03, 0x01, 0x01, 0x03, 0x01, 0x05, 0x01, 0x01,
    0x21, 0x53, 0x0d, 0x11, 0x07, 0x7d, 0x21, 0x23, 0x5f, 0x13, 0x05, 0x23,
    0x5f, 0x15, 0x07, 0x23, 0x5f, 0x17, 0x09, 0x23, 0x5f, 0x19, 0x0b, 0x23,
    0x5f, 0x1b, 0x0d, 0x23, 0x5f, 0x1d, 0x0f, 0x23, 0x5f, 0x1f, 0x11, 0x23,
    0x5f, 0x21, 0x13, 0x23, 0x5f, 0x23, 0x15, 0xbb, 0x07, 0x29, 0x79, 0x6a,
    0x69, 0x74, 0x5f, 0x73, 0x74, 0x61, 0x74, 0x73, 0x5f, 0x65, 0x6e, 0x61,
    0x62, 0x6c, 0x65, 0x64, 0x5f, 0x70, 0x01, 0x7d, 0x0b, 0x23, 0x61, 0x17,
    0x45, 0x23, 0x21, 0x5b, 0x25, 0x19, 0x03, 0x75, 0x19, 0x07, 0x07, 0x19,
    0x07, 0x01, 0x19, 0x09, 0x01, 0x1b, 0x0b, 0x03, 0x1b, 0x0f, 0x01, 0x83,
    0x06, 0x01, 0x03, 0x83, 0x06, 0x03, 0x01, 0x8b, 0x06, 0x10, 0x03, 0x8b,
    0x06, 0x12, 0x01, 0xe3, 0x06, 0xec, 0x03, 0xe3, 0x06, 0xee, 0x01, 0x02,
    0x88, 0x0a, 0x57, 0x03, 0x02, 0x88, 0x0a, 0x59, 0x01, 0x02, 0x8e, 0x0a,
    0x5f, 0x03, 0x02, 0x8e, 0x0a, 0x61, 0x01, 0x02, 0x93, 0x0a, 0x67, 0x03,
    0x02, 0x93, 0x0a, 0x69, 0x01, 0x02, 0x97, 0x0a, 0x6f, 0x03, 0x02, 0x97,
    0x0a, 0x71, 0x01, 0x02, 0x9b, 0x0a, 0x79, 0x03, 0x02, 0x9b, 0x0a, 0x7b,
    0x01, 0x02, 0xa0, 0x0a, 0x82, 0x03, 0x02, 0xa0, 0x0a, 0x82, 0x01, 0x02,
    0xa1, 0x0a, 0x83, 0x03, 0x02, 0xa1, 0x0a, 0x83, 0x01, 0x02, 0xa1, 0x0a,
    0x86, 0x01, 0x02, 0xa4, 0x0a, 0x89, 0x03, 0x02, 0xa4, 0x16, 0xa0, 0x01,
    0x06, 0x17, 0x00, 0xff, 0xff, 0xff, 0xff, 0xff, 0xff, 0xff, 0xff, 0x09,
    0x01, 0x03, 0x09, 0x05, 0x03, 0x07, 0x03, 0x07, 0x03, 0x07, 0x03, 0x07,
    0x03, 0x07, 0x03, 0x07, 0x03, 0x07, 0x03, 0x07, 0x03, 0x07, 0x07, 0x05,
    0x03, 0x07, 0x03, 0x03, 0x0b, 0x00, 0x00, 0x00, 0x00, 0x00, 0x00, 0x00,
    0x27, 0x09, 0x01, 0x01, 0x01, 0x07, 0x79, 0x06, 0x01, 0xa1, 0x01, 0x01,
    0x01, 0x01, 0x01, 0x01, 0x01, 0x01, 0x02, 0xb1, 0x01, 0x0d, 0x0f, 0x0f,
    0x2f, 0x16, 0xa2, 0x17, 0x01, 0x06, 0x17, 0x07, 0x02, 0xb1, 0x53, 0x3b,
    0x0b, 0x01, 0x0b, 0x01, 0x03, 0x00, 0xff, 0xff, 0xff, 0xff, 0xff, 0xff,
    0xff, 0xff, 0x0b, 0x03, 0x01, 0x01, 0x01, 0x03, 0x05, 0x01, 0x01, 0x57,
    0x15, 0x01, 0x7b, 0x19, 0x1d, 0x2d, 0x47, 0x7d, 0x0b, 0x45, 0x1d, 0x2d,
    0x63, 0xc3, 0x17, 0x81, 0x15, 0x01, 0x25, 0x07, 0x19, 0x09, 0x25, 0x2f,
    0x19, 0x31, 0x83, 0x01, 0xbf, 0x19, 0x63, 0xc3, 0x19, 0x23, 0xbf, 0x19,
    0x63, 0xc3, 0x13, 0xbf, 0x13, 0xb1, 0x7d, 0x05, 0x21, 0x75, 0x81, 0x0d,
    0x03, 0x25, 0x07, 0x19, 0x33, 0x83, 0x03, 0x63, 0xc3, 0x11, 0xbf, 0x11,
    0xbf, 0x19, 0x63, 0x9f, 0x45, 0xbf, 0x11, 0x25, 0x35, 0x9f, 0x45, 0xbf,
    0x13, 0x25, 0x37, 0x61, 0x00, 0xff, 0xff, 0xff, 0xff, 0xff, 0xff, 0xff,
    0xff, 0xc3, 0x0f, 0x27, 0x03, 0x61, 0x1b, 0xc3, 0x0d, 0x81, 0x0d, 0x05,
    0x25, 0x07, 0x19, 0x11, 0x83, 0x05, 0x63, 0xc3, 0x0b, 0xbf, 0x0f, 0x61,
    0x1d, 0x45, 0xbf, 0x13, 0x61, 0x1f, 0xc3, 0x09, 0xbf, 0x09, 0x63, 0xc3,
    0x07, 0xbf, 0x11, 0x25, 0x35, 0x9f, 0x45, 0xbf, 0x11, 0x25, 0x39, 0xbf,
    0x07, 0x47, 0x65, 0x2d, 0x25, 0x3b, 0x2b, 0x07, 0x9f, 0x45, 0xbf, 0x11,
    0x25, 0x35, 0x9f, 0x45, 0xbf, 0x11, 0x75, 0x00, 0x00, 0x00, 0x00, 0x00,
    0x1e, 0x00, 0x00, 0x00, 0x00, 0x00, 0x00, 0x00, 0x1f, 0x00, 0x00, 0x00,
    0x00, 0x00, 0x00, 0x00, 0x01, 0x00, 0x00, 0x00, 0x00, 0x00, 0x00, 0x00,
    0x02, 0x00, 0x00, 0x00, 0x00, 0x00, 0x00, 0x00, 0x70, 0x02, 0x00, 0x00,
    0x00, 0x00, 0x00, 0x00, 0x78, 0x02, 0x00, 0x00, 0x00, 0x00, 0x00, 0x00,
    0x1b, 0x1d, 0x01, 0x1b, 0x13, 0x01, 0x1b, 0x19, 0x01, 0x1b, 0x15, 0x01,
    0x1b, 0x17, 0x01, 0x1b, 0x1b, 0x01, 0x1d, 0x27, 0x13, 0x1d, 0x25, 0x01,
    0x1d, 0x27, 0x01, 0x1d, 0x29, 0x01, 0x1d, 0x2d, 0x01, 0x1d, 0x23, 0x01,
    0x21, 0x31, 0x03, 0x21, 0x33, 0x01, 0x21, 0x31, 0x01, 0x21, 0x2f, 0x01,
    0x23, 0x3d, 0x03, 0x23, 0x3f, 0xc1, 0x23, 0x3f, 0x01, 0x23, 0x00, 0xff,
    0xff, 0xff, 0xff, 0xff, 0xff, 0xff, 0xff, 0x01, 0x23, 0x3b, 0x21, 0x27,
    0x47, 0x03, 0x27, 0x47, 0x01, 0x27, 0x49, 0x01, 0x27, 0x45, 0x01, 0x29,
    0x4d, 0x03, 0x29, 0x4f, 0x01, 0x29, 0x51, 0x01, 0x29, 0x55, 0xc1, 0x29,
    0x55, 0x01, 0x2b, 0x59, 0x03, 0x2b, 0x5b, 0x01, 0x2b, 0x5f, 0xc1, 0x2b,
    0x5f, 0x01, 0x31, 0x65, 0x03, 0x31, 0x67, 0x01, 0x31, 0x6b, 0x01, 0x31,
    0x63, 0x01, 0x35, 0x89, 0x03, 0x35, 0x89, 0x01, 0x35, 0x6f, 0x01, 0x45,
    0x8f, 0x03, 0x45, 0x8f, 0x01, 0x45, 0x91, 0x01, 0x45, 0x8d, 0x01, 0x47,
    0x95, 0x03, 0x47, 0x97, 0x01, 0x47, 0x02, 0xd9, 0x01, 0x71, 0x02, 0xdc,
    0x03, 0x71, 0x02, 0xdd, 0x01, 0x71, 0x02, 0xdb, 0x01, 0x73, 0x02, 0xe7,
    0x03, 0x73, 0x02, 0xe8, 0x01, 0x73, 0x02, 0xe6, 0x01, 0x75, 0x02, 0xea,
    0x03, 0x75, 0x02, 0xeb, 0x01, 0x75, 0x02, 0xed, 0xc1, 0x75, 0x02, 0xed,
    0x01, 0x77, 0x02, 0xef, 0x03, 0x77, 0x02, 0xf0, 0x01, 0x77, 0x02, 0xf1,
    0x01, 0x77, 0x02, 0xf4, 0x01, 0x77, 0x02, 0xf0, 0x01, 0x77, 0x02, 0xf7,
    0xc1, 0x77, 0x02, 0xf7, 0x01, 0x79, 0x02, 0xf9, 0x03, 0x79, 0x02, 0xfa,
    0x01, 0x79, 0x02, 0xfc, 0xc1, 0x79, 0x02, 0xfc, 0x01, 0x7d, 0x02, 0xfe,
    0x03, 0x7f, 0x00, 0xff, 0xff, 0xff, 0xff, 0xff, 0xff, 0xff, 0xff, 0x21,
    0x01, 0x0b, 0x05, 0x09, 0x05, 0x05, 0x05, 0x07, 0x09, 0x0d, 0x05, 0x05,
    0x05, 0x03, 0x05, 0x05, 0x05, 0x05, 0x05, 0x05, 0x03, 0x03, 0x07, 0x0d,
    0x05, 0x05, 0x05, 0x05, 0x05, 0x05, 0x03, 0x05, 0x05, 0x05, 0x03, 0x05,
    0x05, 0x07, 0x05, 0x05, 0x07, 0x05, 0x07, 0x0d, 0x05, 0x05, 0x05, 0x07,
    0x03, 0x05, 0x07, 0x05, 0x05, 0x05, 0x05, 0x05, 0x05, 0x05, 0x03, 0x05,
    0x05, 0x0d, 0x05, 0x05, 0x05, 0x03, 0x05, 0x05, 0x05, 0x03, 0x05, 0x00,
    0x00, 0x00, 0x00, 0x00, 0x20, 0x00, 0x00, 0x00, 0x00, 0x00, 0x00, 0x00,
    0x1e, 0x00, 0x00, 0x00, 0x00, 0x00, 0x00, 0x00, 0x00, 0x00, 0x00, 0x00,
    0x00, 0x00, 0x00, 0x00, 0x21, 0x00, 0x00, 0x00, 0x00, 0x00, 0x00, 0x00,
    0x22, 0x00, 0x00, 0x00, 0x00, 0x00, 0x00, 0x00, 0x23, 0x00, 0x00, 0x00,
    0x00, 0x00, 0x00, 0x00, 0x24, 0x00, 0x00, 0x00, 0x00, 0x00, 0x00, 0x00,
    0x25, 0x00, 0x00, 0x00, 0x00, 0x00, 0x00, 0x00, 0x26, 0x00, 0x00, 0x00,
    0x00, 0x00, 0x00, 0x00, 0x27, 0x00, 0x00, 0x00, 0x00, 0x00, 0x00, 0x00,
    0x51, 0x21, 0x01, 0x01, 0x53, 0x21, 0x03, 0x01, 0x55, 0x29, 0x03, 0x01,
    0x57, 0x21, 0x01, 0x01, 0x59, 0x21, 0x01, 0x01, 0x13, 0x21, 0x01, 0x01,
    0x5b, 0x21, 0x03, 0x01, 0x5b, 0x21, 0x03, 0x01, 0x5d, 0x05, 0x01, 0x01,
    0x5f, 0x09, 0x01, 0x01, 0x59, 0x21, 0x01, 0x01, 0x61, 0x01, 0x01, 0x01,
    0x63, 0x01, 0x01, 0x01, 0x65, 0x21, 0x01, 0x01, 0x5b, 0x21, 0x03, 0x01,
    0x67, 0x29, 0x01, 0x01, 0x5b, 0x21, 0x03, 0x01, 0x5b, 0x21, 0x03, 0x01,
    0x01, 0x03, 0x02, 0xa2, 0x0a, 0xae, 0x02, 0x98, 0x23, 0x07, 0x03, 0x01,
    0x01, 0x01, 0x01, 0x01, 0x0a, 0x16, 0x0a, 0x80, 0x29, 0x2b, 0x2b, 0x37,
    0x06, 0x00, 0x1b, 0x09, 0x7f, 0x0f, 0x06, 0xe1, 0x02, 0xe5, 0x8f, 0x02,
    0x99, 0x01, 0x93, 0x00, 0xff, 0xff, 0xff, 0xff, 0xff, 0xff, 0xff, 0xff,
    0x05, 0x00, 0xff, 0xff, 0xff, 0xff, 0xff, 0xff, 0xff, 0xff, 0x93, 0x03,
    0x01, 0x15, 0x07, 0x25, 0x09, 0x01, 0x01, 0xbd, 0x01, 0x19, 0x63, 0x6f,
    0x6d, 0x6d, 0x65, 0x6e, 0x74, 0x73, 0x5f, 0x66, 0x6f, 0x72, 0x01, 0x75,
    0x85, 0x06, 0x0c, 0x13, 0x87, 0x00, 0xff, 0xff, 0xff, 0xff, 0xff, 0xff,
    0xff, 0xff, 0x21, 0x01, 0x07, 0x00, 0x00, 0x00, 0x36, 0x00, 0x00, 0x00,
    0x00, 0x00, 0x00, 0x00, 0x37, 0x00, 0x00, 0x00, 0x00, 0x00, 0x00, 0x00,
    0x01, 0x03, 0x09, 0x6d, 0x23, 0x03, 0x05, 0x05, 0x01, 0x01, 0x01, 0x01,
    0x01, 0x4b, 0x01, 0x69, 0x6b, 0x6b, 0x02, 0x83, 0x06, 0x0d, 0x83, 0x09,
    0x87, 0x0f, 0x4b, 0x2d, 0x05, 0x23, 0x01, 0x03, 0x00, 0xff, 0xff, 0xff,
    0xff, 0xff, 0xff, 0xff, 0xff, 0x07, 0x00, 0xff, 0xff, 0xff, 0xff, 0xff,
    0xff, 0xff, 0xff, 0x03, 0x03, 0x01, 0x05, 0x01, 0x01, 0x03, 0x01, 0x01,
    0x81, 0x15, 0x01, 0x25, 0x07, 0x19, 0x09, 0x25, 0x2f, 0x19, 0x31, 0x83,
    0x01, 0xbf, 0x11, 0x63, 0xc3, 0x11, 0x81, 0x0d, 0x03, 0x25, 0x07, 0x19,
    0x11, 0x83, 0x03, 0x63, 0xc3, 0x0f, 0x27, 0x03, 0x61, 0x21, 0xc3, 0x0d,
    0x25, 0x75, 0xc3, 0x0b, 0x25, 0x77, 0x63, 0xc3, 0x09, 0x23, 0xbf, 0x11,
    0x63, 0x25, 0x79, 0x61, 0x00, 0xff, 0xff, 0xff, 0xff, 0xff, 0xff, 0xff,
    0xff, 0xc3, 0x07, 0xbf, 0x09, 0x25, 0x7b, 0x9f, 0x45, 0xbf, 0x09, 0x25,
    0x7d, 0x9f, 0x45, 0xbf, 0x09, 0x25, 0x7f, 0xbf, 0x11, 0x63, 0x47, 0x65,
    0x2d, 0x25, 0x81, 0xbf, 0x11, 0x63, 0x47, 0x65, 0x2d, 0x25, 0x83, 0xbf,
    0x11, 0x63, 0x47, 0x65, 0x2d, 0x25, 0x85, 0x2b, 0x0f, 0x9f, 0x45, 0xbf,
    0x09, 0x25, 0x87, 0x9f, 0x45, 0xbf, 0x09, 0x25, 0x89, 0x9f, 0x45, 0xbf,
    0x09, 0x25, 0x8b, 0x9f, 0x45, 0xbf, 0x07, 0x61, 0x23, 0x45, 0xbf, 0x09,
    0x25, 0x8d, 0x9f, 0x45, 0xbf, 0x09, 0x25, 0x8f, 0x9f, 0x45, 0xbf, 0x09,
    0x75, 0x8d, 0x06, 0x17, 0x13, 0x8d, 0x06, 0x16, 0x01, 0x8d, 0x06, 0x17,
    0x01, 0x8d, 0x06, 0x18, 0x01, 0x8d, 0x06, 0x1a, 0x01, 0x8d, 0x06, 0x15,
    0x01, 0x8f, 0x06, 0x1c, 0x03, 0x8f, 0x06, 0x1c, 0x01, 0x8f, 0x06, 0x1d,
    0x01, 0x8f, 0x06, 0x1b, 0x01, 0x93, 0x06, 0x2a, 0x03, 0x93, 0x06, 0x2a,
    0x01, 0x93, 0x06, 0x20, 0x01, 0x95, 0x06, 0x2d, 0x03, 0x95, 0x06, 0x2c,
    0x01, 0x99, 0x06, 0x30, 0x03, 0x99, 0x06, 0x31, 0x01, 0x99, 0x06, 0x2f,
    0x01, 0x9b, 0x06, 0x34, 0x03, 0x9b, 0x06, 0x35, 0x01, 0x9b, 0x06, 0x34,
    0x01, 0x9b, 0x06, 0x37, 0x01, 0x9b, 0x06, 0x39, 0x01, 0x9b, 0x06, 0x33,
    0x01, 0x9d, 0x06, 0x3b, 0x03, 0x9d, 0x06, 0x3c, 0x01, 0x9d, 0x06, 0x3e,
    0xc1, 0x9d, 0x06, 0x3e, 0x01, 0xa3, 0x06, 0x40, 0x03, 0xa3, 0x06, 0x41,
    0x01, 0xa3, 0x06, 0x43, 0xc1, 0xa3, 0x06, 0x43, 0x01, 0xa5, 0x06, 0x45,
    0x03, 0xa5, 0x06, 0x46, 0x01, 0xa5, 0x06, 0x47, 0x01, 0xa5, 0x06, 0x48,
    0x01, 0xa5, 0x06, 0x4b, 0x01, 0xa5, 0x06, 0x4d, 0x01, 0xa5, 0x06, 0x4e,
    0x01, 0xa5, 0x06, 0x51, 0x01, 0xa5, 0x06, 0x53, 0x01, 0xa5, 0x06, 0x54,
    0x01, 0xa5, 0x06, 0x57, 0x01, 0xa5, 0x06, 0x46, 0x01, 0xa5, 0x06, 0x5a,
    0xc1, 0xa5, 0x06, 0x5a, 0x01, 0xab, 0x06, 0x5c, 0x03, 0xab, 0x06, 0x5d,
    0x01, 0xab, 0x06, 0x5f, 0xc1, 0xab, 0x06, 0x5f, 0x01, 0xad, 0x06, 0x61,
    0x03, 0xad, 0x06, 0x62, 0x01, 0xad, 0x06, 0x64, 0xc1, 0xad, 0x06, 0x64,
    0x01, 0xaf, 0x06, 0x66, 0x03, 0xaf, 0x06, 0x67, 0x01, 0xaf, 0x06, 0x69,
    0xc1, 0xaf, 0x06, 0x69, 0x01, 0xb1, 0x06, 0x6b, 0x03, 0xb1, 0x06, 0x6c,
    0x01, 0xb1, 0x06, 0xdc, 0x01, 0xd9, 0x06, 0xde, 0x03, 0xd9, 0x06, 0xdf,
    0x01, 0xd9, 0x06, 0xe1, 0xc1, 0xd9, 0x06, 0xe1, 0x01, 0xdb, 0x06, 0xe3,
    0x03, 0xdb, 0x06, 0xe4, 0x01, 0xdb, 0x06, 0xe6, 0xc1, 0xdb, 0x06, 0xe6,
    0x01, 0xdd, 0x06, 0xe8, 0x03, 0xdf, 0x00, 0xff, 0xff, 0xff, 0xff, 0xff,
    0xff, 0xff, 0xff, 0x21, 0x01, 0x07, 0x09, 0x0d, 0x05, 0x05, 0x05, 0x07,
    0x0d, 0x05, 0x05, 0x05, 0x07, 0x05, 0x05, 0x05, 0x05, 0x05, 0x05, 0x03,
    0x05, 0x05, 0x05, 0x07, 0x05, 0x05, 0x05, 0x05, 0x03, 0x05, 0x05, 0x05,
    0x03, 0x05, 0x05, 0x05, 0x0d, 0x05, 0x05, 0x0d, 0x05, 0x05, 0x0d, 0x05,
    0x05, 0x05, 0x03, 0x05, 0x05, 0x05, 0x03, 0x05, 0x05, 0x05, 0x03, 0x05,
    0x05, 0x05, 0x03, 0x05, 0x07, 0x03, 0x05, 0x05, 0x05, 0x03, 0x05, 0x05,
    0x05, 0x03, 0x05, 0x00, 0x20, 0x00, 0x00, 0x00, 0x00, 0x00, 0x00, 0x00,
    0x25, 0x00, 0x00, 0x00, 0x00, 0x00, 0x00, 0x00, 0x24, 0x00, 0x00, 0x00,
    0x00, 0x00, 0x00, 0x00, 0x48, 0x00, 0x00, 0x00, 0x00, 0x00, 0x00, 0x00,
    0x49, 0x00, 0x00, 0x00, 0x00, 0x00, 0x00, 0x00, 0x21, 0x00, 0x00, 0x00,
    0x00, 0x00, 0x00, 0x00, 0x53, 0x21, 0x03, 0x01, 0x59, 0x21, 0x01, 0x01,
    0x5f, 0x09, 0x01, 0x01, 0x95, 0x21, 0x01, 0x01, 0x55, 0x29, 0x03, 0x01,
    0x5d, 0x05, 0x01, 0x01, 0x5b, 0x21, 0x03, 0x01, 0x5b, 0x21, 0x03, 0x01,
    0x97, 0x21, 0x01, 0x01, 0x67, 0x29, 0x01, 0x01, 0x99, 0x21, 0x01, 0x01,
    0x67, 0x29, 0x01, 0x01, 0x9b, 0x21, 0x01, 0x01, 0x67, 0x29, 0x01, 0x01,
    0x5b, 0x21, 0x03, 0x01, 0x5b, 0x21, 0x03, 0x01, 0x5b, 0x21, 0x03, 0x01,
    0x5b, 0x21, 0x03, 0x01, 0x9d, 0x01, 0x01, 0x01, 0x5b, 0x21, 0x03, 0x01,
    0x5b, 0x21, 0x03, 0x01, 0x01, 0x03, 0x02, 0x9e, 0x0a, 0x81, 0x02, 0x91,
    0x03, 0x03, 0x03, 0x01, 0x01, 0x01, 0x01, 0x01, 0x06, 0xf0, 0x01, 0x71,
    0x73, 0x73, 0x02, 0x8b, 0x06, 0xea, 0x8b, 0x09, 0xdf, 0x0f, 0x06, 0xf0,
    0x02, 0xcd, 0x8f, 0x02, 0x85, 0x01, 0xab, 0x00, 0xff, 0xff, 0xff, 0xff,
    0xff, 0xff, 0xff, 0xff, 0x09, 0x00, 0xff, 0xff, 0xff, 0xff, 0xff, 0xff,
    0xff, 0xff, 0xab, 0x03, 0x01, 0x0d, 0x05, 0x2b, 0x11, 0x01, 0x01, 0x23,
    0xbf, 0x0f, 0x63, 0xbf, 0x0f, 0x63, 0xbf, 0x0f, 0x63, 0xad, 0x89, 0x63,
    0xc3, 0x0b, 0xc7, 0xc3, 0x09, 0x25, 0x77, 0x63, 0xc3, 0x07, 0xbf, 0x11,
    0xbf, 0x0f, 0x63, 0xbf, 0x0f, 0x63, 0x63, 0x61, 0x25, 0x45, 0xbf, 0x07,
    0x75, 0xe5, 0x06, 0xf4, 0x13, 0xe5, 0x06, 0xf5, 0x01, 0xe5, 0x06, 0xf6,
    0x01, 0xe5, 0x06, 0xf8, 0x01, 0xe5, 0x06, 0xf9, 0x01, 0xe5, 0x06, 0xfa,
    0x01, 0xe5, 0x06, 0xfb, 0x01, 0xe5, 0x06, 0xfc, 0xc1, 0xe5, 0x06, 0xfe,
    0xc1, 0xe5, 0x06, 0xf4, 0x01, 0xe5, 0x06, 0xf3, 0x01, 0xe7, 0x0a, 0x01,
    0x03, 0xe7, 0x0a, 0x00, 0x01, 0xe9, 0x0a, 0x05, 0x03, 0xe9, 0x0a, 0x06,
    0x01, 0xe9, 0x0a, 0x04, 0x01, 0xeb, 0x0a, 0x08, 0x03, 0xeb, 0x0a, 0x09,
    0x01, 0xeb, 0x0a, 0x0a, 0x01, 0xeb, 0x0a, 0x0c, 0x01, 0xeb, 0x0a, 0x0d,
    0x01, 0xeb, 0x0a, 0x0f, 0x01, 0xeb, 0x0a, 0x10, 0x01, 0xeb, 0x0a, 0x4e,
    0x01, 0x02, 0x82, 0x0a, 0x50, 0x03, 0x02, 0x83, 0x00, 0xff, 0xff, 0xff,
    0xff, 0xff, 0xff, 0xff, 0xff, 0x21, 0x01, 0x03, 0x05, 0x05, 0x05, 0x05,
    0x05, 0x05, 0x05, 0x05, 0x05, 0x05, 0x03, 0x05, 0x05, 0x05, 0x05, 0x05,
    0x05, 0x05, 0x05, 0x05, 0x05, 0x07, 0x03, 0x05, 0x25, 0x00, 0x00, 0x00,
    0x00, 0x00, 0x00, 0x00, 0x51, 0x00, 0x00, 0x00, 0x00, 0x00, 0x00, 0x00,
    0x24, 0x00, 0x00, 0x00, 0x00, 0x00, 0x00, 0x00, 0x52, 0x00, 0x00, 0x00,
    0x00, 0x00, 0x00, 0x00, 0x53, 0x00, 0x00, 0x00, 0x00, 0x00, 0x00, 0x00,
    0x22, 0x00, 0x00, 0x00, 0x00, 0x00, 0x00, 0x00, 0x37, 0x21, 0x01, 0x01,
    0x37, 0x21, 0x01, 0x01, 0xa9, 0x21, 0x01, 0x01, 0xab, 0x21, 0x01, 0x01,
    0xad, 0x21, 0x03, 0x01, 0x15, 0x29, 0x05, 0x01, 0x95, 0x21, 0x01, 0x01,
    0xa9, 0x21, 0x01, 0x01, 0x37, 0x21, 0x01, 0x01, 0x13, 0x21, 0x05, 0x01,
    0x9d, 0x01, 0x01, 0x01, 0x01, 0x03, 0x63, 0x06, 0x0e, 0x4d, 0x03, 0x07,
    0x07, 0x01, 0x01, 0x01, 0x01, 0x01, 0x02, 0xe8, 0x01, 0x9f, 0xa1, 0xa1,
    0x02, 0xe3, 0x0a, 0x52, 0xe3, 0x09, 0x02, 0x83, 0x0f, 0x02, 0xe8, 0xef,
    0x35, 0xbb, 0x01, 0x5b, 0x00, 0xff, 0xff, 0xff, 0xff, 0xff, 0xff, 0xff,
    0xff, 0x0b, 0x00, 0xff, 0xff, 0xff, 0xff, 0xff, 0xff, 0xff, 0xff, 0x5b,
    0x03, 0x01, 0x0d, 0x01, 0x17, 0x09, 0x01, 0x01, 0xbd, 0x03, 0x1d, 0x67,
    0x65, 0x74, 0x5f, 0x79, 0x6a, 0x69, 0x74, 0x5f, 0x73, 0x74, 0x61, 0x74,
    0x73, 0x01, 0x75, 0x02, 0x8a, 0x0a, 0x5c, 0x13, 0x02, 0x8b, 0x00, 0xff,
    0xff, 0xff, 0xff, 0xff, 0xff, 0xff, 0xff, 0x21, 0x01, 0x07, 0x00, 0x00,
    0x00, 0x00, 0x00, 0x00, 0x01, 0x03, 0x09, 0x5b, 0x27, 0x01, 0x01, 0x01,
    0x01, 0x01, 0x01, 0x01, 0x01, 0x35, 0x01, 0xaf, 0xb1, 0xb1, 0x06, 0x11,
    0x0a, 0x5d, 0x02, 0x88, 0x05, 0x02, 0x8b, 0x0b, 0x35, 0x13, 0x05, 0x03,
    0x01, 0x03, 0x00, 0xff, 0xff, 0xff, 0xff, 0xff, 0xff, 0xff, 0xff, 0x0d,
    0x00, 0xff, 0xff, 0xff, 0xff, 0xff, 0xff, 0xff, 0xff, 0x03, 0x03, 0x01,
    0x01, 0x01, 0x01, 0x03, 0x01, 0x01, 0xbd, 0x05, 0x21, 0x72, 0x65, 0x73,
    0x65, 0x74, 0x5f, 0x73, 0x74, 0x61, 0x74, 0x73, 0x5f, 0x62, 0x61, 0x6e,
    0x67, 0x01, 0x75, 0x02, 0x90, 0x0a, 0x64, 0x13, 0x02, 0x91, 0x00, 0xff,
    0xff, 0xff, 0xff, 0xff, 0xff, 0xff, 0xff, 0x21, 0x01, 0x07, 0x00, 0x00,
    0x01, 0x03, 0x09, 0x57, 0x2b, 0x01, 0x01, 0x01, 0x01, 0x01, 0x01, 0x01,
    0x01, 0x2d, 0x01, 0xb3, 0xb5, 0xb5, 0x06, 0x1d, 0x0a, 0x65, 0x02, 0x8e,
    0x05, 0x02, 0x91, 0x0b, 0x2d, 0x0b, 0x05, 0x03, 0x01, 0x03, 0x00, 0xff,
    0xff, 0xff, 0xff, 0xff, 0xff, 0xff, 0xff, 0x0f, 0x00, 0xff, 0xff, 0xff,
    0xff, 0xff, 0xff, 0xff, 0xff, 0x03, 0x03, 0x01, 0x01, 0x01, 0x01, 0x03,
    0x01, 0x01, 0xbd, 0x07, 0x29, 0x79, 0x6a, 0x69, 0x74, 0x5f, 0x73, 0x74,
    0x61, 0x74, 0x73, 0x5f, 0x65, 0x6e, 0x61, 0x62, 0x6c, 0x65, 0x64, 0x5f,
    0x70, 0x01, 0x75, 0x02, 0x94, 0x0a, 0x6c, 0x13, 0x02, 0x95, 0x00, 0xff,
    0xff, 0xff, 0xff, 0xff, 0xff, 0xff, 0xff, 0x21, 0x01, 0x07, 0x00, 0x00,
    0x00, 0x00, 0x00, 0x00, 0x01, 0x03, 0x09, 0x67, 0x33, 0x01, 0x01, 0x01,
    0x01, 0x01, 0x01, 0x01, 0x01, 0x35, 0x01, 0xb7, 0xb9, 0xb9, 0x06, 0x27,
    0x0a, 0x6d, 0x02, 0x93, 0x05, 0x02, 0x95, 0x0b, 0x35, 0x13, 0x05, 0x03,
    0x01, 0x03, 0x00, 0xff, 0xff, 0xff, 0xff, 0xff, 0xff, 0xff, 0xff, 0x11,
    0x00, 0xff, 0xff, 0xff, 0xff, 0xff, 0xff, 0xff, 0xff, 0x03, 0x03, 0x01,
    0x01, 0x01, 0x01, 0x03, 0x01, 0x01, 0xbd, 0x09, 0x09, 0x5f, 0x62, 0x69,
    0x30, 0x01, 0x75, 0x02, 0x98, 0x0a, 0x76, 0x13, 0x02, 0x99, 0x00, 0xff,
    0xff, 0xff, 0xff, 0xff, 0xff, 0xff, 0xff, 0x21, 0x01, 0x07, 0x00, 0x00,
    0x00, 0x00, 0x00, 0x00, 0x01, 0x03, 0x09, 0x47, 0x13, 0x01, 0x01, 0x01,
    0x01, 0x01, 0x01, 0x01, 0x01, 0x35, 0x01, 0xbb, 0xbd, 0xbd, 0x06, 0x2f,
    0x0a, 0x77, 0x02, 0x97, 0x05, 0x02, 0x99, 0x0b, 0x35, 0x13, 0x05, 0x03,
    0x01, 0x03, 0x00, 0xff, 0xff, 0xff, 0xff, 0xff, 0xff, 0xff, 0xff, 0x13,
    0x00, 0xff, 0xff, 0xff, 0xff, 0xff, 0xff, 0xff, 0xff, 0x03, 0x03, 0x01,
    0x01, 0x01, 0x01, 0x03, 0x01, 0x01, 0xbd, 0x0b, 0x23, 0x73, 0x69, 0x6d,
    0x75, 0x6c, 0x61, 0x74, 0x65, 0x5f, 0x6f, 0x6f, 0x6d, 0x5f, 0x62, 0x61,
    0x6e, 0x67, 0x01, 0x75, 0x02, 0x9c, 0x0a, 0x7e, 0x13, 0x02, 0x9d, 0x00,
    0xff, 0xff, 0xff, 0xff, 0xff, 0xff, 0xff, 0xff, 0x21, 0x01, 0x07, 0x00,
    0x01, 0x03, 0x09, 0x57, 0x2d, 0x01, 0x01, 0x01, 0x01, 0x01, 0x01, 0x01,
    0x01, 0x2b, 0x01, 0xbf, 0xc1, 0xc1, 0x06, 0x37, 0x0a, 0x7f, 0x02, 0x9b,
    0x05, 0x02, 0x9d, 0x0b, 0x2b, 0x09, 0x05, 0x03, 0x01, 0x03, 0x00, 0xff,
    0xff, 0xff, 0xff, 0xff, 0xff, 0xff, 0xff, 0x15, 0x00, 0xff, 0xff, 0xff,
    0xff, 0xff, 0xff, 0xff, 0xff, 0x03, 0x03, 0x01, 0x01, 0x01, 0x01, 0x03,
    0x01, 0x01, 0x23, 0x63, 0x75, 0x02, 0xa1, 0x0a, 0x84, 0x06, 0x01, 0x02,
    0xa1, 0x0a, 0x84, 0x01, 0x02, 0xa1, 0x00, 0xff, 0xff, 0xff, 0xff, 0xff,
    0xff, 0xff, 0xff, 0x0a, 0x00, 0x01, 0x03, 0x05, 0x00, 0x00, 0x00, 0x00,
    0xc7, 0x39, 0x01, 0x01, 0x01, 0x05, 0x09, 0x4f, 0x07, 0x01, 0x01, 0x01,
    0x01, 0x01, 0x01, 0x01, 0x01, 0x49, 0x01, 0xc3, 0x0f, 0xc5, 0x06, 0x43,
    0x0a, 0x85, 0x02, 0xa1, 0x19, 0x02, 0xa1, 0x39, 0x49, 0x19, 0x07, 0x0b,
    0x01, 0x0b, 0x03, 0x03, 0x00, 0xff, 0xff, 0xff, 0xff, 0xff, 0xff, 0xff,
    0xff, 0x0b, 0x03, 0x01, 0x01, 0x01, 0x03, 0x03, 0x01, 0x01, 0x23, 0x63,
    0x45, 0x5d, 0xc7, 0x27, 0x5d, 0xcd, 0x29, 0x5d, 0xcf, 0x2b, 0x5d, 0xd1,
    0x2d, 0x25, 0xd1, 0x75, 0x02, 0xa5, 0x0a, 0x8a, 0x07, 0x02, 0xa5, 0x0a,
    0x8a, 0x01, 0x02, 0xa8, 0x0a, 0x8c, 0x03, 0x02, 0xde, 0x12, 0x36, 0x03,
    0x02, 0xf9, 0x12, 0xe9, 0x03, 0x06, 0x01, 0x16, 0x0a, 0x03, 0x06, 0x01,
    0x16, 0x0a, 0x01, 0x06, 0x16, 0x00, 0xff, 0xff, 0xff, 0xff, 0xff, 0xff,
    0xff, 0xff, 0x09, 0x01, 0x03, 0x07, 0x07, 0x07, 0x07, 0x07, 0x05, 0x00,
    0x00, 0x00, 0x00, 0x00, 0xd3, 0x39, 0x01, 0x01, 0x01, 0x07, 0x27, 0xa7,
    0x25, 0x01, 0x01, 0x01, 0x01, 0x01, 0x01, 0x01, 0x01, 0x83, 0x01, 0xc9,
    0xcb, 0xcb, 0x06, 0x49, 0x16, 0x9f, 0x02, 0xa4, 0x05, 0x06, 0x16, 0x0b,
    0x83, 0x25, 0x11, 0x0b, 0x01, 0x0b, 0x00, 0xff, 0xff, 0xff, 0xff, 0xff,
    0xff, 0xff, 0xff, 0x19, 0x00, 0xff, 0xff, 0xff, 0xff, 0xff, 0xff, 0xff,
    0xff, 0x0b, 0x03, 0x01, 0x01, 0x01, 0x03, 0x03, 0x01, 0x01, 0x01, 0xc1,
    0x17, 0x7d, 0x1b, 0x25, 0xd9, 0xbf, 0x07, 0x47, 0x65, 0x2d, 0x25, 0xdb,
    0x2b, 0x07, 0x75, 0xbf, 0x07, 0x75, 0x35, 0x00, 0xff, 0xff, 0xff, 0xff,
    0xff, 0xff, 0xff, 0xff, 0x06, 0x00, 0x37, 0x75, 0x03, 0x37, 0x75, 0x01,
    0x39, 0x77, 0x03, 0x39, 0x79, 0x01, 0x39, 0x7f, 0x01, 0x39, 0x77, 0x01,
    0x41, 0x00, 0xff, 0xff, 0xff, 0xff, 0xff, 0xff, 0xff, 0xff, 0x0a, 0x00,
    0x3d, 0x83, 0x03, 0x41, 0x00, 0xff, 0xff, 0xff, 0xff, 0xff, 0xff, 0xff,
    0xff, 0x0a, 0x00, 0x01, 0x03, 0x05, 0x05, 0x05, 0x0d, 0x05, 0x05, 0x03,
    0x05, 0x00, 0x00, 0x00, 0x00, 0x00, 0x00, 0x00, 0x22, 0x00, 0x00, 0x00,
    0x00, 0x00, 0x00, 0x00, 0x67, 0x29, 0x01, 0x01, 0x03, 0x3d, 0x01, 0x05,
    0x2b, 0xdb, 0x29, 0x02, 0x81, 0x03, 0x03, 0x01, 0x01, 0x01, 0x01, 0x01,
    0xb3, 0x01, 0xd5, 0x2b, 0xd7, 0x6b, 0x87, 0x35, 0x29, 0x41, 0x0f, 0xb3,
    0x41, 0x15, 0x1f, 0x01, 0x0f, 0x05, 0x05, 0x00, 0xff, 0xff, 0xff, 0xff,
    0xff, 0xff, 0xff, 0xff, 0x0f, 0x07, 0x01, 0x03, 0x01, 0x03, 0x07, 0x01,
    0x01, 0xc1, 0x11, 0x25, 0xdf, 0xbf, 0x0b, 0xc9, 0x89, 0x47, 0x65, 0x2d,
    0x25, 0xe1, 0xc1, 0x13, 0xad, 0x47, 0x65, 0x2d, 0x25, 0xe3, 0xbf, 0x0d,
    0x63, 0xad, 0x47, 0x65, 0x2d, 0x25, 0xe5, 0xbf, 0x0d, 0x63, 0x47, 0x65,
    0x2d, 0x25, 0xe7, 0xbf, 0x0d, 0x63, 0x47, 0x65, 0x2d, 0x25, 0xe9, 0x2b,
    0x17, 0x25, 0xeb, 0x25, 0xed, 0x63, 0x9f, 0x45, 0xc1, 0x11, 0x25, 0x35,
    0x9f, 0x45, 0x23, 0xbf, 0x0d, 0x63, 0xbf, 0x0d, 0x63, 0xbf, 0x0d, 0x63,
    0xad, 0x89, 0x63, 0xc3, 0x09, 0xc7, 0xc3, 0x07, 0xc1, 0x0b, 0xbf, 0x0d,
    0x63, 0xbf, 0x0d, 0x63, 0x63, 0x61, 0x2f, 0x75, 0x49, 0x9f, 0x06, 0x01,
    0x49, 0xa1, 0x01, 0x49, 0xa3, 0x01, 0x49, 0xa5, 0x01, 0x49, 0xa9, 0xc1,
    0x49, 0xa9, 0x01, 0x49, 0xaf, 0x01, 0x49, 0xb3, 0x01, 0x49, 0xb5, 0xc1,
    0x49, 0xb5, 0x01, 0x49, 0xbb, 0x01, 0x49, 0xbf, 0x01, 0x49, 0xc1, 0x01,
    0x49, 0xc3, 0xc1, 0x49, 0xc3, 0x01, 0x49, 0xc9, 0x01, 0x49, 0xcd, 0x01,
    0x49, 0xcf, 0x01, 0x49, 0xd5, 0x01, 0x49, 0xd9, 0x01, 0x49, 0xdb, 0x01,
    0x49, 0xe1, 0x01, 0x49, 0xa1, 0x01, 0x49, 0xe5, 0x01, 0x49, 0xe9, 0x01,
    0x49, 0xed, 0x01, 0x49, 0xf1, 0xc1, 0x49, 0xf1, 0x01, 0x4b, 0xf3, 0x03,
    0x4b, 0xf5, 0x01, 0x4b, 0xf9, 0xc1, 0x4b, 0xf9, 0x01, 0x4f, 0x02, 0x80,
    0x03, 0x4f, 0x02, 0x81, 0x01, 0x4f, 0x02, 0x82, 0x01, 0x4f, 0x02, 0x84,
    0x01, 0x4f, 0x02, 0x85, 0x01, 0x4f, 0x02, 0x86, 0x01, 0x4f, 0x02, 0x87,
    0x01, 0x4f, 0x02, 0x88, 0xc1, 0x4f, 0x02, 0x8a, 0xc1, 0x4f, 0x02, 0x80,
    0x01, 0x4f, 0xff, 0x01, 0x51, 0x02, 0x8e, 0x03, 0x51, 0x02, 0x8d, 0x01,
    0x53, 0x02, 0x90, 0x03, 0x53, 0x02, 0x91, 0x01, 0x53, 0x02, 0x92, 0x01,
    0x53, 0x02, 0x94, 0x01, 0x53, 0x02, 0x95, 0x01, 0x53, 0x02, 0x97, 0x01,
    0x53, 0x02, 0x98, 0x01, 0x6d, 0x00, 0xff, 0xff, 0xff, 0xff, 0xff, 0xff,
    0xff, 0xff, 0x0a, 0x00, 0x01, 0x05, 0x05, 0x05, 0x03, 0x05, 0x09, 0x05,
    0x05, 0x05, 0x09, 0x05, 0x05, 0x05, 0x05, 0x09, 0x05, 0x05, 0x0d, 0x05,
    0x05, 0x0d, 0x05, 0x05, 0x05, 0x05, 0x05, 0x05, 0x03, 0x05, 0x05, 0x05,
    0x03, 0x03, 0x05, 0x05, 0x05, 0x05, 0x05, 0x05, 0x05, 0x05, 0x05, 0x05,
    0x03, 0x05, 0x05, 0x05, 0x05, 0x05, 0x05, 0x05, 0x07, 0x00, 0x00, 0x00,
    0x51, 0x00, 0x00, 0x00, 0x00, 0x00, 0x00, 0x00, 0x77, 0x00, 0x00, 0x00,
    0x00, 0x00, 0x00, 0x00, 0x52, 0x00, 0x00, 0x00, 0x00, 0x00, 0x00, 0x00,
    0x53, 0x00, 0x00, 0x00, 0x00, 0x00, 0x00, 0x00, 0xad, 0x21, 0x03, 0x01,
    0x67, 0x29, 0x01, 0x01, 0xab, 0x21, 0x01, 0x01, 0x67, 0x29, 0x01, 0x01,
    0xa9, 0x21, 0x01, 0x01, 0xab, 0x21, 0x01, 0x01, 0x67, 0x29, 0x01, 0x01,
    0xf1, 0x21, 0x01, 0x01, 0x67, 0x29, 0x01, 0x01, 0xf3, 0x21, 0x01, 0x01,
    0x67, 0x29, 0x01, 0x01, 0xf5, 0x21, 0x05, 0x01, 0x5b, 0x21, 0x03, 0x01,
    0x5b, 0x21, 0x03, 0x01, 0x37, 0x21, 0x01, 0x01, 0x37, 0x21, 0x01, 0x01,
    0xa9, 0x21, 0x01, 0x01, 0xab, 0x21, 0x01, 0x01, 0xad, 0x21, 0x03, 0x01,
    0x15, 0x29, 0x05, 0x01, 0xa9, 0x21, 0x01, 0x01, 0x37, 0x21, 0x01, 0x01,
    0x13, 0x21, 0x05, 0x01, 0x9d, 0x01, 0x01, 0x01, 0x09, 0x49, 0x01, 0x4b,
    0x01, 0x45, 0x01, 0x43, 0x01, 0x05, 0xe7, 0x06, 0xd8, 0xb7, 0x03, 0x05,
    0x05, 0x01, 0x01, 0x01, 0x01, 0x01, 0x06, 0x7d, 0x01, 0xdd, 0x2b, 0xd7,
    0x8f, 0x02, 0xd8, 0x47, 0x49, 0x6d, 0x13, 0x06, 0x7d, 0x02, 0xc1, 0x6b,
    0x02, 0x89, 0x01, 0xd3, 0x05, 0x05, 0x00, 0xff, 0xff, 0xff, 0xff, 0xff,
    0xff, 0xff, 0xff, 0xd3, 0x13, 0x01, 0x09, 0x01, 0x31, 0x19, 0x01, 0x01,
    0xbf, 0x07, 0x63, 0xad, 0x75, 0x71, 0x02, 0xe0, 0x06, 0x01, 0x71, 0x02,
    0xe1, 0x01, 0x71, 0x02, 0xe2, 0xc1, 0x71, 0x00, 0xff, 0xff, 0xff, 0xff,
    0xff, 0xff, 0xff, 0xff, 0x0a, 0x00, 0x01, 0x05, 0x05, 0x05, 0x00, 0x00,
    0x00, 0x00, 0x00, 0x00, 0x51, 0x00, 0x00, 0x00, 0x00, 0x00, 0x00, 0x00,
    0xa9, 0x21, 0x01, 0x01, 0xab, 0x21, 0x01, 0x01, 0x01, 0x05, 0x0f, 0x73,
    0x0b, 0x02, 0x81, 0x03, 0x03, 0x01, 0x01, 0x01, 0x01, 0x01, 0x69, 0x01,
    0xf7, 0x2b, 0xd7, 0xe3, 0x02, 0xe3, 0x71, 0x3f, 0x71, 0x79, 0x69, 0x37,
    0x09, 0x23, 0x01, 0x13, 0x05, 0x05, 0x00, 0xff, 0xff, 0xff, 0xff, 0xff,
    0xff, 0xff, 0xff, 0x13, 0x03, 0x01, 0x03, 0x01, 0x05, 0x03, 0x01, 0x01,
    0x25, 0xfd, 0xbf, 0x07, 0x47, 0x65, 0x2d, 0x25, 0xff, 0x2b, 0x07, 0x75,
    0x93, 0x06, 0x23, 0x06, 0x01, 0x93, 0x06, 0x24, 0x01, 0x93, 0x06, 0x27,
    0x01, 0x93, 0x06, 0x23, 0x01, 0x93, 0x00, 0xff, 0xff, 0xff, 0xff, 0xff,
    0xff, 0xff, 0xff, 0x0a, 0x00, 0x01, 0x05, 0x0d, 0x05, 0x05, 0x00, 0x00,
    0x00, 0x00, 0x00, 0x00, 0x80, 0x00, 0x00, 0x00, 0x00, 0x00, 0x00, 0x00,
    0x67, 0x29, 0x01, 0x01, 0x01, 0x05, 0x1b, 0x83, 0x19, 0x02, 0x81, 0x03,
    0x03, 0x01, 0x01, 0x01, 0x01, 0x01, 0x6b, 0x01, 0xf9, 0x73, 0xfb, 0x02,
    0x93, 0x06, 0x29, 0x93, 0x29, 0x93, 0x6b, 0x6b, 0x31, 0x0b, 0x1b, 0x01,
    0x0b, 0x09, 0x09, 0x00, 0xff, 0xff, 0xff, 0xff, 0xff, 0xff, 0xff, 0xff,
    0x0b, 0x03, 0x01, 0x03, 0x01, 0x03, 0x07, 0x01, 0x01, 0x23, 0xc1, 0x0f,
    0xbf, 0x09, 0xc1, 0x0d, 0x63, 0xc3, 0x07, 0xbf, 0x07, 0x25, 0x02, 0x82,
    0xc1, 0x0b, 0x63, 0x45, 0xbf, 0x07, 0x25, 0x02, 0x83, 0x25, 0x77, 0x63,
    0x45, 0xc1, 0x09, 0x25, 0x02, 0x84, 0xbf, 0x09, 0x63, 0x47, 0x65, 0x2d,
    0x25, 0x02, 0x85, 0xbf, 0x07, 0x47, 0x65, 0x2d, 0x25, 0x02, 0x86, 0x2b,
    0x0b, 0x9f, 0x45, 0xc1, 0x09, 0xbf, 0x09, 0x63, 0x61, 0x31, 0x25, 0x35,
    0x63, 0x9f, 0x45, 0xc1, 0x09, 0x25, 0x35, 0x9f, 0x75, 0xb3, 0x06, 0x70,
    0x06, 0x01, 0xb3, 0x06, 0x71, 0x01, 0xb3, 0x06, 0x73, 0x01, 0xb3, 0x06,
    0x75, 0x01, 0xb3, 0x06, 0x70, 0x01, 0xb3, 0x06, 0x6f, 0x01, 0xb9, 0x06,
    0x77, 0x03, 0xb9, 0x06, 0x78, 0x01, 0xb9, 0x06, 0x7a, 0x01, 0xb9, 0x06,
    0x7c, 0x01, 0xbf, 0x06, 0x7f, 0x03, 0xbf, 0x06, 0x80, 0x01, 0xbf, 0x06,
    0x82, 0x01, 0xbf, 0x06, 0x84, 0x01, 0xc3, 0x06, 0x86, 0x03, 0xc3, 0x06,
    0x87, 0x01, 0xc3, 0x06, 0x88, 0x01, 0xc3, 0x06, 0x89, 0x01, 0xc3, 0x06,
    0x8c, 0x01, 0xc3, 0x06, 0x8e, 0x01, 0xc3, 0x06, 0x91, 0x01, 0xc3, 0x06,
    0x87, 0x01, 0xc3, 0x06, 0x94, 0xc1, 0xc3, 0x06, 0x94, 0x01, 0xc5, 0x06,
    0x96, 0x03, 0xc5, 0x06, 0x97, 0x01, 0xc5, 0x06, 0x98, 0x01, 0xc5, 0x06,
    0x99, 0x01, 0xd3, 0x06, 0xd0, 0x01, 0xd3, 0x06, 0xd2, 0x01, 0xc5, 0x06,
    0xd4, 0xc1, 0xc5, 0x06, 0xd4, 0x01, 0xd5, 0x06, 0xd6, 0x03, 0xd5, 0x06,
    0xd7, 0x01, 0xd5, 0x06, 0xd9, 0xc1, 0xd7, 0x00, 0xff, 0xff, 0xff, 0xff,
    0xff, 0xff, 0xff, 0xff, 0x0a, 0x00, 0x01, 0x03, 0x05, 0x05, 0x05, 0x05,
    0x05, 0x05, 0x05, 0x05, 0x07, 0x05, 0x05, 0x05, 0x07, 0x05, 0x05, 0x05,
    0x0d, 0x05, 0x0d, 0x05, 0x05, 0x05, 0x03, 0x05, 0x05, 0x05, 0x07, 0x05,
    0x05, 0x05, 0x03, 0x05, 0x05, 0x05, 0x00, 0x00, 0x51, 0x00, 0x00, 0x00,
    0x00, 0x00, 0x00, 0x00, 0x09, 0x00, 0x00, 0x00, 0x00, 0x00, 0x00, 0x00,
    0x19, 0x29, 0x07, 0x01, 0x02, 0x87, 0x21, 0x05, 0x01, 0x02, 0x87, 0x21,
    0x05, 0x01, 0x79, 0x21, 0x01, 0x01, 0x67, 0x29, 0x01, 0x01, 0x67, 0x29,
    0x01, 0x01, 0x5b, 0x21, 0x03, 0x01, 0x02, 0x88, 0x21, 0x01, 0x01, 0x63,
    0x01, 0x01, 0x01, 0x02, 0x89, 0x21, 0x03, 0x01, 0x5b, 0x21, 0x03, 0x01,
    0x5b, 0x21, 0x03, 0x01, 0x0b, 0x4b, 0x01, 0x91, 0x01, 0x93, 0x01, 0x43,
    0x01, 0x49, 0x01, 0x05, 0x9f, 0x06, 0x56, 0x91, 0x02, 0x81, 0x03, 0x03,
    0x01, 0x01, 0x01, 0x01, 0x01, 0x06, 0x0e, 0x01, 0x02, 0x81, 0x73, 0xfb,
    0x02, 0xb1, 0x06, 0xdb, 0xb1, 0x25, 0xd7, 0x13, 0x06, 0x0e, 0xeb, 0x49,
    0x9f, 0x01, 0x7f, 0x09, 0x09, 0x00, 0xff, 0xff, 0xff, 0xff, 0xff, 0xff,
    0xff, 0xff, 0x7f, 0x17, 0x01, 0x05, 0x01, 0x19, 0x0d, 0x01, 0x01, 0x01,
    0x79, 0x45, 0x21, 0x45, 0x79, 0x3d, 0xc1, 0x07, 0x25, 0x02, 0x8c, 0xc1,
    0x0d, 0xbf, 0x07, 0x63, 0x63, 0x47, 0x65, 0x2d, 0x25, 0x35, 0x2b, 0x07,
    0x9f, 0x45, 0xc1, 0x09, 0xc9, 0x89, 0xc5, 0x09, 0xc1, 0x0b, 0xc1, 0x09,
    0xa5, 0x47, 0xc3, 0x07, 0x7d, 0x19, 0xbf, 0x07, 0x63, 0xbf, 0x09, 0x63,
    0x99, 0x7b, 0x00, 0xff, 0xff, 0xff, 0xff, 0xff, 0xff, 0xff, 0xcb, 0x21,
    0x45, 0xc1, 0x07, 0x23, 0x25, 0x02, 0x8d, 0xbf, 0x09, 0x63, 0xbf, 0x09,
    0x63, 0xbf, 0x09, 0x63, 0x63, 0x9f, 0x75, 0xeb, 0x00, 0xff, 0xff, 0xff,
    0xff, 0xff, 0xff, 0xff, 0xff, 0x06, 0x00, 0xed, 0x0a, 0x33, 0x03, 0xed,
    0x0a, 0x33, 0x01, 0xef, 0x0a, 0x1f, 0x03, 0xef, 0x0a, 0x20, 0x01, 0xef,
    0x0a, 0x21, 0x01, 0xef, 0x0a, 0x22, 0x01, 0xef, 0x0a, 0x23, 0x01, 0xef,
    0x0a, 0x25, 0x01, 0xef, 0x0a, 0x28, 0x01, 0xef, 0x0a, 0x20, 0x01, 0xef,
    0x0a, 0x2b, 0xc1, 0xef, 0x0a, 0x2b, 0x01, 0xf1, 0x0a, 0x2e, 0x03, 0xf1,
    0x0a, 0x2d, 0x01, 0xf1, 0x0a, 0x30, 0xc1, 0xf1, 0x0a, 0x2c, 0x01, 0xed,
    0x0a, 0x14, 0x03, 0xed, 0x0a, 0x15, 0x01, 0xed, 0x0a, 0x17, 0xc1, 0xed,
    0x0a, 0x13, 0x01, 0xed, 0x0a, 0x18, 0x01, 0xed, 0x0a, 0x19, 0x01, 0xed,
    0x0a, 0x1a, 0x01, 0xed, 0x0a, 0x1b, 0x01, 0xed, 0x0a, 0x1d, 0xc1, 0xed,
    0x0a, 0x1d, 0x01, 0xed, 0x0a, 0x33, 0x01, 0xf7, 0x0a, 0x34, 0x03, 0xf7,
    0x0a, 0x35, 0x01, 0xf9, 0x0a, 0x36, 0x01, 0xfb, 0x0a, 0x38, 0x01, 0xfb,
    0x0a, 0x39, 0x01, 0xfd, 0x0a, 0x3d, 0x01, 0xfd, 0x0a, 0x3e, 0x01, 0xff,
    0x0a, 0x42, 0x01, 0xff, 0x0a, 0x43, 0x01, 0xf7, 0x0a, 0x35, 0x01, 0xf7,
    0x0a, 0x4a, 0xc1, 0x02, 0x81, 0x00, 0xff, 0xff, 0xff, 0xff, 0xff, 0xff,
    0xff, 0xff, 0x0a, 0x00, 0x01, 0x03, 0x05, 0x09, 0x05, 0x05, 0x05, 0x05,
    0x05, 0x0d, 0x05, 0x05, 0x05, 0x03, 0x05, 0x03, 0x05, 0x05, 0x05, 0x05,
    0x05, 0x0b, 0x05, 0x05, 0x05, 0x05, 0x05, 0x05, 0x05, 0x05, 0x03, 0x05,
    0x05, 0x05, 0x05, 0x05, 0x05, 0x05, 0x05, 0x05, 0x77, 0x00, 0x00, 0x00,
    0x00, 0x00, 0x00, 0x00, 0x80, 0x00, 0x00, 0x00, 0x00, 0x00, 0x00, 0x00,
    0x02, 0x80, 0x21, 0x01, 0x01, 0x02, 0x8e, 0x21, 0x03, 0x01, 0x67, 0x29,
    0x01, 0x01, 0x5b, 0x21, 0x03, 0x01, 0xad, 0x21, 0x03, 0x01, 0x02, 0x8f,
    0x21, 0x03, 0x01, 0x37, 0x21, 0x01, 0x01, 0x37, 0x21, 0x01, 0x01, 0x02,
    0x90, 0x21, 0x03, 0x01, 0x37, 0x21, 0x01, 0x01, 0x02, 0x91, 0x21, 0x01,
    0x01, 0x02, 0x92, 0x21, 0x01, 0x01, 0x02, 0x93, 0x89, 0x09, 0x07, 0x37,
    0x02, 0x94, 0x02, 0x95, 0x5b, 0x21, 0x03, 0x01, 0x09, 0xa5, 0x01, 0xa7,
    0x29, 0x45, 0x01, 0x49, 0x01, 0x05, 0xa9, 0x06, 0x86, 0xa1, 0x02, 0x81,
    0x03, 0x03, 0x01, 0x01, 0x01, 0x01, 0x01, 0x06, 0x36, 0x01, 0x02, 0x8a,
    0xa1, 0x02, 0x8b, 0x02, 0xeb, 0x0a, 0x4d, 0xeb, 0x61, 0x02, 0x81, 0x13,
    0x06, 0x36, 0x02, 0x85, 0x51, 0xbb, 0x01, 0x9b, 0x0b, 0x0b, 0x00, 0xff,
    0xff, 0xff, 0xff, 0xff, 0xff, 0xff, 0xff, 0x9b, 0x13, 0x01, 0x05, 0x01,
    0x1d, 0x0d, 0x01, 0x01, 0x23, 0x63, 0xc3, 0x15, 0xbf, 0x15, 0x7b, 0x05,
    0x21, 0x75, 0x1d, 0x02, 0x98, 0x25, 0x02, 0x99, 0x63, 0x45, 0x23, 0xbf,
    0x15, 0x25, 0x02, 0x9a, 0x25, 0x02, 0x9b, 0x63, 0x45, 0x23, 0xbf, 0x15,
    0x25, 0x02, 0x9c, 0x25, 0x02, 0x9d, 0x63, 0x45, 0x23, 0xbf, 0x15, 0x25,
    0x02, 0x9e, 0x25, 0x02, 0x9f, 0x63, 0x45, 0x23, 0xbf, 0x15, 0x25, 0x02,
    0xa0, 0x25, 0x02, 0xa1, 0x63, 0x45, 0x23, 0xbf, 0x15, 0x25, 0x02, 0xa2,
    0x25, 0x02, 0xa3, 0x63, 0x45, 0x23, 0xbf, 0x15, 0x25, 0x02, 0xa4, 0x25,
    0x02, 0xa5, 0x63, 0x45, 0x23, 0xbf, 0x15, 0x25, 0x02, 0xa6, 0x25, 0x02,
    0xa7, 0x63, 0x45, 0x23, 0xbf, 0x15, 0x25, 0x02, 0xa8, 0x25, 0x02, 0xa9,
    0x63, 0x45, 0x23, 0xbf, 0x15, 0x25, 0x02, 0xaa, 0x25, 0x02, 0xab, 0x63,
    0x45, 0x23, 0xbf, 0x15, 0x25, 0x02, 0xac, 0x25, 0x02, 0xad, 0x63, 0x45,
    0x23, 0xbf, 0x15, 0x63, 0xc3, 0x13, 0xbf, 0x13, 0xbf, 0x15, 0x25, 0x02,
    0xae, 0xa5, 0x89, 0xc3, 0x11, 0xbf, 0x15, 0x25, 0x02, 0xaf, 0xa5, 0xbf,
    0x13, 0x8b, 0xc3, 0x0f, 0xbf, 0x0f, 0x63, 0xbf, 0x11, 0x8f, 0xc3, 0x0d,
    0xbf, 0x0f, 0xbf, 0x15, 0x25, 0x02, 0xb0, 0xa5, 0x89, 0xc3, 0x0b, 0x25,
    0x02, 0xb1, 0xbf, 0x0f, 0x63, 0x8d, 0xbf, 0x0b, 0x8f, 0xc3, 0x09, 0xbf,
    0x15, 0x25, 0x02, 0xb2, 0xa5, 0xc3, 0x07, 0x1d, 0x02, 0x98, 0x25, 0x02,
    0xb3, 0x25, 0x02, 0xb4, 0xbf, 0x15, 0x25, 0x02, 0xb5, 0xa5, 0x91, 0x89,
    0x63, 0x45, 0x1d, 0x02, 0x98, 0x25, 0x02, 0xb6, 0x25, 0x02, 0xb4, 0xbf,
    0x15, 0x25, 0x02, 0xb7, 0xa5, 0x91, 0x89, 0x63, 0x45, 0xbf, 0x07, 0xc7,
    0x95, 0x7d, 0x1f, 0x1d, 0x02, 0x98, 0x25, 0x02, 0xb8, 0x25, 0x02, 0xb4,
    0xbf, 0x07, 0x91, 0x89, 0x63, 0x45, 0x1d, 0x02, 0x98, 0x25, 0x02, 0xb9,
    0x25, 0x02, 0xb4, 0xbf, 0x15, 0x25, 0x02, 0xba, 0xa5, 0x91, 0x89, 0x63,
    0x45, 0x1d, 0x02, 0x98, 0x25, 0x02, 0xbb, 0x25, 0x02, 0xb4, 0xbf, 0x15,
    0x25, 0x02, 0xbc, 0xa5, 0x91, 0x89, 0x63, 0x45, 0x1d, 0x02, 0x98, 0x25,
    0x02, 0xbd, 0x25, 0x02, 0xb4, 0xbf, 0x15, 0x25, 0x02, 0xbe, 0xa5, 0x91,
    0x89, 0x63, 0x45, 0x1d, 0x02, 0x98, 0x25, 0x02, 0xbf, 0x25, 0x02, 0xb4,
    0xbf, 0x15, 0x25, 0x02, 0xc0, 0xa5, 0x91, 0x89, 0x63, 0x45, 0x1d, 0x02,
    0x98, 0x25, 0x02, 0xc1, 0x25, 0x02, 0xb4, 0xbf, 0x15, 0x25, 0x02, 0xc2,
    0xa5, 0x91, 0x89, 0x63, 0x45, 0x1d, 0x02, 0x98, 0x25, 0x02, 0xc3, 0x25,
    0x02, 0xb4, 0xbf, 0x15, 0x25, 0x02, 0xc4, 0xa5, 0x91, 0x89, 0x63, 0x45,
    0x1d, 0x02, 0x98, 0x25, 0x02, 0xc5, 0x25, 0x02, 0xb4, 0xbf, 0x11, 0x91,
    0x89, 0x63, 0x45, 0x1d, 0x02, 0x98, 0x25, 0x02, 0xc6, 0x25, 0x02, 0xb4,
    0xbf, 0x0b, 0x91, 0x89, 0x63, 0x45, 0x1d, 0x02, 0x98, 0x25, 0x02, 0xc7,
    0x25, 0x02, 0xb4, 0xbf, 0x15, 0x25, 0x02, 0xb0, 0xa5, 0x91, 0x89, 0x63,
    0x45, 0x1d, 0x02, 0x98, 0x25, 0x02, 0xc8, 0x25, 0x02, 0xb4, 0xbf, 0x15,
    0x25, 0x02, 0xaf, 0xa5, 0x91, 0x89, 0x63, 0x45, 0x1d, 0x02, 0x98, 0x25,
    0x02, 0xc9, 0x25, 0x02, 0xca, 0xbf, 0x09, 0x91, 0x89, 0x25, 0x02, 0xcb,
    0x89, 0x63, 0x45, 0x1d, 0x02, 0x98, 0x25, 0x02, 0xcc, 0x25, 0x02, 0xcd,
    0xbf, 0x0d, 0x91, 0x89, 0x63, 0x45, 0x23, 0xbf, 0x15, 0x25, 0x02, 0xce,
    0x63, 0x75, 0x02, 0xa9, 0x0a, 0x8f, 0x13, 0x02, 0xa9, 0x0a, 0x8f, 0x01,
    0x02, 0xa9, 0x0a, 0x8e, 0x01, 0x02, 0xaa, 0x0a, 0x91, 0x03, 0x02, 0xaa,
    0x0a, 0x91, 0x01, 0x02, 0xaa, 0x00, 0xff, 0xff, 0xff, 0xff, 0xff, 0xff,
    0xff, 0xff, 0x01, 0x02, 0xaa, 0x0a, 0x90, 0x21, 0x02, 0xac, 0x0a, 0x95,
    0x03, 0x02, 0xac, 0x0a, 0x96, 0x01, 0x02, 0xac, 0x0a, 0x98, 0x01, 0x02,
    0xae, 0x0a, 0x9a, 0x03, 0x02, 0xae, 0x0a, 0x9b, 0x01, 0x02, 0xae, 0x0a,
    0x9d, 0x01, 0x02, 0xae, 0x0a, 0xa1, 0x01, 0x02, 0xae, 0x0a, 0x9a, 0x01,
    0x02, 0xaf, 0x0a, 0xa8, 0x03, 0x02, 0xaf, 0x0a, 0xa9, 0x01, 0x02, 0xaf,
    0x0a, 0xab, 0x01, 0x02, 0xaf, 0x0a, 0xaf, 0x01, 0x02, 0xaf, 0x0a, 0xa8,
    0x01, 0x02, 0xb0, 0x0a, 0xb6, 0x03, 0x02, 0xb0, 0x0a, 0xb7, 0x01, 0x02,
    0xb0, 0x0a, 0xb9, 0x01, 0x02, 0xb0, 0x0a, 0xbd, 0x01, 0x02, 0xb0, 0x0a,
    0xb6, 0x01, 0x02, 0xb1, 0x0a, 0xc4, 0x03, 0x02, 0xb1, 0x0a, 0xc5, 0x01,
    0x02, 0xb1, 0x0a, 0xc7, 0x01, 0x02, 0xb1, 0x0a, 0xcb, 0x01, 0x02, 0xb1,
    0x0a, 0xc4, 0x01, 0x02, 0xb2, 0x0a, 0xd2, 0x03, 0x02, 0xb2, 0x0a, 0xd3,
    0x01, 0x02, 0xb2, 0x0a, 0xd5, 0x01, 0x02, 0xb2, 0x0a, 0xd9, 0x01, 0x02,
    0xb2, 0x0a, 0xd2, 0x01, 0x02, 0xb3, 0x0a, 0xe0, 0x03, 0x02, 0xb3, 0x0a,
    0xe1, 0x01, 0x02, 0xb3, 0x0a, 0xe3, 0x01, 0x02, 0xb3, 0x0a, 0xe7, 0x01,
    0x02, 0xb3, 0x0a, 0xe0, 0x01, 0x02, 0xb4, 0x0a, 0xee, 0x03, 0x02, 0xb4,
    0x0a, 0xef, 0x01, 0x02, 0xb4, 0x0a, 0xf1, 0x01, 0x02, 0xb4, 0x0a, 0xf5,
    0x01, 0x02, 0xb4, 0x0a, 0xee, 0x01, 0x02, 0xb5, 0x0a, 0xfc, 0x03, 0x02,
    0xb5, 0x0a, 0xfd, 0x01, 0x02, 0xb5, 0x0a, 0xff, 0x01, 0x02, 0xb5, 0x0e,
    0x03, 0x01, 0x02, 0xb5, 0x0a, 0xfc, 0x01, 0x02, 0xb6, 0x0e, 0x0a, 0x03,
    0x02, 0xb6, 0x0e, 0x0b, 0x01, 0x02, 0xb6, 0x0e, 0x0d, 0x01, 0x02, 0xb6,
    0x0e, 0x11, 0x01, 0x02, 0xb6, 0x0e, 0x0a, 0x01, 0x02, 0xb7, 0x0e, 0x18,
    0x03, 0x02, 0xb7, 0x0e, 0x19, 0x01, 0x02, 0xb7, 0x0e, 0x1b, 0x01, 0x02,
    0xb7, 0x0e, 0x1f, 0x01, 0x02, 0xb7, 0x0e, 0x18, 0x01, 0x02, 0xb9, 0x0e,
    0x27, 0x03, 0x02, 0xb9, 0x0e, 0x28, 0x01, 0x02, 0xb9, 0x0e, 0x27, 0x01,
    0x02, 0xb9, 0x0e, 0x26, 0x01, 0x02, 0xba, 0x0e, 0x2c, 0x03, 0x02, 0xba,
    0x0e, 0x2d, 0x01, 0x02, 0xba, 0x0e, 0x2e, 0x01, 0x02, 0xba, 0x0e, 0x30,
    0xc1, 0x02, 0xba, 0x0e, 0x32, 0xc1, 0x02, 0xba, 0x0e, 0x2b, 0x01, 0x02,
    0xbe, 0x0e, 0x35, 0x03, 0x02, 0xbe, 0x0e, 0x36, 0x01, 0x02, 0xbe, 0x0e,
    0x38, 0xc1, 0x02, 0xbe, 0x0e, 0x39, 0x01, 0x02, 0xbe, 0x0e, 0x3b, 0xc1,
    0x02, 0xbe, 0x0e, 0x34, 0x01, 0x02, 0xc1, 0x0e, 0x3e, 0x03, 0x02, 0xc1,
    0x0e, 0x3f, 0x01, 0x02, 0xc1, 0x0e, 0x40, 0x01, 0x02, 0xc1, 0x0e, 0x42,
    0xc1, 0x02, 0xc1, 0x0e, 0x3d, 0x01, 0x02, 0xc4, 0x0e, 0x45, 0x03, 0x02,
    0xc4, 0x0e, 0x46, 0x01, 0x02, 0xc4, 0x0e, 0x47, 0x01, 0x02, 0xc4, 0x0e,
    0x49, 0xc1, 0x02, 0xc4, 0x0e, 0x4b, 0xc1, 0x02, 0xc4, 0x0e, 0x44, 0x01,
    0x02, 0xc5, 0x0e, 0x4e, 0x03, 0x02, 0xc5, 0x0e, 0x4f, 0x01, 0x02, 0xc5,
    0x0e, 0x50, 0x01, 0x02, 0xc5, 0x0e, 0x52, 0xc1, 0x02, 0xc5, 0x0e, 0x53,
    0x01, 0x02, 0xc5, 0x0e, 0x55, 0xc1, 0x02, 0xc5, 0x0e, 0x4d, 0x01, 0x02,
    0xc8, 0x0e, 0x58, 0x03, 0x02, 0xc8, 0x0e, 0x59, 0x01, 0x02, 0xc8, 0x0e,
    0x5b, 0xc1, 0x02, 0xc8, 0x0e, 0x57, 0x01, 0x02, 0xca, 0x0e, 0x5d, 0x03,
    0x02, 0xca, 0x0e, 0x5e, 0x01, 0x02, 0xca, 0x0e, 0x5f, 0x01, 0x02, 0xca,
    0x0e, 0x60, 0x01, 0x02, 0xca, 0x0e, 0x61, 0x01, 0x02, 0xca, 0x0e, 0x63,
    0xc1, 0x02, 0xca, 0x0e, 0x65, 0xc1, 0x02, 0xca, 0x0e, 0x67, 0xc1, 0x02,
    0xca, 0x0e, 0x69, 0x01, 0x02, 0xcb, 0x0e, 0x6b, 0x03, 0x02, 0xcb, 0x0e,
    0x6c, 0x01, 0x02, 0xcb, 0x0e, 0x6d, 0x01, 0x02, 0xcb, 0x0e, 0x6e, 0x01,
    0x02, 0xcb, 0x0e, 0x6f, 0x01, 0x02, 0xcb, 0x0e, 0x71, 0xc1, 0x02, 0xcb,
    0x0e, 0x73, 0xc1, 0x02, 0xcb, 0x0e, 0x75, 0xc1, 0x02, 0xcb, 0x0e, 0x77,
    0x01, 0x02, 0xcc, 0x0e, 0x83, 0x03, 0x02, 0xcc, 0x0e, 0x84, 0x01, 0x02,
    0xcc, 0x0e, 0x86, 0xc1, 0x02, 0xcc, 0x0e, 0x86, 0x01, 0x02, 0xcc, 0x0e,
    0x79, 0x01, 0x02, 0xcc, 0x0e, 0x7a, 0x01, 0x02, 0xcc, 0x0e, 0x7b, 0x01,
    0x02, 0xcc, 0x0e, 0x7c, 0x01, 0x02, 0xcc, 0x0e, 0x7e, 0xc1, 0x02, 0xcc,
    0x0e, 0x80, 0xc1, 0x02, 0xcc, 0x0e, 0x82, 0x01, 0x02, 0xcd, 0x0e, 0x89,
    0x03, 0x02, 0xcd, 0x0e, 0x8a, 0x01, 0x02, 0xcd, 0x0e, 0x8b, 0x01, 0x02,
    0xcd, 0x0e, 0x8c, 0x01, 0x02, 0xcd, 0x0e, 0x8d, 0x01, 0x02, 0xcd, 0x0e,
    0x8f, 0xc1, 0x02, 0xcd, 0x0e, 0x91, 0xc1, 0x02, 0xcd, 0x0e, 0x93, 0xc1,
    0x02, 0xcd, 0x0e, 0x95, 0x01, 0x02, 0xce, 0x0e, 0x97, 0x03, 0x02, 0xce,
    0x0e, 0x98, 0x01, 0x02, 0xce, 0x0e, 0x99, 0x01, 0x02, 0xce, 0x0e, 0x9a,
    0x01, 0x02, 0xce, 0x0e, 0x9b, 0x01, 0x02, 0xce, 0x0e, 0x9d, 0xc1, 0x02,
    0xce, 0x0e, 0x9f, 0xc1, 0x02, 0xce, 0x0e, 0xa1, 0xc1, 0x02, 0xce, 0x0e,
    0xa3, 0x01, 0x02, 0xcf, 0x0e, 0xa5, 0x03, 0x02, 0xcf, 0x0e, 0xa6, 0x01,
    0x02, 0xcf, 0x0e, 0xa7, 0x01, 0x02, 0xcf, 0x0e, 0xa8, 0x01, 0x02, 0xcf,
    0x0e, 0xa9, 0x01, 0x02, 0xcf, 0x0e, 0xab, 0xc1, 0x02, 0xcf, 0x0e, 0xad,
    0xc1, 0x02, 0xcf, 0x0e, 0xaf, 0xc1, 0x02, 0xcf, 0x0e, 0xb1, 0x01, 0x02,
    0xd0, 0x0e, 0xb3, 0x03, 0x02, 0xd0, 0x0e, 0xb4, 0x01, 0x02, 0xd0, 0x0e,
    0xb5, 0x01, 0x02, 0xd0, 0x0e, 0xb6, 0x01, 0x02, 0xd0, 0x0e, 0xb7, 0x01,
    0x02, 0xd0, 0x0e, 0xb9, 0xc1, 0x02, 0xd0, 0x0e, 0xbb, 0xc1, 0x02, 0xd0,
    0x0e, 0xbd, 0xc1, 0x02, 0xd0, 0x0e, 0xbf, 0x01, 0x02, 0xd1, 0x0e, 0xc1,
    0x03, 0x02, 0xd1, 0x0e, 0xc2, 0x01, 0x02, 0xd1, 0x0e, 0xc3, 0x01, 0x02,
    0xd1, 0x0e, 0xc4, 0x01, 0x02, 0xd1, 0x0e, 0xc5, 0x01, 0x02, 0xd1, 0x0e,
    0xc7, 0xc1, 0x02, 0xd1, 0x0e, 0xc9, 0xc1, 0x02, 0xd1, 0x0e, 0xcb, 0xc1,
    0x02, 0xd1, 0x0e, 0xcd, 0x01, 0x02, 0xd2, 0x0e, 0xcf, 0x03, 0x02, 0xd2,
    0x0e, 0xd0, 0x01, 0x02, 0xd2, 0x0e, 0xd1, 0x01, 0x02, 0xd2, 0x0e, 0xd2,
    0x01, 0x02, 0xd2, 0x0e, 0xd3, 0x01, 0x02, 0xd2, 0x0e, 0xd5, 0xc1, 0x02,
    0xd2, 0x0e, 0xd7, 0xc1, 0x02, 0xd2, 0x0e, 0xd9, 0xc1, 0x02, 0xd2, 0x0e,
    0xdb, 0x01, 0x02, 0xd4, 0x0e, 0xdd, 0x03, 0x02, 0xd4, 0x0e, 0xde, 0x01,
    0x02, 0xd4, 0x0e, 0xdf, 0x01, 0x02, 0xd4, 0x0e, 0xe0, 0x01, 0x02, 0xd4,
    0x0e, 0xe2, 0xc1, 0x02, 0xd4, 0x0e, 0xe4, 0xc1, 0x02, 0xd4, 0x0e, 0xe6,
    0x01, 0x02, 0xd5, 0x0e, 0xe8, 0x03, 0x02, 0xd5, 0x0e, 0xe9, 0x01, 0x02,
    0xd5, 0x0e, 0xea, 0x01, 0x02, 0xd5, 0x0e, 0xeb, 0x01, 0x02, 0xd5, 0x0e,
    0xed, 0xc1, 0x02, 0xd5, 0x0e, 0xef, 0xc1, 0x02, 0xd5, 0x0e, 0xf1, 0x01,
    0x02, 0xd6, 0x0e, 0xf3, 0x03, 0x02, 0xd6, 0x0e, 0xf4, 0x01, 0x02, 0xd6,
    0x0e, 0xf5, 0x01, 0x02, 0xd6, 0x0e, 0xf6, 0x01, 0x02, 0xd6, 0x0e, 0xf7,
    0x01, 0x02, 0xd6, 0x0e, 0xf9, 0xc1, 0x02, 0xd6, 0x0e, 0xfb, 0xc1, 0x02,
    0xd6, 0x0e, 0xfd, 0xc1, 0x02, 0xd6, 0x0e, 0xff, 0x01, 0x02, 0xd7, 0x12,
    0x01, 0x03, 0x02, 0xd7, 0x12, 0x02, 0x01, 0x02, 0xd7, 0x12, 0x03, 0x01,
    0x02, 0xd7, 0x12, 0x04, 0x01, 0x02, 0xd7, 0x12, 0x05, 0x01, 0x02, 0xd7,
    0x12, 0x07, 0xc1, 0x02, 0xd7, 0x12, 0x09, 0xc1, 0x02, 0xd7, 0x12, 0x0b,
    0xc1, 0x02, 0xd7, 0x12, 0x0d, 0x01, 0x02, 0xd8, 0x12, 0x0f, 0x03, 0x02,
    0xd8, 0x12, 0x10, 0x01, 0x02, 0xd8, 0x12, 0x11, 0x01, 0x02, 0xd8, 0x12,
    0x12, 0x01, 0x02, 0xd8, 0x12, 0x14, 0xc1, 0x02, 0xd8, 0x12, 0x16, 0xc1,
    0x02, 0xd8, 0x12, 0x17, 0x01, 0x02, 0xd8, 0x12, 0x19, 0xc1, 0x02, 0xd8,
    0x12, 0x1b, 0x01, 0x02, 0xd9, 0x12, 0x1d, 0x03, 0x02, 0xd9, 0x12, 0x1e,
    0x01, 0x02, 0xd9, 0x12, 0x1f, 0x01, 0x02, 0xd9, 0x12, 0x20, 0x01, 0x02,
    0xd9, 0x12, 0x22, 0xc1, 0x02, 0xd9, 0x12, 0x24, 0xc1, 0x02, 0xd9, 0x12,
    0x26, 0x01, 0x02, 0xdb, 0x12, 0x28, 0x03, 0x02, 0xdb, 0x12, 0x29, 0x01,
    0x02, 0xdb, 0x12, 0x2b, 0x01, 0x02, 0xdb, 0x12, 0x28, 0x01, 0x02, 0xdc,
    0x00, 0xff, 0xff, 0xff, 0xff, 0xff, 0xff, 0xff, 0xff, 0x21, 0x01, 0x03,
    0x05, 0x05, 0x05, 0x05, 0x03, 0x03, 0x05, 0x05, 0x07, 0x03, 0x05, 0x05,
    0x05, 0x07, 0x03, 0x05, 0x05, 0x05, 0x07, 0x03, 0x05, 0x05, 0x05, 0x07,
    0x03, 0x05, 0x05, 0x05, 0x07, 0x03, 0x05, 0x05, 0x05, 0x07, 0x03, 0x05,
    0x05, 0x05, 0x07, 0x03, 0x05, 0x05, 0x05, 0x07, 0x03, 0x05, 0x05, 0x05,
    0x07, 0x03, 0x05, 0x05, 0x05, 0x07, 0x03, 0x05, 0x05, 0x05, 0x07, 0x03,
    0x05, 0x05, 0x05, 0x05, 0x05, 0x05, 0x05, 0x05, 0x05, 0x05, 0x05, 0x05,
    0x05, 0x05, 0x05, 0x05, 0x05, 0x05, 0x05, 0x05, 0x05, 0x05, 0x05, 0x05,
    0x05, 0x05, 0x05, 0x05, 0x05, 0x05, 0x05, 0x05, 0x05, 0x05, 0x05, 0x05,
    0x05, 0x05, 0x05, 0x05, 0x05, 0x05, 0x05, 0x05, 0x05, 0x07, 0x05, 0x05,
    0x05, 0x05, 0x05, 0x05, 0x05, 0x05, 0x07, 0x05, 0x03, 0x07, 0x05, 0x05,
    0x05, 0x05, 0x05, 0x05, 0x05, 0x07, 0x05, 0x05, 0x05, 0x05, 0x05, 0x05,
    0x05, 0x05, 0x07, 0x05, 0x05, 0x05, 0x05, 0x05, 0x05, 0x05, 0x05, 0x07,
    0x05, 0x05, 0x05, 0x05, 0x05, 0x05, 0x05, 0x05, 0x07, 0x05, 0x05, 0x05,
    0x05, 0x05, 0x05, 0x05, 0x05, 0x07, 0x05, 0x05, 0x05, 0x05, 0x05, 0x05,
    0x05, 0x05, 0x07, 0x05, 0x05, 0x05, 0x05, 0x05, 0x05, 0x05, 0x05, 0x07,
    0x05, 0x05, 0x05, 0x05, 0x05, 0x05, 0x07, 0x05, 0x05, 0x05, 0x05, 0x05,
    0x05, 0x07, 0x05, 0x05, 0x05, 0x05, 0x05, 0x05, 0x05, 0x05, 0x07, 0x05,
    0x05, 0x05, 0x05, 0x05, 0x05, 0x05, 0x05, 0x07, 0x05, 0x05, 0x05, 0x05,
    0x05, 0x05, 0x05, 0x05, 0x07, 0x05, 0x05, 0x05, 0x05, 0x05, 0x05, 0x07,
    0x03, 0x05, 0x05, 0x05, 0xcf, 0x00, 0x00, 0x00, 0x00, 0x00, 0x00, 0x00,
    0xd0, 0x00, 0x00, 0x00, 0x00, 0x00, 0x00, 0x00, 0xd1, 0x00, 0x00, 0x00,
    0x00, 0x00, 0x00, 0x00, 0xd2, 0x00, 0x00, 0x00, 0x00, 0x00, 0x00, 0x00,
    0xd3, 0x00, 0x00, 0x00, 0x00, 0x00, 0x00, 0x00, 0xd4, 0x00, 0x00, 0x00,
    0x00, 0x00, 0x00, 0x00, 0xd5, 0x00, 0x00, 0x00, 0x00, 0x00, 0x00, 0x00,
    0xb2, 0x00, 0x00, 0x00, 0x00, 0x00, 0x00, 0x00, 0x1b, 0x39, 0x01, 0x01,
    0x02, 0xd6, 0x21, 0x03, 0x01, 0xd1, 0x89, 0x07, 0x05, 0x02, 0xd7, 0x02,
    0xd8, 0xd1, 0x89, 0x07, 0x05, 0x02, 0xd7, 0x02, 0xd8, 0xd1, 0x89, 0x07,
    0x05, 0x02, 0xd7, 0x02, 0xd8, 0xd1, 0x89, 0x07, 0x05, 0x02, 0xd7, 0x02,
    0xd8, 0xd1, 0x89, 0x07, 0x05, 0x02, 0xd7, 0x02, 0xd8, 0xd1, 0x89, 0x07,
    0x05, 0x02, 0xd7, 0x02, 0xd8, 0xd1, 0x89, 0x07, 0x05, 0x02, 0xd7, 0x02,
    0xd8, 0xd1, 0x89, 0x07, 0x05, 0x02, 0xd7, 0x02, 0xd8, 0xd1, 0x89, 0x07,
    0x05, 0x02, 0xd7, 0x02, 0xd8, 0xd1, 0x89, 0x07, 0x05, 0x02, 0xd7, 0x02,
    0xd8, 0xcf, 0x29, 0x03, 0x01, 0x02, 0x8f, 0x21, 0x03, 0x01, 0xad, 0x21,
    0x03, 0x01, 0x02, 0x8f, 0x21, 0x03, 0x01, 0x02, 0xd9, 0x21, 0x03, 0x01,
    0x02, 0xda, 0x21, 0x01, 0x01, 0x02, 0xdb, 0x21, 0x03, 0x01, 0x02, 0x8f,
    0x21, 0x03, 0x01, 0xad, 0x21, 0x03, 0x01, 0x02, 0xda, 0x21, 0x01, 0x01,
    0x02, 0xdc, 0x21, 0x03, 0x01, 0x02, 0xdb, 0x21, 0x03, 0x01, 0x02, 0x8f,
    0x21, 0x03, 0x01, 0x02, 0x8f, 0x21, 0x03, 0x01, 0x02, 0xdd, 0x21, 0x03,
    0x01, 0xad, 0x21, 0x03, 0x01, 0x02, 0xd6, 0x21, 0x03, 0x01, 0x02, 0x8f,
    0x21, 0x03, 0x01, 0x02, 0xdd, 0x21, 0x03, 0x01, 0xad, 0x21, 0x03, 0x01,
    0x02, 0xd6, 0x21, 0x03, 0x01, 0x02, 0xde, 0x21, 0x03, 0x01, 0x02, 0xdf,
    0x21, 0x03, 0x01, 0x02, 0xdd, 0x21, 0x03, 0x01, 0xad, 0x21, 0x03, 0x01,
    0x02, 0xd6, 0x21, 0x03, 0x01, 0x02, 0x8f, 0x21, 0x03, 0x01, 0x02, 0xdd,
    0x21, 0x03, 0x01, 0xad, 0x21, 0x03, 0x01, 0x02, 0xd6, 0x21, 0x03, 0x01,
    0x02, 0x8f, 0x21, 0x03, 0x01, 0x02, 0xdd, 0x21, 0x03, 0x01, 0xad, 0x21,
    0x03, 0x01, 0x02, 0xd6, 0x21, 0x03, 0x01, 0x02, 0x8f, 0x21, 0x03, 0x01,
    0x02, 0xdd, 0x21, 0x03, 0x01, 0xad, 0x21, 0x03, 0x01, 0x02, 0xd6, 0x21,
    0x03, 0x01, 0x02, 0x8f, 0x21, 0x03, 0x01, 0x02, 0xdd, 0x21, 0x03, 0x01,
    0xad, 0x21, 0x03, 0x01, 0x02, 0xd6, 0x21, 0x03, 0x01, 0x02, 0x8f, 0x21,
    0x03, 0x01, 0x02, 0xdd, 0x21, 0x03, 0x01, 0xad, 0x21, 0x03, 0x01, 0x02,
    0xd6, 0x21, 0x03, 0x01, 0x02, 0x8f, 0x21, 0x03, 0x01, 0x02, 0xdd, 0x21,
    0x03, 0x01, 0xad, 0x21, 0x03, 0x01, 0x02, 0xd6, 0x21, 0x03, 0x01, 0x02,
    0xdd, 0x21, 0x03, 0x01, 0xad, 0x21, 0x03, 0x01, 0x02, 0xd6, 0x21, 0x03,
    0x01, 0x02, 0xdd, 0x21, 0x03, 0x01, 0xad, 0x21, 0x03, 0x01, 0x02, 0xd6,
    0x21, 0x03, 0x01, 0x02, 0x8f, 0x21, 0x03, 0x01, 0x02, 0xdd, 0x21, 0x03,
    0x01, 0xad, 0x21, 0x03, 0x01, 0x02, 0xd6, 0x21, 0x03, 0x01, 0x02, 0x8f,
    0x21, 0x03, 0x01, 0x02, 0xdd, 0x21, 0x03, 0x01, 0xad, 0x21, 0x03, 0x01,
    0x02, 0xd6, 0x21, 0x03, 0x01, 0x02, 0xdd, 0x21, 0x03, 0x01, 0xad, 0x21,
    0x03, 0x01, 0xad, 0x21, 0x03, 0x01, 0x02, 0xd6, 0x21, 0x03, 0x01, 0x02,
    0xdd, 0x21, 0x03, 0x01, 0xad, 0x21, 0x03, 0x01, 0x02, 0xd6, 0x21, 0x03,
    0x01, 0xcd, 0x89, 0x05, 0x03, 0x02, 0xd7, 0x01, 0x03, 0x06, 0xde, 0x26,
    0x58, 0x06, 0xde, 0x01, 0x01, 0x01, 0x01, 0x01, 0x01, 0x01, 0x01, 0x1e,
    0x7a, 0x01, 0x02, 0x96, 0x02, 0x97, 0x02, 0x97, 0x06, 0x51, 0x12, 0x32,
    0x02, 0xa8, 0x09, 0x02, 0xdc, 0x0f, 0x1e, 0x7a, 0x0a, 0xda, 0x02, 0xea,
    0x06, 0xf0, 0x01, 0x06, 0xb0, 0x00, 0xff, 0xff, 0xff, 0xff, 0xff, 0xff,
    0xff, 0xff, 0x27, 0x00, 0xff, 0xff, 0xff, 0xff, 0xff, 0xff, 0xff, 0xff,
    0x06, 0xb0, 0x03, 0x01, 0x11, 0x01, 0xa9, 0x0b, 0x01, 0x01, 0x33, 0x01,
    0xc3, 0x0f, 0xbf, 0x19, 0x61, 0x33, 0x45, 0xbf, 0x0f, 0x61, 0x35, 0xc7,
    0xbf, 0x15, 0x43, 0x03, 0xa5, 0xc3, 0x0f, 0x23, 0xbf, 0x19, 0x63, 0xc3,
    0x0d, 0xbf, 0x0f, 0x61, 0x37, 0x63, 0xc3, 0x0b, 0x25, 0x02, 0xb1, 0xbf,
    0x0b, 0x8d, 0xbf, 0x0d, 0x8f, 0xc3, 0x09, 0x1d, 0x02, 0x98, 0x25, 0x02,
    0xe2, 0xbf, 0x15, 0x47, 0x65, 0x2d, 0x25, 0x02, 0xe3, 0x25, 0x02, 0xe4,
    0xbf, 0x09, 0x91, 0x47, 0x65, 0x2d, 0x25, 0x02, 0xe5, 0x2b, 0x0b, 0x63,
    0x45, 0xbf, 0x0f, 0x61, 0x39, 0x63, 0xc3, 0x07, 0xbf, 0x0f, 0x61, 0x3b,
    0x75, 0x00, 0x00, 0x00, 0x00, 0x00, 0x00, 0x00, 0xd7, 0x00, 0x00, 0x00,
    0x00, 0x00, 0x00, 0x00, 0xe6, 0x00, 0x00, 0x00, 0x00, 0x00, 0x00, 0x00,
    0xe7, 0x00, 0x00, 0x00, 0x00, 0x00, 0x00, 0x00, 0xe8, 0x00, 0x00, 0x00,
    0x00, 0x00, 0x00, 0x00, 0xe9, 0x00, 0x00, 0x00, 0x00, 0x00, 0x00, 0x00,
    0x03, 0x00, 0x00, 0x00, 0x01, 0x00, 0x00, 0x00, 0x04, 0x00, 0x00, 0x00,
    0x00, 0x00, 0x00, 0x00, 0x18, 0x1d, 0x00, 0x00, 0x00, 0x00, 0x00, 0x00,
    0x30, 0x1d, 0x00, 0x00, 0x00, 0x00, 0x00, 0x00, 0x02, 0xdf, 0x12, 0x43,
    0x13, 0x02, 0xdf, 0x12, 0x42, 0x01, 0x02, 0xe0, 0x12, 0x44, 0x03, 0x02,
    0xe0, 0x12, 0x45, 0x01, 0x02, 0xe0, 0x12, 0x5a, 0x01, 0x02, 0xe6, 0x12,
    0x5e, 0x03, 0x02, 0xe6, 0x12, 0x5f, 0x01, 0x02, 0xe6, 0x12, 0x67, 0x01,
    0x02, 0xe6, 0x12, 0x68, 0x01, 0x02, 0xe6, 0x12, 0x69, 0x01, 0x02, 0xe6,
    0x12, 0x6b, 0xc1, 0x02, 0xe6, 0x12, 0x5d, 0x01, 0x02, 0xe7, 0x12, 0x6e,
    0x03, 0x02, 0xe7, 0x12, 0x6f, 0x01, 0x02, 0xe7, 0x12, 0x6e, 0x01, 0x02,
    0xe7, 0x12, 0x6d, 0x01, 0x02, 0xe9, 0x12, 0x73, 0x03, 0x02, 0xe9, 0x12,
    0x74, 0x01, 0x02, 0xe9, 0x12, 0x7b, 0x01, 0x02, 0xe9, 0x12, 0x72, 0x01,
    0x02, 0xea, 0x12, 0x7e, 0x03, 0x02, 0xea, 0x12, 0x7f, 0x01, 0x02, 0xea,
    0x12, 0x81, 0xc1, 0x02, 0xea, 0x12, 0x82, 0x01, 0x02, 0xea, 0x12, 0x84,
    0xc1, 0x02, 0xea, 0x12, 0x7d, 0x01, 0x02, 0xec, 0x12, 0x86, 0x03, 0x02,
    0xec, 0x12, 0x87, 0x01, 0x02, 0xec, 0x12, 0x88, 0x01, 0x02, 0xec, 0x12,
    0x8b, 0x01, 0x02, 0xec, 0x12, 0x8d, 0x01, 0x02, 0xec, 0x12, 0x8e, 0x01,
    0x02, 0xec, 0x12, 0x90, 0xc1, 0x02, 0xec, 0x12, 0x90, 0x01, 0x02, 0xec,
    0x12, 0x93, 0x01, 0x02, 0xec, 0x12, 0x87, 0x01, 0x02, 0xec, 0x12, 0x96,
    0x01, 0x02, 0xee, 0x12, 0x99, 0x03, 0x02, 0xee, 0x12, 0x9a, 0x01, 0x02,
    0xee, 0x12, 0xa2, 0x01, 0x02, 0xee, 0x12, 0x98, 0x01, 0x02, 0xef, 0x12,
    0xa4, 0x03, 0x02, 0xef, 0x12, 0xa5, 0x01, 0x02, 0xf7, 0x00, 0xff, 0xff,
    0xff, 0xff, 0xff, 0xff, 0xff, 0xff, 0x21, 0x01, 0x05, 0x05, 0x05, 0x07,
    0x03, 0x05, 0x07, 0x03, 0x05, 0x05, 0x05, 0x05, 0x03, 0x05, 0x05, 0x05,
    0x05, 0x07, 0x05, 0x05, 0x05, 0x05, 0x05, 0x05, 0x05, 0x05, 0x05, 0x05,
    0x0d, 0x05, 0x05, 0x05, 0x05, 0x09, 0x05, 0x05, 0x07, 0x05, 0x07, 0x05,
    0x05, 0x05, 0x07, 0x00, 0xcf, 0x00, 0x00, 0x00, 0x00, 0x00, 0x00, 0x00,
    0xd7, 0x00, 0x00, 0x00, 0x00, 0x00, 0x00, 0x00, 0xe6, 0x00, 0x00, 0x00,
    0x00, 0x00, 0x00, 0x00, 0xe7, 0x00, 0x00, 0x00, 0x00, 0x00, 0x00, 0x00,
    0x00, 0x00, 0x00, 0x00, 0x00, 0x00, 0x00, 0x00, 0xea, 0x00, 0x00, 0x00,
    0x00, 0x00, 0x00, 0x00, 0xd1, 0x00, 0x00, 0x00, 0x00, 0x00, 0x00, 0x00,
    0xeb, 0x00, 0x00, 0x00, 0x00, 0x00, 0x00, 0x00, 0xec, 0x00, 0x00, 0x00,
    0x00, 0x00, 0x00, 0x00, 0xed, 0x00, 0x00, 0x00, 0x00, 0x00, 0x00, 0x00,
    0x9d, 0x01, 0x01, 0x01, 0x5d, 0x01, 0x01, 0x01, 0x02, 0x8f, 0x21, 0x03,
    0x01, 0xcf, 0x29, 0x03, 0x01, 0x63, 0x01, 0x01, 0x01, 0x65, 0x21, 0x01,
    0x01, 0x02, 0xdc, 0x21, 0x03, 0x01, 0x02, 0xdb, 0x21, 0x03, 0x01, 0x67,
    0x29, 0x01, 0x01, 0x02, 0xdd, 0x21, 0x03, 0x01, 0x67, 0x29, 0x01, 0x01,
    0x02, 0xd6, 0x21, 0x03, 0x01, 0x63, 0x01, 0x01, 0x01, 0x02, 0xee, 0x21,
    0x01, 0x01, 0x9d, 0x01, 0x01, 0x01, 0x01, 0x03, 0xc1, 0x0a, 0x49, 0xaf,
    0x23, 0x0b, 0x03, 0x01, 0x01, 0x01, 0x01, 0x01, 0x06, 0xf2, 0x76, 0x40,
    0x02, 0xe0, 0x02, 0xe1, 0x02, 0xe1, 0x06, 0xbd, 0x12, 0xe6, 0x02, 0xde,
    0x09, 0x02, 0xf7, 0x0f, 0x06, 0xa3, 0x02, 0xc0, 0x59, 0x02, 0x93, 0x01,
    0x87, 0x00, 0xff, 0xff, 0xff, 0xff, 0xff, 0xff, 0xff, 0xff, 0x29, 0x00,
    0xff, 0xff, 0xff, 0xff, 0xff, 0xff, 0xff, 0xff, 0x87, 0x03, 0x01, 0x15,
    0x01, 0x1f, 0x0d, 0x01, 0x01, 0x57, 0x09, 0x01, 0x7b, 0x09, 0x25, 0x02,
    0xce, 0xc3, 0x0b, 0xc7, 0xc3, 0x07, 0xbf, 0x0d, 0x61, 0x3d, 0x45, 0xbf,
    0x07, 0x75, 0x00, 0x00, 0xd7, 0x00, 0x00, 0x00, 0x00, 0x00, 0x00, 0x00,
    0x1f, 0x00, 0x00, 0x00, 0x00, 0x00, 0x00, 0x00, 0x01, 0x00, 0x00, 0x00,
    0x00, 0x00, 0x00, 0x00, 0x02, 0x00, 0x00, 0x00, 0x00, 0x00, 0x00, 0x00,
    0x60, 0x1f, 0x00, 0x00, 0x00, 0x00, 0x00, 0x00, 0x68, 0x1f, 0x00, 0x00,
    0x00, 0x00, 0x00, 0x00, 0x02, 0xf9, 0x12, 0xed, 0x01, 0x02, 0xf9, 0x12,
    0xeb, 0x01, 0x02, 0xf9, 0x12, 0xec, 0x01, 0x02, 0xfa, 0x12, 0xf1, 0x13,
    0x02, 0xfa, 0x12, 0xf0, 0x01, 0x02, 0xfb, 0x12, 0xf2, 0x03, 0x02, 0xfb,
    0x12, 0xf3, 0x01, 0x02, 0xfb, 0x16, 0x02, 0x01, 0x02, 0xfe, 0x16, 0x05,
    0x03, 0x02, 0xff, 0x00, 0xff, 0xff, 0xff, 0xff, 0xff, 0xff, 0xff, 0xff,
    0x21, 0x01, 0x0b, 0x05, 0x05, 0x03, 0x05, 0x05, 0x07, 0x03, 0x05, 0x00,
    0x00, 0x00, 0x00, 0x00, 0xcf, 0x00, 0x00, 0x00, 0x00, 0x00, 0x00, 0x00,
    0xd7, 0x00, 0x00, 0x00, 0x00, 0x00, 0x00, 0x00, 0x00, 0x00, 0x00, 0x00,
    0x00, 0x00, 0x00, 0x00, 0xf1, 0x00, 0x00, 0x00, 0x00, 0x00, 0x00, 0x00,
    0x9d, 0x01, 0x01, 0x01, 0x01, 0x03, 0x2b, 0x02, 0xb4, 0x2b, 0x23, 0x07,
    0x03, 0x01, 0x01, 0x01, 0x01, 0x01, 0x02, 0x9f, 0x7e, 0x70, 0x02, 0xef,
    0x02, 0xf0, 0x02, 0xf0, 0x06, 0xf3, 0x16, 0x07, 0x02, 0xf9, 0x09, 0x02,
    0xff, 0x0f, 0xdb, 0x69, 0x15, 0x4b, 0x01, 0x0b, 0x00, 0xff, 0xff, 0xff,
    0xff, 0xff, 0xff, 0xff, 0xff, 0x2b, 0x00, 0xff, 0xff, 0xff, 0xff, 0xff,
    0xff, 0xff, 0xff, 0x0b, 0x03, 0x01, 0x09, 0x01, 0x03, 0x03, 0x01, 0x01,
    0x1d, 0x02, 0x98, 0xbf, 0x0d, 0x63, 0x45, 0xbf, 0x11, 0x61, 0x3f, 0xc3,
    0x11, 0xbf, 0x11, 0x61, 0x41, 0x45, 0xbf, 0x11, 0x61, 0x43, 0x45, 0xbf,
    0x11, 0xb1, 0x7d, 0x13, 0x1d, 0x02, 0x98, 0x25, 0x02, 0xf4, 0x63, 0x45,
    0x21, 0x75, 0xbf, 0x11, 0x63, 0xc3, 0x11, 0xbf, 0x11, 0x61, 0x45, 0x45,
    0xbf, 0x11, 0x61, 0x47, 0x63, 0xad, 0xc3, 0x09, 0xbf, 0x11, 0x61, 0x49,
    0xc3, 0x07, 0xbf, 0x11, 0x61, 0x4b, 0x75, 0x00, 0x00, 0x00, 0x00, 0x00,
    0xd7, 0x00, 0x00, 0x00, 0x00, 0x00, 0x00, 0x00, 0xd8, 0x00, 0x00, 0x00,
    0x00, 0x00, 0x00, 0x00, 0x02, 0x00, 0x00, 0x00, 0x02, 0x00, 0x00, 0x00,
    0x03, 0x00, 0x00, 0x00, 0x00, 0x00, 0x00, 0x00, 0x88, 0x20, 0x00, 0x00,
    0x00, 0x00, 0x00, 0x00, 0x98, 0x20, 0x00, 0x00, 0x00, 0x00, 0x00, 0x00,
    0x06, 0x02, 0x16, 0x12, 0x13, 0x06, 0x02, 0x16, 0x13, 0x01, 0x06, 0x02,
    0x16, 0x15, 0x01, 0x06, 0x03, 0x16, 0x17, 0x03, 0x06, 0x03, 0x16, 0x18,
    0x01, 0x06, 0x03, 0x16, 0x16, 0x01, 0x06, 0x04, 0x16, 0x24, 0x03, 0x06,
    0x04, 0x16, 0x25, 0x01, 0x06, 0x04, 0x16, 0x2e, 0x01, 0x06, 0x05, 0x16,
    0x30, 0x03, 0x06, 0x05, 0x16, 0x31, 0x01, 0x06, 0x05, 0x16, 0x3a, 0x01,
    0x06, 0x07, 0x16, 0x3c, 0x03, 0x06, 0x07, 0x16, 0x3d, 0xc1, 0x06, 0x07,
    0x16, 0x3d, 0x01, 0x06, 0x08, 0x16, 0x3e, 0x03, 0x06, 0x08, 0x16, 0x3f,
    0x01, 0x06, 0x08, 0x16, 0x41, 0x01, 0x06, 0x09, 0x00, 0xff, 0xff, 0xff,
    0xff, 0xff, 0xff, 0xff, 0xff, 0x03, 0x06, 0x09, 0x16, 0x42, 0x21, 0x06,
    0x0c, 0x16, 0x48, 0x03, 0x06, 0x0c, 0x16, 0x49, 0x01, 0x06, 0x0c, 0x16,
    0x47, 0x01, 0x06, 0x0d, 0x16, 0x4b, 0x03, 0x06, 0x0d, 0x16, 0x4c, 0x01,
    0x06, 0x0d, 0x16, 0x57, 0x01, 0x06, 0x0e, 0x16, 0x5a, 0x03, 0x06, 0x0e,
    0x16, 0x5b, 0x01, 0x06, 0x0e, 0x16, 0x68, 0x01, 0x06, 0x0e, 0x16, 0x69,
    0xc1, 0x06, 0x0e, 0x16, 0x59, 0x01, 0x06, 0x0f, 0x16, 0x6c, 0x03, 0x06,
    0x0f, 0x16, 0x6d, 0x01, 0x06, 0x0f, 0x16, 0x6b, 0x01, 0x06, 0x11, 0x16,
    0x7a, 0x03, 0x06, 0x11, 0x16, 0x7b, 0x01, 0x06, 0x15, 0x00, 0xff, 0xff,
    0xff, 0xff, 0xff, 0xff, 0xff, 0xff, 0x21, 0x01, 0x05, 0x05, 0x07, 0x05,
    0x07, 0x05, 0x05, 0x07, 0x03, 0x05, 0x07, 0x03, 0x05, 0x05, 0x05, 0x05,
    0x05, 0x07, 0x03, 0x03, 0x05, 0x05, 0x05, 0x05, 0x07, 0x03, 0x05, 0x07,
    0x05, 0x05, 0x05, 0x05, 0x07, 0x05, 0x05, 0x07, 0x00, 0x00, 0x00, 0x00,
    0xf5, 0x00, 0x00, 0x00, 0x00, 0x00, 0x00, 0x00, 0xd7, 0x00, 0x00, 0x00,
    0x00, 0x00, 0x00, 0x00, 0xd8, 0x00, 0x00, 0x00, 0x00, 0x00, 0x00, 0x00,
    0x00, 0x00, 0x00, 0x00, 0x00, 0x00, 0x00, 0x00, 0xf6, 0x00, 0x00, 0x00,
    0x00, 0x00, 0x00, 0x00, 0xf1, 0x00, 0x00, 0x00, 0x00, 0x00, 0x00, 0x00,
    0x02, 0xd6, 0x21, 0x03, 0x01, 0x02, 0xf7, 0x01, 0x01, 0x01, 0x02, 0xf8,
    0x01, 0x01, 0x01, 0x02, 0xf9, 0x01, 0x01, 0x01, 0x57, 0x21, 0x01, 0x01,
    0x02, 0xd6, 0x21, 0x03, 0x01, 0x02, 0xfa, 0x21, 0x01, 0x01, 0x02, 0xfb,
    0x01, 0x01, 0x01, 0x02, 0xfc, 0x01, 0x01, 0x01, 0x02, 0xfd, 0x21, 0x01,
    0x01, 0xab, 0x21, 0x01, 0x01, 0x65, 0x01, 0x01, 0x01, 0x02, 0xfe, 0x01,
    0x01, 0x01, 0x01, 0x03, 0x9b, 0x06, 0xd7, 0x87, 0x23, 0x09, 0x03, 0x01,
    0x01, 0x01, 0x01, 0x01, 0x06, 0x94, 0x82, 0x98, 0x02, 0xf2, 0x02, 0xf3,
    0x02, 0xf3, 0x0a, 0x03, 0x16, 0x9d, 0x06, 0x01, 0x09, 0x06, 0x15, 0x0f,
    0x06, 0x5f, 0x02, 0x98, 0x4b, 0xdf, 0x01, 0x7f, 0x00, 0xff, 0xff, 0xff,
    0xff, 0xff, 0xff, 0xff, 0xff, 0x2d, 0x00, 0xff, 0xff, 0xff, 0xff, 0xff,
    0xff, 0xff, 0xff, 0x7f, 0x03, 0x01, 0x0d, 0x01, 0x1b, 0x05, 0x01, 0x01,
    0x01, 0x79, 0x49, 0x21, 0x45, 0x79, 0x41, 0x03, 0x11, 0x05, 0x25, 0x02,
    0x8c, 0x03, 0x0d, 0x05, 0xbf, 0x07, 0x63, 0x63, 0x47, 0x65, 0x2d, 0x25,
    0x35, 0x2b, 0x07, 0x9f, 0x45, 0xc1, 0x07, 0xc9, 0x89, 0xc5, 0x07, 0xc1,
    0x09, 0xc1, 0x07, 0xa5, 0x47, 0xc3, 0x07, 0x7d, 0x19, 0xbf, 0x07, 0x63,
    0xbf, 0x09, 0x63, 0x99, 0x7b, 0x00, 0xff, 0xff, 0xff, 0xff, 0xff, 0xff,
    0xff, 0xc9, 0x21, 0x45, 0x03, 0x11, 0x05, 0x23, 0x25, 0x02, 0x8d, 0xbf,
    0x09, 0x63, 0xbf, 0x09, 0x63, 0xbf, 0x09, 0x63, 0x63, 0x9f, 0x75, 0x53,
    0x00, 0xff, 0xff, 0xff, 0xff, 0xff, 0xff, 0xff, 0xff, 0x06, 0x00, 0x55,
    0x02, 0xbb, 0x03, 0x55, 0x02, 0xbb, 0x01, 0x57, 0x02, 0xa7, 0x03, 0x57,
    0x02, 0xa8, 0x01, 0x57, 0x02, 0xa9, 0x01, 0x57, 0x02, 0xaa, 0x01, 0x57,
    0x02, 0xab, 0x01, 0x57, 0x02, 0xad, 0x01, 0x57, 0x02, 0xb0, 0x01, 0x57,
    0x02, 0xa8, 0x01, 0x57, 0x02, 0xb3, 0xc1, 0x57, 0x02, 0xb3, 0x01, 0x59,
    0x02, 0xb6, 0x03, 0x59, 0x02, 0xb5, 0x01, 0x59, 0x02, 0xb8, 0xc1, 0x59,
    0x02, 0xb4, 0x01, 0x55, 0x02, 0x9c, 0x03, 0x55, 0x02, 0x9d, 0x01, 0x55,
    0x02, 0x9f, 0xc1, 0x55, 0x02, 0x9b, 0x01, 0x55, 0x02, 0xa0, 0x01, 0x55,
    0x02, 0xa1, 0x01, 0x55, 0x02, 0xa2, 0x01, 0x55, 0x02, 0xa3, 0x01, 0x55,
    0x02, 0xa5, 0xc1, 0x55, 0x02, 0xa5, 0x01, 0x55, 0x02, 0xbb, 0x01, 0x5f,
    0x02, 0xbc, 0x03, 0x5f, 0x02, 0xbd, 0x01, 0x61, 0x02, 0xbe, 0x01, 0x63,
    0x02, 0xc0, 0x01, 0x63, 0x02, 0xc1, 0x01, 0x65, 0x02, 0xc5, 0x01, 0x65,
    0x02, 0xc6, 0x01, 0x67, 0x02, 0xca, 0x01, 0x67, 0x02, 0xcb, 0x01, 0x5f,
    0x02, 0xbd, 0x01, 0x5f, 0x02, 0xd2, 0xc1, 0x6b, 0x00, 0xff, 0xff, 0xff,
    0xff, 0xff, 0xff, 0xff, 0xff, 0x0a, 0x00, 0x01, 0x03, 0x05, 0x09, 0x07,
    0x05, 0x07, 0x05, 0x05, 0x0d, 0x05, 0x05, 0x05, 0x03, 0x05, 0x03, 0x05,
    0x05, 0x05, 0x05, 0x05, 0x0b, 0x05, 0x05, 0x05, 0x05, 0x05, 0x05, 0x05,
    0x07, 0x03, 0x05, 0x05, 0x05, 0x05, 0x05, 0x05, 0x05, 0x05, 0x05, 0x00,
    0x77, 0x00, 0x00, 0x00, 0x00, 0x00, 0x00, 0x00, 0x80, 0x00, 0x00, 0x00,
    0x00, 0x00, 0x00, 0x00, 0x02, 0x80, 0x21, 0x01, 0x01, 0x02, 0x8e, 0x21,
    0x03, 0x01, 0x67, 0x29, 0x01, 0x01, 0x5b, 0x21, 0x03, 0x01, 0xad, 0x21,
    0x03, 0x01, 0x02, 0x8f, 0x21, 0x03, 0x01, 0x37, 0x21, 0x01, 0x01, 0x37,
    0x21, 0x01, 0x01, 0x02, 0x90, 0x21, 0x03, 0x01, 0x37, 0x21, 0x01, 0x01,
    0x02, 0x91, 0x21, 0x01, 0x01, 0x02, 0x92, 0x21, 0x01, 0x01, 0x02, 0x93,
    0x89, 0x09, 0x07, 0x37, 0x02, 0x94, 0x02, 0x95, 0x5b, 0x21, 0x03, 0x01,
    0x09, 0xa5, 0x01, 0xa7, 0x29, 0x45, 0x01, 0x49, 0x01, 0x05, 0xaf, 0x06,
    0x89, 0xa7, 0x02, 0x81, 0x03, 0x03, 0x01, 0x01, 0x01, 0x01, 0x01, 0x06,
    0x36, 0x01, 0x02, 0xff, 0x2b, 0x06, 0x00, 0xa7, 0x02, 0xd5, 0x53, 0x65,
    0x6b, 0x17, 0x06, 0x36, 0x02, 0x86, 0x51, 0xbb, 0x01, 0x9b, 0x1d, 0x05,
    0x00, 0xff, 0xff, 0xff, 0xff, 0xff, 0xff, 0xff, 0xff, 0x9b, 0x13, 0x01,
    0x05, 0x01, 0x1d, 0x0d, 0x01, 0x01, 0x01, 0x03, 0x07, 0x05, 0x61, 0x4d,
    0xc3, 0x07, 0xbf, 0x07, 0x63, 0xc1, 0x09, 0x63, 0xc1, 0x09, 0x63, 0xad,
    0x89, 0x93, 0x7d, 0x2f, 0x25, 0x02, 0x84, 0xc1, 0x09, 0x63, 0x47, 0x65,
    0x2d, 0x25, 0x06, 0x03, 0xbf, 0x09, 0x47, 0x65, 0x2d, 0x25, 0x06, 0x04,
    0x2b, 0x0b, 0x75, 0x25, 0x02, 0x84, 0xc1, 0x09, 0x63, 0x47, 0x65, 0x2d,
    0x25, 0x06, 0x03, 0xbf, 0x09, 0x47, 0x65, 0x2d, 0x25, 0x06, 0x05, 0x2b,
    0x0b, 0x75, 0xc5, 0x00, 0xff, 0xff, 0xff, 0xff, 0xff, 0xff, 0xff, 0xff,
    0x06, 0x00, 0xc7, 0x06, 0x9d, 0x03, 0xc7, 0x06, 0x9e, 0x01, 0xc7, 0x06,
    0x9c, 0x01, 0xc9, 0x06, 0xa8, 0x03, 0xc9, 0x06, 0xa9, 0x01, 0xc9, 0x06,
    0xaa, 0x01, 0xc9, 0x06, 0xab, 0x01, 0xc9, 0x06, 0xac, 0x01, 0xc9, 0x06,
    0xad, 0x01, 0xc9, 0x06, 0xae, 0xc1, 0xc9, 0x06, 0xb0, 0xc1, 0xc9, 0x06,
    0xb2, 0xc1, 0xc9, 0x06, 0xb2, 0x01, 0xcb, 0x06, 0xb3, 0x03, 0xcb, 0x06,
    0xb4, 0x01, 0xcb, 0x06, 0xb5, 0x01, 0xcb, 0x06, 0xb8, 0x01, 0xcb, 0x06,
    0xba, 0x01, 0xcb, 0x06, 0xbd, 0x01, 0xcb, 0x06, 0xb3, 0x01, 0xd3, 0x00,
    0xff, 0xff, 0xff, 0xff, 0xff, 0xff, 0xff, 0xff, 0x0a, 0x00, 0xcf, 0x06,
    0xbf, 0x03, 0xcf, 0x06, 0xc0, 0x01, 0xcf, 0x06, 0xc1, 0x01, 0xcf, 0x06,
    0xc4, 0x01, 0xcf, 0x06, 0xc6, 0x01, 0xcf, 0x06, 0xc9, 0x01, 0xcf, 0x06,
    0xbf, 0x01, 0xd3, 0x00, 0xff, 0xff, 0xff, 0xff, 0xff, 0xff, 0xff, 0xff,
    0x0a, 0x00, 0x01, 0x03, 0x07, 0x07, 0x05, 0x05, 0x05, 0x05, 0x05, 0x05,
    0x05, 0x05, 0x05, 0x05, 0x05, 0x05, 0x05, 0x0d, 0x05, 0x0d, 0x05, 0x05,
    0x03, 0x05, 0x05, 0x0d, 0x05, 0x0d, 0x05, 0x05, 0x3c, 0x00, 0x00, 0x00,
    0x00, 0x00, 0x00, 0x00, 0x06, 0x01, 0x00, 0x00, 0x00, 0x00, 0x00, 0x00,
    0x06, 0x07, 0x01, 0x01, 0x01, 0x37, 0x21, 0x01, 0x01, 0x37, 0x21, 0x01,
    0x01, 0xa9, 0x21, 0x01, 0x01, 0xab, 0x21, 0x01, 0x01, 0xad, 0x21, 0x03,
    0x01, 0x02, 0xde, 0x21, 0x03, 0x01, 0x79, 0x21, 0x01, 0x01, 0x67, 0x29,
    0x01, 0x01, 0x67, 0x29, 0x01, 0x01, 0x79, 0x21, 0x01, 0x01, 0x67, 0x29,
    0x01, 0x01, 0x67, 0x29, 0x01, 0x01, 0x05, 0xa3, 0x01, 0x43, 0x01, 0x05,
    0x97, 0x06, 0x3d, 0x89, 0x02, 0x81, 0x03, 0x03, 0x01, 0x01, 0x01, 0x01,
    0x01, 0x02, 0xf9, 0x01, 0x06, 0x01, 0x73, 0x06, 0x02, 0x02, 0xc5, 0x06,
    0xce, 0xc5, 0x4f, 0xd3, 0x13, 0x02, 0xf9, 0xd3, 0x3d, 0x97, 0x01, 0x77,
    0x23, 0x09, 0x00, 0xff, 0xff, 0xff, 0xff, 0xff, 0xff, 0xff, 0xff, 0x77,
    0x0b, 0x01, 0x05, 0x01, 0x1b, 0x0b, 0x01, 0x01, 0x01, 0xbf, 0x09, 0xc1,
    0x17, 0x63, 0x7d, 0x23, 0xc1, 0x0f, 0xbf, 0x09, 0x63, 0xc1, 0x17, 0x63,
    0xbf, 0x07, 0x33, 0x05, 0x63, 0x75, 0x21, 0x75, 0x02, 0xe0, 0x00, 0xff,
    0xff, 0xff, 0xff, 0xff, 0xff, 0xff, 0xff, 0x06, 0x00, 0x02, 0xe1, 0x12,
    0x49, 0x03, 0x02, 0xe1, 0x12, 0x4a, 0x01, 0x02, 0xe1, 0x12, 0x4c, 0x01,
    0x02, 0xe2, 0x12, 0x4d, 0x03, 0x02, 0xe2, 0x12, 0x4e, 0x01, 0x02, 0xe2,
    0x12, 0x4f, 0x01, 0x02, 0xe2, 0x12, 0x50, 0x01, 0x02, 0xe2, 0x12, 0x52,
    0x01, 0x02, 0xe2, 0x12, 0x54, 0x01, 0x02, 0xe2, 0x12, 0x53, 0x01, 0x02,
    0xe2, 0x12, 0x57, 0x01, 0x02, 0xe4, 0x00, 0xff, 0xff, 0xff, 0xff, 0xff,
    0xff, 0xff, 0xff, 0x0a, 0x00, 0x02, 0xe2, 0x00, 0xff, 0xff, 0xff, 0xff,
    0xff, 0xff, 0xff, 0xff, 0x01, 0x02, 0xe4, 0x00, 0xff, 0xff, 0xff, 0xff,
    0xff, 0xff, 0xff, 0xff, 0x0a, 0x00, 0x01, 0x03, 0x05, 0x05, 0x09, 0x05,
    0x05, 0x05, 0x05, 0x05, 0x05, 0x05, 0x05, 0x03, 0x03, 0x00, 0x00, 0x00,
    0x0a, 0x01, 0x00, 0x00, 0x00, 0x00, 0x00, 0x00, 0x0b, 0x01, 0x00, 0x00,
    0x00, 0x00, 0x00, 0x00, 0x06, 0x0c, 0x21, 0x03, 0x01, 0x67, 0x21, 0x01,
    0x01, 0x06, 0x0d, 0x21, 0x03, 0x01, 0x06, 0x0e, 0x21, 0x03, 0x01, 0x05,
    0x02, 0xd7, 0x01, 0x02, 0xea, 0x01, 0x05, 0x39, 0x02, 0xbe, 0x31, 0x03,
    0x05, 0x05, 0x01, 0x01, 0x01, 0x01, 0x01, 0x02, 0xa6, 0x01, 0x06, 0x08,
    0x02, 0xe1, 0x06, 0x09, 0x06, 0xc1, 0x12, 0x59, 0x02, 0xe0, 0x23, 0x02,
    0xe4, 0x13, 0x02, 0xa6, 0x79, 0x1f, 0x55, 0x01, 0x35, 0x29, 0x29, 0x00,
    0xff, 0xff, 0xff, 0xff, 0xff, 0xff, 0xff, 0xff, 0x35, 0x0f, 0x01, 0x05,
    0x01, 0x09, 0x07, 0x01, 0x01, 0xbf, 0x07, 0x63, 0x75, 0x02, 0xe6, 0x12,
    0x63, 0x06, 0x01, 0x02, 0xe6, 0x12, 0x64, 0x01, 0x02, 0xe6, 0x00, 0xff,
    0xff, 0xff, 0xff, 0xff, 0xff, 0xff, 0xff, 0x0a, 0x00, 0x01, 0x05, 0x05,
    0x00, 0x00, 0x00, 0x00, 0x10, 0x01, 0x00, 0x00, 0x00, 0x00, 0x00, 0x00,
    0x11, 0x01, 0x00, 0x00, 0x00, 0x00, 0x00, 0x00, 0x06, 0x12, 0x21, 0x01,
    0x01, 0x01, 0x05, 0x0b, 0x73, 0x09, 0x03, 0x05, 0x05, 0x01, 0x01, 0x01,
    0x01, 0x01, 0x6b, 0x01, 0x06, 0x0f, 0x02, 0xe1, 0x06, 0x09, 0x06, 0xcd,
    0x12, 0x65, 0x02, 0xe6, 0x39, 0x02, 0xe6, 0x69, 0x6b, 0x3b, 0x07, 0x2d,
    0x01, 0x0d, 0x29, 0x29, 0x00, 0xff, 0xff, 0xff, 0xff, 0xff, 0xff, 0xff,
    0xff, 0x0d, 0x03, 0x01, 0x05, 0x01, 0x03, 0x03, 0x01, 0x01, 0xbf, 0x07,
    0x75, 0x02, 0xe9, 0x12, 0x78, 0x06, 0x01, 0x02, 0xe9, 0x00, 0xff, 0xff,
    0xff, 0xff, 0xff, 0xff, 0xff, 0xff, 0x0a, 0x00, 0x01, 0x05, 0x00, 0x00,
    0x10, 0x01, 0x00, 0x00, 0x00, 0x00, 0x00, 0x00, 0x11, 0x01, 0x00, 0x00,
    0x00, 0x00, 0x00, 0x00, 0x01, 0x05, 0x07, 0x57, 0x07, 0x03, 0x05, 0x05,
    0x01, 0x01, 0x01, 0x01, 0x01, 0x51, 0x01, 0x06, 0x13, 0x02, 0xe1, 0x06,
    0x09, 0x06, 0xd3, 0x12, 0x79, 0x02, 0xe9, 0x3d, 0x02, 0xe9, 0x6b, 0x51,
    0x2b, 0x05, 0x23, 0x01, 0x03, 0x29, 0x29, 0x00, 0xff, 0xff, 0xff, 0xff,
    0xff, 0xff, 0xff, 0xff, 0x03, 0x03, 0x01, 0x05, 0x01, 0x01, 0x03, 0x01,
    0x01, 0xbf, 0x09, 0xad, 0x75, 0x02, 0xee, 0x12, 0x9e, 0x06, 0x01, 0x02,
    0xee, 0x12, 0x9f, 0xc1, 0x02, 0xee, 0x00, 0xff, 0xff, 0xff, 0xff, 0xff,
    0xff, 0xff, 0xff, 0x0a, 0x00, 0x01, 0x05, 0x05, 0x10, 0x01, 0x00, 0x00,
    0x00, 0x00, 0x00, 0x00, 0x11, 0x01, 0x00, 0x00, 0x00, 0x00, 0x00, 0x00,
    0xab, 0x21, 0x01, 0x01, 0x01, 0x05, 0x0b, 0x69, 0x09, 0x03, 0x05, 0x05,
    0x01, 0x01, 0x01, 0x01, 0x01, 0x61, 0x01, 0x06, 0x14, 0x02, 0xe1, 0x06,
    0x09, 0x06, 0xdd, 0x12, 0xa0, 0x02, 0xee, 0x51, 0x02, 0xee, 0x8b, 0x61,
    0x31, 0x07, 0x2b, 0x01, 0x0b, 0x29, 0x29, 0x00, 0xff, 0xff, 0xff, 0xff,
    0xff, 0xff, 0xff, 0xff, 0x0b, 0x03, 0x01, 0x05, 0x01, 0x03, 0x03, 0x01,
    0x01, 0xc1, 0x07, 0xc1, 0x13, 0x89, 0xc3, 0x0f, 0x25, 0x02, 0xcb, 0xbf,
    0x0f, 0x47, 0x65, 0x2d, 0x25, 0x06, 0x16, 0x2b, 0x07, 0xbf, 0x13, 0x91,
    0xc3, 0x0d, 0x25, 0x02, 0xb4, 0xbf, 0x11, 0x91, 0xc3, 0x0b, 0x25, 0x02,
    0xb1, 0xbf, 0x11, 0x8d, 0xc1, 0x0d, 0x8f, 0xc3, 0x09, 0x25, 0x02, 0xe4,
    0xbf, 0x09, 0x91, 0xc3, 0x07, 0x1d, 0x02, 0x98, 0xbf, 0x0d, 0x47, 0x65,
    0x2d, 0x25, 0xe3, 0xbf, 0x0b, 0x47, 0x65, 0x2d, 0x25, 0x06, 0x17, 0xbf,
    0x07, 0x47, 0x65, 0x2d, 0x25, 0x06, 0x18, 0x2b, 0x0d, 0x63, 0x75, 0x02,
    0xf0, 0x12, 0xaa, 0x06, 0x01, 0x02, 0xf0, 0x12, 0xab, 0x01, 0x02, 0xf0,
    0x12, 0xad, 0xc1, 0x02, 0xf0, 0x12, 0xa9, 0x01, 0x02, 0xf1, 0x12, 0xaf,
    0x03, 0x02, 0xf1, 0x12, 0xb0, 0x01, 0x02, 0xf1, 0x12, 0xb3, 0x01, 0x02,
    0xf1, 0x12, 0xaf, 0x01, 0x02, 0xf1, 0x12, 0xb5, 0x01, 0x02, 0xf1, 0x12,
    0xb7, 0xc1, 0x02, 0xf1, 0x12, 0xae, 0x01, 0x02, 0xf2, 0x12, 0xbb, 0x03,
    0x02, 0xf2, 0x12, 0xbc, 0x01, 0x02, 0xf2, 0x12, 0xbe, 0xc1, 0x02, 0xf2,
    0x12, 0xba, 0x01, 0x02, 0xf3, 0x12, 0xc1, 0x03, 0x02, 0xf3, 0x12, 0xc2,
    0x01, 0x02, 0xf3, 0x12, 0xc4, 0xc1, 0x02, 0xf3, 0x12, 0xc5, 0x01, 0x02,
    0xf3, 0x12, 0xc7, 0xc1, 0x02, 0xf3, 0x12, 0xc0, 0x01, 0x02, 0xf4, 0x12,
    0xca, 0x03, 0x02, 0xf4, 0x12, 0xcb, 0x01, 0x02, 0xf4, 0x12, 0xcd, 0xc1,
    0x02, 0xf4, 0x12, 0xc9, 0x01, 0x02, 0xf5, 0x12, 0xcf, 0x03, 0x02, 0xf5,
    0x12, 0xd0, 0x01, 0x02, 0xf5, 0x12, 0xd2, 0x01, 0x02, 0xf5, 0x12, 0xd6,
    0x01, 0x02, 0xf5, 0x12, 0xd9, 0x01, 0x02, 0xf5, 0x12, 0xdb, 0x01, 0x02,
    0xf5, 0x12, 0xde, 0x01, 0x02, 0xf5, 0x12, 0xd3, 0x01, 0x02, 0xf5, 0x12,
    0xe1, 0x01, 0x02, 0xf6, 0x00, 0xff, 0xff, 0xff, 0xff, 0xff, 0xff, 0xff,
    0xff, 0x0a, 0x00, 0x01, 0x05, 0x05, 0x05, 0x05, 0x05, 0x0d, 0x05, 0x05,
    0x05, 0x05, 0x05, 0x05, 0x05, 0x05, 0x05, 0x05, 0x05, 0x05, 0x05, 0x05,
    0x05, 0x05, 0x05, 0x05, 0x05, 0x05, 0x0d, 0x05, 0x0d, 0x05, 0x0d, 0x05,
    0x05, 0x05, 0x00, 0x00, 0x00, 0x00, 0x00, 0x00, 0x10, 0x01, 0x00, 0x00,
    0x00, 0x00, 0x00, 0x00, 0x11, 0x01, 0x00, 0x00, 0x00, 0x00, 0x00, 0x00,
    0x19, 0x01, 0x00, 0x00, 0x00, 0x00, 0x00, 0x00, 0x1a, 0x01, 0x00, 0x00,
    0x00, 0x00, 0x00, 0x00, 0x1b, 0x01, 0x00, 0x00, 0x00, 0x00, 0x00, 0x00,
    0x1c, 0x01, 0x00, 0x00, 0x00, 0x00, 0x00, 0x00, 0x1d, 0x01, 0x00, 0x00,
    0x00, 0x00, 0x00, 0x00, 0xad, 0x21, 0x03, 0x01, 0x67, 0x29, 0x01, 0x01,
    0x02, 0xdd, 0x21, 0x03, 0x01, 0x02, 0xdd, 0x21, 0x03, 0x01, 0x02, 0xdc,
    0x21, 0x03, 0x01, 0x02, 0xdb, 0x21, 0x03, 0x01, 0x02, 0xdd, 0x21, 0x03,
    0x01, 0x67, 0x29, 0x01, 0x01, 0x67, 0x29, 0x01, 0x01, 0x67, 0x29, 0x01,
    0x01, 0x02, 0xd6, 0x21, 0x03, 0x01, 0x07, 0x02, 0xd1, 0x01, 0x02, 0xe7,
    0x01, 0x02, 0xed, 0x01, 0x05, 0xab, 0x06, 0xa7, 0xa5, 0x03, 0x05, 0x05,
    0x01, 0x01, 0x01, 0x01, 0x01, 0x06, 0x55, 0x01, 0x06, 0x15, 0x02, 0xe1,
    0x06, 0x09, 0x06, 0xdf, 0x12, 0xe3, 0x02, 0xef, 0x23, 0x02, 0xf6, 0x13,
    0x06, 0x55, 0x02, 0x9d, 0x47, 0xe9, 0x01, 0x79, 0x29, 0x29, 0x00, 0xff,
    0xff, 0xff, 0xff, 0xff, 0xff, 0xff, 0xff, 0x79, 0x15, 0x01, 0x0f, 0x01,
    0x17, 0x0f, 0x01, 0x01, 0x01, 0xbf, 0x09, 0xc1, 0x0b, 0x63, 0x7d, 0x15,
    0xc1, 0x07, 0xbf, 0x07, 0x89, 0x47, 0xc5, 0x07, 0x75, 0x21, 0x75, 0x02,
    0xfb, 0x00, 0xff, 0xff, 0xff, 0xff, 0xff, 0xff, 0xff, 0xff, 0x06, 0x00,
    0x02, 0xfc, 0x12, 0xfc, 0x03, 0x02, 0xfc, 0x12, 0xfd, 0x01, 0x02, 0xfc,
    0x12, 0xff, 0x01, 0x02, 0xfc, 0x12, 0xf9, 0x01, 0x02, 0xfc, 0x12, 0xf8,
    0x01, 0x02, 0xfc, 0x12, 0xfb, 0xc1, 0x02, 0xfc, 0x12, 0xf7, 0x01, 0x02,
    0xfd, 0x00, 0xff, 0xff, 0xff, 0xff, 0xff, 0xff, 0xff, 0xff, 0x0a, 0x00,
    0x02, 0xfc, 0x00, 0xff, 0xff, 0xff, 0xff, 0xff, 0xff, 0xff, 0xff, 0x01,
    0x02, 0xfd, 0x00, 0xff, 0xff, 0xff, 0xff, 0xff, 0xff, 0xff, 0xff, 0x0a,
    0x00, 0x01, 0x03, 0x05, 0x05, 0x09, 0x05, 0x05, 0x05, 0x07, 0x03, 0x03,
    0x00, 0x00, 0x00, 0x00, 0x0a, 0x01, 0x00, 0x00, 0x00, 0x00, 0x00, 0x00,
    0x0b, 0x01, 0x00, 0x00, 0x00, 0x00, 0x00, 0x00, 0x06, 0x0c, 0x21, 0x03,
    0x01, 0xad, 0x21, 0x03, 0x01, 0x05, 0x02, 0xd7, 0x01, 0x02, 0xf1, 0x29,
    0x05, 0x2b, 0x02, 0x98, 0x27, 0x03, 0x05, 0x05, 0x01, 0x01, 0x01, 0x01,
    0x01, 0x02, 0x85, 0x01, 0x06, 0x1e, 0x02, 0xf0, 0x06, 0x1f, 0x06, 0xf7,
    0x16, 0x01, 0x02, 0xfb, 0x23, 0x02, 0xfd, 0x13, 0x02, 0x85, 0x5f, 0x17,
    0x41, 0x01, 0x21, 0x2b, 0x2b, 0x00, 0xff, 0xff, 0xff, 0xff, 0xff, 0xff,
    0xff, 0xff, 0x21, 0x0f, 0x01, 0x05, 0x01, 0x05, 0x05, 0x01, 0x01, 0xbf,
    0x09, 0xc1, 0x0f, 0x63, 0x75, 0x06, 0x03, 0x16, 0x1c, 0x06, 0x01, 0x06,
    0x03, 0x16, 0x1d, 0x01, 0x06, 0x03, 0x16, 0x1f, 0x01, 0x06, 0x03, 0x00,
    0xff, 0xff, 0xff, 0xff, 0xff, 0xff, 0xff, 0xff, 0x0a, 0x00, 0x01, 0x05,
    0x05, 0x05, 0x00, 0x00, 0x00, 0x00, 0x00, 0x00, 0x22, 0x01, 0x00, 0x00,
    0x00, 0x00, 0x00, 0x00, 0x23, 0x01, 0x00, 0x00, 0x00, 0x00, 0x00, 0x00,
    0x06, 0x0c, 0x21, 0x03, 0x01, 0x03, 0x02, 0xd7, 0x01, 0x05, 0x0f, 0x8d,
    0x0d, 0x03, 0x05, 0x05, 0x01, 0x01, 0x01, 0x01, 0x01, 0x81, 0x01, 0x06,
    0x20, 0x02, 0xf3, 0x06, 0x21, 0x0a, 0x07, 0x16, 0x20, 0x06, 0x03, 0x43,
    0x06, 0x03, 0x8b, 0x81, 0x47, 0x09, 0x33, 0x01, 0x13, 0x2d, 0x2d, 0x00,
    0xff, 0xff, 0xff, 0xff, 0xff, 0xff, 0xff, 0xff, 0x13, 0x09, 0x01, 0x05,
    0x01, 0x03, 0x05, 0x01, 0x01, 0xbf, 0x07, 0xc7, 0x95, 0x75, 0x06, 0x04,
    0x16, 0x29, 0x06, 0x01, 0x06, 0x04, 0x16, 0x2a, 0x01, 0x06, 0x04, 0x16,
    0x2c, 0xc1, 0x06, 0x04, 0x00, 0xff, 0xff, 0xff, 0xff, 0xff, 0xff, 0xff,
    0xff, 0x0a, 0x00, 0x01, 0x05, 0x03, 0x07, 0x00, 0x23, 0x01, 0x00, 0x00,
    0x00, 0x00, 0x00, 0x00, 0x25, 0x01, 0x00, 0x00, 0x00, 0x00, 0x00, 0x00,
    0x02, 0xde, 0x21, 0x03, 0x01, 0x02, 0xdf, 0x21, 0x03, 0x01, 0x01, 0x05,
    0x0f, 0x85, 0x0b, 0x03, 0x05, 0x05, 0x01, 0x01, 0x01, 0x01, 0x01, 0x7b,
    0x01, 0x06, 0x24, 0x02, 0xf3, 0x06, 0x21, 0x0a, 0x09, 0x16, 0x2d, 0x06,
    0x04, 0x2f, 0x06, 0x04, 0x61, 0x7b, 0x41, 0x09, 0x37, 0x01, 0x17, 0x2d,
    0x2d, 0x00, 0xff, 0xff, 0xff, 0xff, 0xff, 0xff, 0xff, 0xff, 0x17, 0x03,
    0x01, 0x05, 0x01, 0x05, 0x05, 0x01, 0x01, 0xbf, 0x07, 0x63, 0xc1, 0x0f,
    0x63, 0x75, 0x06, 0x05, 0x16, 0x34, 0x06, 0x01, 0x06, 0x05, 0x16, 0x35,
    0x01, 0x06, 0x05, 0x16, 0x36, 0x01, 0x06, 0x05, 0x16, 0x38, 0x01, 0x06,
    0x05, 0x00, 0xff, 0xff, 0xff, 0xff, 0xff, 0xff, 0xff, 0xff, 0x0a, 0x00,
    0x01, 0x05, 0x05, 0x05, 0x05, 0x00, 0x00, 0x00, 0x00, 0x00, 0x00, 0x00,
    0x22, 0x01, 0x00, 0x00, 0x00, 0x00, 0x00, 0x00, 0x67, 0x21, 0x01, 0x01,
    0x06, 0x0d, 0x21, 0x03, 0x01, 0x03, 0x02, 0xd7, 0x01, 0x05, 0x13, 0x95,
    0x0f, 0x02, 0x81, 0x03, 0x03, 0x01, 0x01, 0x01, 0x01, 0x01, 0x87, 0x01,
    0x06, 0x26, 0x02, 0xf3, 0x06, 0x21, 0x0a, 0x0b, 0x16, 0x39, 0x06, 0x05,
    0x3f, 0x06, 0x05, 0x8f, 0x87, 0x43, 0x0b, 0x2b, 0x01, 0x1b, 0x2d, 0x2d,
    0x00, 0xff, 0xff, 0xff, 0xff, 0xff, 0xff, 0xff, 0xff, 0x1b, 0x09, 0x01,
    0x03, 0x01, 0x05, 0x05, 0x01, 0x01, 0xbf, 0x0b, 0x3b, 0x05, 0x01, 0xc3,
    0x09, 0xc3, 0x07, 0x01, 0xbf, 0x07, 0x75, 0x06, 0x0d, 0x16, 0x52, 0x01,
    0x06, 0x0d, 0x16, 0x51, 0x01, 0x06, 0x0d, 0x16, 0x4d, 0x01, 0x06, 0x0d,
    0x16, 0x4f, 0x01, 0x06, 0x0d, 0x00, 0xff, 0xff, 0xff, 0xff, 0xff, 0xff,
    0xff, 0xff, 0x06, 0x00, 0x06, 0x0d, 0x16, 0x55, 0x03, 0x06, 0x0d, 0x00,
    0xff, 0xff, 0xff, 0xff, 0xff, 0xff, 0xff, 0xff, 0x0a, 0x00, 0x01, 0x05,
    0x07, 0x05, 0x05, 0x03, 0x05, 0x00, 0x00, 0x00, 0x00, 0x00, 0x00, 0x00,
    0x00, 0x00, 0x00, 0x00, 0x23, 0x01, 0x00, 0x00, 0x00, 0x00, 0x00, 0x00,
    0x28, 0x01, 0x00, 0x00, 0x00, 0x00, 0x00, 0x00, 0x01, 0x05, 0x1b, 0xc7,
    0x1b, 0x02, 0x81, 0x03, 0x03, 0x01, 0x01, 0x01, 0x01, 0x01, 0xad, 0x01,
    0x06, 0x27, 0x02, 0xf3, 0x06, 0x21, 0x0a, 0x1b, 0x16, 0x56, 0x06, 0x0d,
    0x31, 0x06, 0x0d, 0x7d, 0xad, 0x47, 0x0f, 0x33, 0x01, 0x03, 0x2d, 0x2d,
    0x00, 0xff, 0xff, 0xff, 0xff, 0xff, 0xff, 0xff, 0xff, 0x03, 0x03, 0x01,
    0x07, 0x01, 0x01, 0x05, 0x01, 0x01, 0xbf, 0x0b, 0x3b, 0x05, 0x01, 0xc3,
    0x09, 0xc3, 0x07, 0x01, 0xbf, 0x09, 0xad, 0x75, 0x06, 0x0e, 0x16, 0x61,
    0x01, 0x06, 0x0e, 0x16, 0x60, 0x01, 0x06, 0x0e, 0x16, 0x5c, 0x01, 0x06,
    0x0e, 0x16, 0x5e, 0x01, 0x06, 0x0e, 0x00, 0xff, 0xff, 0xff, 0xff, 0xff,
    0xff, 0xff, 0xff, 0x06, 0x00, 0x06, 0x0e, 0x16, 0x64, 0x03, 0x06, 0x0e,
    0x16, 0x65, 0xc1, 0x06, 0x0e, 0x00, 0xff, 0xff, 0xff, 0xff, 0xff, 0xff,
    0xff, 0xff, 0x0a, 0x00, 0x01, 0x05, 0x07, 0x05, 0x05, 0x03, 0x05, 0x05,
    0x00, 0x00, 0x00, 0x00, 0x00, 0x00, 0x00, 0x00, 0x10, 0x01, 0x00, 0x00,
    0x00, 0x00, 0x00, 0x00, 0x23, 0x01, 0x00, 0x00, 0x00, 0x00, 0x00, 0x00,
    0xab, 0x21, 0x01, 0x01, 0x01, 0x05, 0x1f, 0xd7, 0x1d, 0x02, 0x81, 0x03,
    0x03, 0x01, 0x01, 0x01, 0x01, 0x01, 0xbb, 0x01, 0x06, 0x29, 0x02, 0xf3,
    0x06, 0x21, 0x0a, 0x1d, 0x16, 0x66, 0x06, 0x0e, 0x59, 0x06, 0x0e, 0x8f,
    0xbb, 0x4b, 0x11, 0x3b, 0x01, 0x0b, 0x2d, 0x2d, 0x00, 0xff, 0xff, 0xff,
    0xff, 0xff, 0xff, 0xff, 0xff, 0x0b, 0x03, 0x01, 0x07, 0x01, 0x03, 0x05,
    0x01, 0x01, 0xbf, 0x0b, 0x3b, 0x05, 0x01, 0xc3, 0x09, 0xc3, 0x07, 0x01,
    0xbf, 0x07, 0x75, 0x06, 0x0f, 0x16, 0x73, 0x01, 0x06, 0x0f, 0x16, 0x72,
    0x01, 0x06, 0x0f, 0x16, 0x6e, 0x01, 0x06, 0x0f, 0x16, 0x70, 0x01, 0x06,
    0x0f, 0x00, 0xff, 0xff, 0xff, 0xff, 0xff, 0xff, 0xff, 0xff, 0x06, 0x00,
    0x06, 0x0f, 0x16, 0x76, 0x03, 0x06, 0x0f, 0x00, 0xff, 0xff, 0xff, 0xff,
    0xff, 0xff, 0xff, 0xff, 0x0a, 0x00, 0x01, 0x05, 0x07, 0x05, 0x05, 0x03,
    0x05, 0x00, 0x00, 0x00, 0x00, 0x00, 0x00, 0x00, 0x00, 0x00, 0x00, 0x00,
    0x23, 0x01, 0x00, 0x00, 0x00, 0x00, 0x00, 0x00, 0x28, 0x01, 0x00, 0x00,
    0x00, 0x00, 0x00, 0x00, 0x01, 0x05, 0x1b, 0xc7, 0x1b, 0x02, 0x81, 0x03,
    0x03, 0x01, 0x01, 0x01, 0x01, 0x01, 0xad, 0x01, 0x06, 0x2a, 0x02, 0xf3,
    0x06, 0x21, 0x0a, 0x1f, 0x16, 0x77, 0x06, 0x0f, 0x37, 0x06, 0x0f, 0x83,
    0xad, 0x47, 0x0f, 0x33, 0x01, 0x03, 0x2d, 0x2d, 0x00, 0xff, 0xff, 0xff,
    0xff, 0xff, 0xff, 0xff, 0xff, 0x03, 0x03, 0x01, 0x07, 0x01, 0x01, 0x05,
    0x01, 0x01, 0xbf, 0x0d, 0x3b, 0x05, 0x01, 0xc3, 0x0b, 0xc3, 0x09, 0x01,
    0xbf, 0x09, 0xc1, 0x07, 0x63, 0x25, 0x06, 0x2c, 0x8d, 0xc3, 0x07, 0x1d,
    0x02, 0x98, 0x25, 0x06, 0x2d, 0xc1, 0x09, 0xbf, 0x0b, 0xbf, 0x09, 0xbf,
    0x07, 0x63, 0x75, 0x06, 0x11, 0x16, 0x81, 0x01, 0x06, 0x11, 0x16, 0x80,
    0x01, 0x06, 0x11, 0x16, 0x7c, 0x01, 0x06, 0x11, 0x16, 0x7e, 0x01, 0x06,
    0x11, 0x00, 0xff, 0xff, 0xff, 0xff, 0xff, 0xff, 0xff, 0xff, 0x06, 0x00,
    0x06, 0x12, 0x16, 0x85, 0x03, 0x06, 0x12, 0x16, 0x86, 0x01, 0x06, 0x12,
    0x16, 0x88, 0x01, 0x06, 0x12, 0x16, 0x89, 0x01, 0x06, 0x12, 0x16, 0x8b,
    0xc1, 0x06, 0x12, 0x16, 0x84, 0x01, 0x06, 0x13, 0x16, 0x8c, 0x03, 0x06,
    0x13, 0x16, 0x8d, 0x01, 0x06, 0x13, 0x16, 0x8f, 0x01, 0x06, 0x13, 0x16,
    0x91, 0x01, 0x06, 0x13, 0x16, 0x93, 0x01, 0x06, 0x13, 0x16, 0x95, 0x01,
    0x06, 0x13, 0x16, 0x97, 0x01, 0x06, 0x14, 0x00, 0xff, 0xff, 0xff, 0xff,
    0xff, 0xff, 0xff, 0xff, 0x0a, 0x00, 0x01, 0x05, 0x07, 0x05, 0x05, 0x03,
    0x05, 0x05, 0x05, 0x05, 0x05, 0x05, 0x05, 0x05, 0x05, 0x05, 0x05, 0x05,
    0x05, 0x00, 0x00, 0x00, 0x00, 0x00, 0x00, 0x00, 0x00, 0x00, 0x00, 0x00,
    0x00, 0x00, 0x00, 0x00, 0x10, 0x01, 0x00, 0x00, 0x00, 0x00, 0x00, 0x00,
    0x25, 0x01, 0x00, 0x00, 0x00, 0x00, 0x00, 0x00, 0x2e, 0x01, 0x00, 0x00,
    0x00, 0x00, 0x00, 0x00, 0x06, 0x2f, 0x21, 0x03, 0x01, 0x02, 0xdc, 0x21,
    0x03, 0x01, 0x06, 0x30, 0x21, 0x0b, 0x01, 0x05, 0x02, 0xf1, 0x01, 0x02,
    0xf6, 0x01, 0x05, 0x4b, 0x02, 0xe4, 0x4b, 0x02, 0x81, 0x03, 0x03, 0x01,
    0x01, 0x01, 0x01, 0x01, 0x02, 0xbf, 0x01, 0x06, 0x2b, 0x02, 0xf3, 0x06,
    0x21, 0x0a, 0x23, 0x16, 0x9a, 0x06, 0x11, 0x39, 0x06, 0x14, 0x13, 0x02,
    0xbf, 0xa1, 0x27, 0x6d, 0x01, 0x2d, 0x2d, 0x2d, 0x00, 0xff, 0xff, 0xff,
    0xff, 0xff, 0xff, 0xff, 0xff, 0x2d, 0x0f, 0x01, 0x09, 0x01, 0x07, 0x0d,
    0x01, 0x01, 0xc1, 0x09, 0xbf, 0x07, 0x63, 0x63, 0x75, 0xc7, 0x06, 0xa1,
    0x06, 0x01, 0xc7, 0x06, 0xa2, 0x01, 0xc7, 0x06, 0xa3, 0x01, 0xc7, 0x06,
    0xa5, 0x01, 0xc7, 0x00, 0xff, 0xff, 0xff, 0xff, 0xff, 0xff, 0xff, 0xff,
    0x0a, 0x00, 0x01, 0x05, 0x05, 0x05, 0x05, 0x00, 0x00, 0x00, 0x00, 0x00,
    0x33, 0x01, 0x00, 0x00, 0x00, 0x00, 0x00, 0x00, 0x79, 0x21, 0x01, 0x01,
    0x06, 0x34, 0x21, 0x03, 0x01, 0x03, 0x79, 0x01, 0x05, 0x13, 0x85, 0x0f,
    0x02, 0x81, 0x03, 0x03, 0x01, 0x01, 0x01, 0x01, 0x01, 0x77, 0x01, 0x06,
    0x31, 0x73, 0x06, 0x32, 0x02, 0xc7, 0x06, 0xa6, 0xc7, 0x4d, 0xc7, 0x77,
    0x77, 0x3d, 0x0b, 0x29, 0x01, 0x19, 0x31, 0x09, 0x00, 0xff, 0xff, 0xff,
    0xff, 0xff, 0xff, 0xff, 0xff, 0x19, 0x07, 0x01, 0x03, 0x01, 0x05, 0x05,
    0x01, 0x01, 0x00, 0x00, 0x61, 0x00, 0x00, 0x00, 0x9d, 0x01, 0x00, 0x00,
    0x81, 0x04, 0x00, 0x00, 0xf9, 0x04, 0x00, 0x00, 0xb5, 0x07, 0x00, 0x00,
    0x05, 0x09, 0x00, 0x00, 0x71, 0x09, 0x00, 0x00, 0xd9, 0x09, 0x00, 0x00,
    0x49, 0x0a, 0x00, 0x00, 0xa9, 0x0a, 0x00, 0x00, 0x11, 0x0b, 0x00, 0x00,
    0x75, 0x0b, 0x00, 0x00, 0xfd, 0x0b, 0x00, 0x00, 0xa7, 0x0c, 0x00, 0x00,
    0xb1, 0x0e, 0x00, 0x00, 0x21, 0x0f, 0x00, 0x00, 0x95, 0x0f, 0x00, 0x00,
    0x1f, 0x11, 0x00, 0x00, 0xdd, 0x12, 0x00, 0x00, 0x70, 0x1c, 0x00, 0x00,
    0x03, 0x1f, 0x00, 0x00, 0xfd, 0x1f, 0x00, 0x00, 0x17, 0x22, 0x00, 0x00,
    0xe5, 0x23, 0x00, 0x00, 0x5b, 0x25, 0x00, 0x00, 0x52, 0x26, 0x00, 0x00,
    0xc6, 0x26, 0x00, 0x00, 0x29, 0x27, 0x00, 0x00, 0x95, 0x27, 0x00, 0x00,
    0x74, 0x29, 0x00, 0x00, 0x48, 0x2a, 0x00, 0x00, 0xc9, 0x2a, 0x00, 0x00,
    0x43, 0x2b, 0x00, 0x00, 0xc5, 0x2b, 0x00, 0x00, 0x61, 0x2c, 0x00, 0x00,
    0x05, 0x2d, 0x00, 0x00, 0xa1, 0x2d, 0x00, 0x00, 0xbe, 0x2e, 0x00, 0x00,
    0x3c, 0x2f, 0x00, 0x00, 0xf1, 0x11, 0x00, 0x00, 0x47, 0x05, 0x05, 0x01,
    0x45, 0x05, 0x1f, 0x3c, 0x69, 0x6e, 0x74, 0x65, 0x72, 0x6e, 0x61, 0x6c,
    0x3a, 0x79, 0x6a, 0x69, 0x74, 0x3e, 0x00, 0x00, 0xf2, 0x29, 0x00, 0x00,
    0x14, 0x05, 0x0d, 0x52, 0x75, 0x62, 0x79, 0x56, 0x4d, 0x00, 0x00, 0x00,
    0x14, 0x05, 0x09, 0x59, 0x4a, 0x49, 0x54, 0x00, 0x47, 0x05, 0x05, 0x01,
    0x45, 0x01, 0x1b, 0x3c, 0x6d, 0x6f, 0x64, 0x75, 0x6c, 0x65, 0x3a, 0x59,
    0x4a, 0x49, 0x54, 0x3e, 0x14, 0x05, 0x0d, 0x44, 0x69, 0x73, 0x61, 0x73,
    0x6d, 0x00, 0x00, 0x00, 0x14, 0x05, 0x0d, 0x64, 0x69, 0x73, 0x61, 0x73,
    0x6d, 0x00, 0x00, 0x00, 0x14, 0x05, 0x19, 0x63, 0x6f, 0x6d, 0x6d, 0x65,
    0x6e, 0x74, 0x73, 0x5f, 0x66, 0x6f, 0x72, 0x00, 0x14, 0x05, 0x19, 0x67,
    0x72, 0x61, 0x70, 0x68, 0x76, 0x69, 0x7a, 0x5f, 0x66, 0x6f, 0x72, 0x00,
    0x14, 0x05, 0x19, 0x64, 0x69, 0x73, 0x61, 0x73, 0x6d, 0x5f, 0x62, 0x6c,
    0x6f, 0x63, 0x6b, 0x00, 0x14, 0x05, 0x1b, 0x72, 0x75, 0x6e, 0x74, 0x69,
    0x6d, 0x65, 0x5f, 0x73, 0x74, 0x61, 0x74, 0x73, 0x14, 0x05, 0x19, 0x72,
    0x65, 0x73, 0x65, 0x74, 0x5f, 0x73, 0x74, 0x61, 0x74, 0x73, 0x21, 0x00,
    0x14, 0x05, 0x1d, 0x73, 0x74, 0x61, 0x74, 0x73, 0x5f, 0x65, 0x6e, 0x61,
    0x62, 0x6c, 0x65, 0x64, 0x3f, 0x00, 0x00, 0x00, 0x14, 0x05, 0x11, 0x65,
    0x6e, 0x61, 0x62, 0x6c, 0x65, 0x64, 0x3f, 0x00, 0x14, 0x05, 0x1b, 0x73,
    0x69, 0x6d, 0x75, 0x6c, 0x61, 0x74, 0x65, 0x5f, 0x6f, 0x6f, 0x6d, 0x21,
    0x14, 0x05, 0x1d, 0x73, 0x69, 0x6e, 0x67, 0x6c, 0x65, 0x74, 0x6f, 0x6e,
    0x63, 0x6c, 0x61, 0x73, 0x73, 0x00, 0x00, 0x00, 0x14, 0x05, 0x0f, 0x61,
    0x74, 0x5f, 0x65, 0x78, 0x69, 0x74, 0x00, 0x00, 0x47, 0x05, 0x05, 0x01,
    0x45, 0x05, 0x0d, 0x64, 0x69, 0x73, 0x61, 0x73, 0x6d, 0x00, 0x00, 0x00,
    0x14, 0x05, 0x0f, 0x24, 0x73, 0x74, 0x64, 0x6f, 0x75, 0x74, 0x00, 0x00,
    0xf3, 0x01, 0x00, 0x00, 0x14, 0x05, 0x27, 0x49, 0x6e, 0x73, 0x74, 0x72,
    0x75, 0x63, 0x74, 0x69, 0x6f, 0x6e, 0x53, 0x65, 0x71, 0x75, 0x65, 0x6e,
    0x63, 0x65, 0x00, 0x00, 0x14, 0x05, 0x0d, 0x53, 0x74, 0x72, 0x69, 0x6e,
    0x67, 0x00, 0x00, 0x00, 0x45, 0x03, 0x03, 0x0a, 0x14, 0x05, 0x0f, 0x61,
    0x64, 0x64, 0x72, 0x65, 0x73, 0x73, 0x00, 0x00, 0x45, 0x03, 0x23, 0x54,
    0x6f, 0x74, 0x61, 0x6c, 0x20, 0x63, 0x6f, 0x64, 0x65, 0x20, 0x73, 0x69,
    0x7a, 0x65, 0x3a, 0x20, 0x45, 0x03, 0x0d, 0x20, 0x62, 0x79, 0x74, 0x65,
    0x73, 0x00, 0x00, 0x00, 0x14, 0x05, 0x07, 0x74, 0x74, 0x79, 0x00, 0x00,
    0xf6, 0x69, 0x00, 0x00, 0x14, 0x05, 0x09, 0x69, 0x73, 0x65, 0x71, 0x00,
    0x14, 0x05, 0x0d, 0x62, 0x6c, 0x6f, 0x63, 0x6b, 0x73, 0x00, 0x00, 0x00,
    0x14, 0x05, 0x07, 0x73, 0x74, 0x72, 0x00, 0x00, 0x14, 0x05, 0x1b, 0x73,
    0x6f, 0x72, 0x74, 0x65, 0x64, 0x5f, 0x62, 0x6c, 0x6f, 0x63, 0x6b, 0x73,
    0x14, 0x05, 0x13, 0x68, 0x69, 0x67, 0x68, 0x6c, 0x69, 0x67, 0x68, 0x74,
    0x14, 0x05, 0x05, 0x63, 0x73, 0x00, 0x00, 0x00, 0x14, 0x05, 0x17, 0x62,
    0x6c, 0x6f, 0x63, 0x6b, 0x5f, 0x73, 0x69, 0x7a, 0x65, 0x73, 0x00, 0x00,
    0x14, 0x05, 0x17, 0x74, 0x6f, 0x74, 0x61, 0x6c, 0x5f, 0x62, 0x79, 0x74,
    0x65, 0x73, 0x00, 0x00, 0x14, 0x05, 0x09, 0x74, 0x74, 0x79, 0x3f, 0x00,
    0x14, 0x05, 0x05, 0x6f, 0x66, 0x00, 0x00, 0x00, 0x14, 0x05, 0x15, 0x62,
    0x6c, 0x6f, 0x63, 0x6b, 0x73, 0x5f, 0x66, 0x6f, 0x72, 0x00, 0x00, 0x00,
    0x14, 0x05, 0x0d, 0x65, 0x6d, 0x70, 0x74, 0x79, 0x3f, 0x00, 0x00, 0x00,
    0x14, 0x05, 0x07, 0x6e, 0x65, 0x77, 0x00, 0x00, 0x14, 0x05, 0x05, 0x3c,
    0x3c, 0x00, 0x00, 0x00, 0x14, 0x05, 0x0f, 0x73, 0x6f, 0x72, 0x74, 0x5f,
    0x62, 0x79, 0x00, 0x00, 0x14, 0x05, 0x0d, 0x6c, 0x61, 0x6d, 0x62, 0x64,
    0x61, 0x00, 0x00, 0x00, 0x14, 0x05, 0x1f, 0x65, 0x61, 0x63, 0x68, 0x5f,
    0x77, 0x69, 0x74, 0x68, 0x5f, 0x69, 0x6e, 0x64, 0x65, 0x78, 0x00, 0x00,
    0x14, 0x05, 0x07, 0x6d, 0x61, 0x70, 0x00, 0x00, 0x14, 0x05, 0x07, 0x73,
    0x75, 0x6d, 0x00, 0x00, 0x14, 0x05, 0x09, 0x74, 0x6f, 0x5f, 0x73, 0x00,
    0x47, 0x05, 0x05, 0x01, 0x45, 0x05, 0x19, 0x63, 0x6f, 0x6d, 0x6d, 0x65,
    0x6e, 0x74, 0x73, 0x5f, 0x66, 0x6f, 0x72, 0x00, 0x14, 0x05, 0x1b, 0x73,
    0x74, 0x61, 0x72, 0x74, 0x5f, 0x61, 0x64, 0x64, 0x72, 0x65, 0x73, 0x73,
    0x14, 0x05, 0x17, 0x65, 0x6e, 0x64, 0x5f, 0x61, 0x64, 0x64, 0x72, 0x65,
    0x73, 0x73, 0x00, 0x00, 0x47, 0x05, 0x05, 0x01, 0x45, 0x05, 0x19, 0x67,
    0x72, 0x61, 0x70, 0x68, 0x76, 0x69, 0x7a, 0x5f, 0x66, 0x6f, 0x72, 0x00,
    0x45, 0x03, 0x27, 0x3c, 0x62, 0x72, 0x20, 0x61, 0x6c, 0x69, 0x67, 0x6e,
    0x3d, 0x22, 0x6c, 0x65, 0x66, 0x74, 0x22, 0x2f, 0x3e, 0x0a, 0x00, 0x00,
    0x45, 0x03, 0x01, 0x00, 0x14, 0x05, 0x05, 0x69, 0x64, 0x00, 0x00, 0x00,
    0x45, 0x03, 0x19, 0x64, 0x69, 0x67, 0x72, 0x61, 0x70, 0x68, 0x20, 0x67,
    0x20, 0x7b, 0x0a, 0x00, 0x45, 0x03, 0x99, 0x20, 0x20, 0x6c, 0x65, 0x67,
    0x65, 0x6e, 0x64, 0x20, 0x5b, 0x73, 0x68, 0x61, 0x70, 0x65, 0x3d, 0x72,
    0x65, 0x63, 0x6f, 0x72, 0x64, 0x20, 0x66, 0x6f, 0x6e, 0x74, 0x73, 0x69,
    0x7a, 0x65, 0x3d, 0x22, 0x33, 0x30, 0x22, 0x20, 0x66, 0x69, 0x6c, 0x6c,
    0x63, 0x6f, 0x6c, 0x6f, 0x72, 0x3d, 0x22, 0x6c, 0x69, 0x67, 0x68, 0x74,
    0x67, 0x72, 0x65, 0x79, 0x22, 0x20, 0x73, 0x74, 0x79, 0x6c, 0x65, 0x3d,
    0x22, 0x66, 0x69, 0x6c, 0x6c, 0x65, 0x64, 0x22, 0x5d, 0x3b, 0x0a, 0x00,
    0x45, 0x03, 0x67, 0x20, 0x20, 0x6c, 0x65, 0x67, 0x65, 0x6e, 0x64, 0x20,
    0x5b, 0x6c, 0x61, 0x62, 0x65, 0x6c, 0x3d, 0x22, 0x7b, 0x20, 0x49, 0x6e,
    0x73, 0x74, 0x72, 0x75, 0x63, 0x74, 0x69, 0x6f, 0x6e, 0x20, 0x44, 0x69,
    0x73, 0x61, 0x73, 0x73, 0x65, 0x6d, 0x62, 0x6c, 0x79, 0x20, 0x46, 0x6f,
    0x72, 0x3a, 0x20, 0x7c, 0x20, 0x7b, 0x00, 0x00, 0x45, 0x03, 0x03, 0x40,
    0x45, 0x03, 0x03, 0x3a, 0x45, 0x03, 0x0d, 0x7d, 0x7d, 0x22, 0x5d, 0x3b,
    0x0a, 0x00, 0x00, 0x00, 0x45, 0x03, 0x29, 0x20, 0x20, 0x73, 0x75, 0x62,
    0x67, 0x72, 0x61, 0x70, 0x68, 0x20, 0x64, 0x69, 0x73, 0x61, 0x73, 0x6d,
    0x20, 0x7b, 0x0a, 0x00, 0x45, 0x03, 0x55, 0x20, 0x20, 0x6e, 0x6f, 0x64,
    0x65, 0x20, 0x5b, 0x73, 0x68, 0x61, 0x70, 0x65, 0x3d, 0x72, 0x65, 0x63,
    0x6f, 0x72, 0x64, 0x20, 0x66, 0x6f, 0x6e, 0x74, 0x6e, 0x61, 0x6d, 0x65,
    0x3d, 0x22, 0x63, 0x6f, 0x75, 0x72, 0x69, 0x65, 0x72, 0x22, 0x5d, 0x3b,
    0x0a, 0x00, 0x00, 0x00, 0x45, 0x03, 0x51, 0x20, 0x20, 0x65, 0x64, 0x67,
    0x65, 0x20, 0x5b, 0x66, 0x6f, 0x6e, 0x74, 0x6e, 0x61, 0x6d, 0x65, 0x3d,
    0x22, 0x63, 0x6f, 0x75, 0x72, 0x69, 0x65, 0x72, 0x22, 0x20, 0x70, 0x65,
    0x6e, 0x77, 0x69, 0x64, 0x74, 0x68, 0x3d, 0x33, 0x5d, 0x3b, 0x0a, 0x00,
    0x45, 0x03, 0x07, 0x20, 0x20, 0x7d, 0x00, 0x00, 0x45, 0x03, 0x03, 0x7d,
    0x14, 0x05, 0x13, 0x6c, 0x69, 0x6e, 0x65, 0x62, 0x72, 0x65, 0x61, 0x6b,
    0x14, 0x05, 0x09, 0x62, 0x75, 0x66, 0x66, 0x00, 0x14, 0x05, 0x05, 0x2b,
    0x40, 0x00, 0x00, 0x00, 0x14, 0x05, 0x15, 0x62, 0x61, 0x73, 0x65, 0x5f,
    0x6c, 0x61, 0x62, 0x65, 0x6c, 0x00, 0x00, 0x00, 0x14, 0x05, 0x1b, 0x61,
    0x62, 0x73, 0x6f, 0x6c, 0x75, 0x74, 0x65, 0x5f, 0x70, 0x61, 0x74, 0x68,
    0x14, 0x05, 0x19, 0x66, 0x69, 0x72, 0x73, 0x74, 0x5f, 0x6c, 0x69, 0x6e,
    0x65, 0x6e, 0x6f, 0x00, 0x14, 0x05, 0x09, 0x65, 0x61, 0x63, 0x68, 0x00,
    0x47, 0x05, 0x05, 0x01, 0x45, 0x05, 0x19, 0x64, 0x69, 0x73, 0x61, 0x73,
    0x6d, 0x5f, 0x62, 0x6c, 0x6f, 0x63, 0x6b, 0x00, 0x14, 0x05, 0x0b, 0x62,
    0x6c, 0x6f, 0x63, 0x6b, 0x14, 0x05, 0x11, 0x63, 0x6f, 0x6d, 0x6d, 0x65,
    0x6e, 0x74, 0x73, 0x00, 0x14, 0x05, 0x17, 0x63, 0x6f, 0x6d, 0x6d, 0x65,
    0x6e, 0x74, 0x5f, 0x69, 0x64, 0x78, 0x00, 0x00, 0x14, 0x05, 0x09, 0x63,
    0x6f, 0x64, 0x65, 0x00, 0x14, 0x05, 0x0d, 0x6c, 0x65, 0x6e, 0x67, 0x74,
    0x68, 0x00, 0x00, 0x00, 0x14, 0x05, 0x03, 0x2b, 0x47, 0x05, 0x05, 0x01,
    0x45, 0x05, 0x1b, 0x72, 0x75, 0x6e, 0x74, 0x69, 0x6d, 0x65, 0x5f, 0x73,
    0x74, 0x61, 0x74, 0x73, 0x47, 0x05, 0x05, 0x01, 0x45, 0x05, 0x19, 0x72,
    0x65, 0x73, 0x65, 0x74, 0x5f, 0x73, 0x74, 0x61, 0x74, 0x73, 0x21, 0x00,
    0x47, 0x05, 0x05, 0x01, 0x45, 0x05, 0x1d, 0x73, 0x74, 0x61, 0x74, 0x73,
    0x5f, 0x65, 0x6e, 0x61, 0x62, 0x6c, 0x65, 0x64, 0x3f, 0x00, 0x00, 0x00,
    0x47, 0x05, 0x05, 0x01, 0x45, 0x05, 0x11, 0x65, 0x6e, 0x61, 0x62, 0x6c,
    0x65, 0x64, 0x3f, 0x00, 0x47, 0x05, 0x05, 0x01, 0x45, 0x05, 0x1b, 0x73,
    0x69, 0x6d, 0x75, 0x6c, 0x61, 0x74, 0x65, 0x5f, 0x6f, 0x6f, 0x6d, 0x21,
    0x47, 0x05, 0x05, 0x01, 0x45, 0x01, 0x2d, 0x62, 0x6c, 0x6f, 0x63, 0x6b,
    0x20, 0x69, 0x6e, 0x20, 0x3c, 0x6d, 0x6f, 0x64, 0x75, 0x6c, 0x65, 0x3a,
    0x59, 0x4a, 0x49, 0x54, 0x3e, 0x00, 0x00, 0x00, 0x14, 0x05, 0x19, 0x5f,
    0x70, 0x72, 0x69, 0x6e, 0x74, 0x5f, 0x73, 0x74, 0x61, 0x74, 0x73, 0x00,
    0x47, 0x05, 0x05, 0x01, 0x45, 0x05, 0x1f, 0x73, 0x69, 0x6e, 0x67, 0x6c,
    0x65, 0x74, 0x6f, 0x6e, 0x20, 0x63, 0x6c, 0x61, 0x73, 0x73, 0x00, 0x00,
    0x14, 0x05, 0x31, 0x70, 0x72, 0x69, 0x6e, 0x74, 0x5f, 0x73, 0x6f, 0x72,
    0x74, 0x65, 0x64, 0x5f, 0x65, 0x78, 0x69, 0x74, 0x5f, 0x63, 0x6f, 0x75,
    0x6e, 0x74, 0x73, 0x00, 0x14, 0x05, 0x21, 0x74, 0x6f, 0x74, 0x61, 0x6c,
    0x5f, 0x65, 0x78, 0x69, 0x74, 0x5f, 0x63, 0x6f, 0x75, 0x6e, 0x74, 0x00,
    0x14, 0x05, 0x1d, 0x70, 0x72, 0x69, 0x6e, 0x74, 0x5f, 0x63, 0x6f, 0x75,
    0x6e, 0x74, 0x65, 0x72, 0x73, 0x00, 0x00, 0x00, 0x14, 0x05, 0x0f, 0x70,
    0x72, 0x69, 0x76, 0x61, 0x74, 0x65, 0x00, 0x00, 0x47, 0x05, 0x05, 0x01,
    0x45, 0x01, 0x1f, 0x62, 0x6c, 0x6f, 0x63, 0x6b, 0x20, 0x69, 0x6e, 0x20,
    0x64, 0x69, 0x73, 0x61, 0x73, 0x6d, 0x00, 0x00, 0x45, 0x03, 0x09, 0x1b,
    0x5b, 0x31, 0x6d, 0x00, 0x45, 0x03, 0x09, 0x1b, 0x5b, 0x30, 0x6d, 0x00,
    0x47, 0x05, 0x05, 0x01, 0x45, 0x03, 0x13, 0x3d, 0x3d, 0x20, 0x42, 0x4c,
    0x4f, 0x43, 0x4b, 0x20, 0x45, 0x03, 0x03, 0x2f, 0x45, 0x03, 0x05, 0x3a,
    0x20, 0x00, 0x00, 0x00, 0x45, 0x03, 0x29, 0x20, 0x42, 0x59, 0x54, 0x45,
    0x53, 0x2c, 0x20, 0x49, 0x53, 0x45, 0x51, 0x20, 0x52, 0x41, 0x4e, 0x47,
    0x45, 0x20, 0x5b, 0x00, 0x45, 0x03, 0x03, 0x2c, 0x45, 0x03, 0x05, 0x29,
    0x20, 0x00, 0x00, 0x00, 0xf5, 0x02, 0xa1, 0x00, 0x45, 0x03, 0x03, 0x3d,
    0x14, 0x05, 0x03, 0x69, 0x14, 0x05, 0x21, 0x69, 0x73, 0x65, 0x71, 0x5f,
    0x73, 0x74, 0x61, 0x72, 0x74, 0x5f, 0x69, 0x6e, 0x64, 0x65, 0x78, 0x00,
    0x14, 0x05, 0x1d, 0x69, 0x73, 0x65, 0x71, 0x5f, 0x65, 0x6e, 0x64, 0x5f,
    0x69, 0x6e, 0x64, 0x65, 0x78, 0x00, 0x00, 0x00, 0x14, 0x05, 0x0b, 0x6c,
    0x6a, 0x75, 0x73, 0x74, 0x47, 0x05, 0x05, 0x01, 0x47, 0x05, 0x05, 0x01,
    0x45, 0x01, 0x2b, 0x62, 0x6c, 0x6f, 0x63, 0x6b, 0x20, 0x69, 0x6e, 0x20,
    0x67, 0x72, 0x61, 0x70, 0x68, 0x76, 0x69, 0x7a, 0x5f, 0x66, 0x6f, 0x72,
    0x45, 0x03, 0x07, 0x3c, 0x62, 0x3e, 0x00, 0x00, 0x45, 0x03, 0x09, 0x3c,
    0x2f, 0x62, 0x3e, 0x00, 0x14, 0x05, 0x0f, 0x63, 0x6f, 0x6d, 0x6d, 0x65,
    0x6e, 0x74, 0x00, 0x00, 0x47, 0x05, 0x05, 0x01, 0x46, 0x00, 0x06, 0x35,
    0x46, 0x00, 0x06, 0x36, 0x45, 0x03, 0x03, 0x62, 0x45, 0x03, 0x13, 0x20,
    0x5b, 0x6c, 0x61, 0x62, 0x65, 0x6c, 0x3d, 0x3c, 0x45, 0x03, 0x09, 0x3e,
    0x5d, 0x3b, 0x0a, 0x00, 0x14, 0x05, 0x0b, 0x67, 0x73, 0x75, 0x62, 0x21,
    0x14, 0x05, 0x19, 0x6f, 0x75, 0x74, 0x67, 0x6f, 0x69, 0x6e, 0x67, 0x5f,
    0x69, 0x64, 0x73, 0x00, 0x14, 0x05, 0x09, 0x6a, 0x6f, 0x69, 0x6e, 0x00,
    0x47, 0x05, 0x05, 0x01, 0x45, 0x01, 0x2b, 0x62, 0x6c, 0x6f, 0x63, 0x6b,
    0x20, 0x69, 0x6e, 0x20, 0x64, 0x69, 0x73, 0x61, 0x73, 0x6d, 0x5f, 0x62,
    0x6c, 0x6f, 0x63, 0x6b, 0x45, 0x03, 0x09, 0x20, 0x20, 0x3b, 0x20, 0x00,
    0x45, 0x03, 0x5d, 0x20, 0x20, 0x25, 0x3c, 0x61, 0x64, 0x64, 0x72, 0x65,
    0x73, 0x73, 0x3e, 0x30, 0x38, 0x78, 0x3a, 0x20, 0x20, 0x25, 0x3c, 0x69,
    0x6e, 0x73, 0x74, 0x72, 0x75, 0x63, 0x74, 0x69, 0x6f, 0x6e, 0x3e, 0x73,
    0x09, 0x25, 0x3c, 0x64, 0x65, 0x74, 0x61, 0x69, 0x6c, 0x73, 0x3e, 0x73,
    0x0a, 0x00, 0x00, 0x00, 0x14, 0x05, 0x09, 0x63, 0x61, 0x6c, 0x6c, 0x00,
    0x14, 0x05, 0x05, 0x5b, 0x5d, 0x00, 0x00, 0x00, 0x14, 0x05, 0x05, 0x3c,
    0x3d, 0x00, 0x00, 0x00, 0x14, 0x05, 0x11, 0x6d, 0x6e, 0x65, 0x6d, 0x6f,
    0x6e, 0x69, 0x63, 0x00, 0x14, 0x05, 0x0d, 0x6f, 0x70, 0x5f, 0x73, 0x74,
    0x72, 0x00, 0x00, 0x00, 0x14, 0x05, 0x0f, 0x73, 0x70, 0x72, 0x69, 0x6e,
    0x74, 0x66, 0x00, 0x00, 0x14, 0x05, 0x17, 0x69, 0x6e, 0x73, 0x74, 0x72,
    0x75, 0x63, 0x74, 0x69, 0x6f, 0x6e, 0x00, 0x00, 0x14, 0x05, 0x0f, 0x64,
    0x65, 0x74, 0x61, 0x69, 0x6c, 0x73, 0x00, 0x00, 0x47, 0x05, 0x05, 0x01,
    0x45, 0x05, 0x19, 0x5f, 0x70, 0x72, 0x69, 0x6e, 0x74, 0x5f, 0x73, 0x74,
    0x61, 0x74, 0x73, 0x00, 0x14, 0x05, 0x0f, 0x24, 0x73, 0x74, 0x64, 0x65,
    0x72, 0x72, 0x00, 0x00, 0x45, 0x03, 0x59, 0x2a, 0x2a, 0x2a, 0x59, 0x4a,
    0x49, 0x54, 0x3a, 0x20, 0x50, 0x72, 0x69, 0x6e, 0x74, 0x69, 0x6e, 0x67,
    0x20, 0x59, 0x4a, 0x49, 0x54, 0x20, 0x73, 0x74, 0x61, 0x74, 0x69, 0x73,
    0x74, 0x69, 0x63, 0x73, 0x20, 0x6f, 0x6e, 0x20, 0x65, 0x78, 0x69, 0x74,
    0x2a, 0x2a, 0x2a, 0x00, 0x45, 0x03, 0x0b, 0x73, 0x65, 0x6e, 0x64, 0x5f,
    0x45, 0x03, 0x35, 0x6d, 0x65, 0x74, 0x68, 0x6f, 0x64, 0x20, 0x63, 0x61,
    0x6c, 0x6c, 0x20, 0x65, 0x78, 0x69, 0x74, 0x20, 0x72, 0x65, 0x61, 0x73,
    0x6f, 0x6e, 0x73, 0x3a, 0x20, 0x00, 0x00, 0x00, 0x45, 0x03, 0x19, 0x69,
    0x6e, 0x76, 0x6f, 0x6b, 0x65, 0x73, 0x75, 0x70, 0x65, 0x72, 0x5f, 0x00,
    0x45, 0x03, 0x35, 0x69, 0x6e, 0x76, 0x6f, 0x6b, 0x65, 0x73, 0x75, 0x70,
    0x65, 0x72, 0x20, 0x65, 0x78, 0x69, 0x74, 0x20, 0x72, 0x65, 0x61, 0x73,
    0x6f, 0x6e, 0x73, 0x3a, 0x20, 0x00, 0x00, 0x00, 0x45, 0x03, 0x0d, 0x6c,
    0x65, 0x61, 0x76, 0x65, 0x5f, 0x00, 0x00, 0x00, 0x45, 0x03, 0x29, 0x6c,
    0x65, 0x61, 0x76, 0x65, 0x20, 0x65, 0x78, 0x69, 0x74, 0x20, 0x72, 0x65,
    0x61, 0x73, 0x6f, 0x6e, 0x73, 0x3a, 0x20, 0x00, 0x45, 0x03, 0x0b, 0x67,
    0x62, 0x70, 0x70, 0x5f, 0x45, 0x03, 0x43, 0x67, 0x65, 0x74, 0x62, 0x6c,
    0x6f, 0x63, 0x6b, 0x70, 0x61, 0x72, 0x61, 0x6d, 0x70, 0x72, 0x6f, 0x78,
    0x79, 0x20, 0x65, 0x78, 0x69, 0x74, 0x20, 0x72, 0x65, 0x61, 0x73, 0x6f,
    0x6e, 0x73, 0x3a, 0x20, 0x45, 0x03, 0x11, 0x67, 0x65, 0x74, 0x69, 0x76,
    0x61, 0x72, 0x5f, 0x00, 0x45, 0x03, 0x43, 0x67, 0x65, 0x74, 0x69, 0x6e,
    0x73, 0x74, 0x61, 0x6e, 0x63, 0x65, 0x76, 0x61, 0x72, 0x69, 0x61, 0x62,
    0x6c, 0x65, 0x20, 0x65, 0x78, 0x69, 0x74, 0x20, 0x72, 0x65, 0x61, 0x73,
    0x6f, 0x6e, 0x73, 0x3a, 0x45, 0x03, 0x11, 0x73, 0x65, 0x74, 0x69, 0x76,
    0x61, 0x72, 0x5f, 0x00, 0x45, 0x03, 0x43, 0x73, 0x65, 0x74, 0x69, 0x6e,
    0x73, 0x74, 0x61, 0x6e, 0x63, 0x65, 0x76, 0x61, 0x72, 0x69, 0x61, 0x62,
    0x6c, 0x65, 0x20, 0x65, 0x78, 0x69, 0x74, 0x20, 0x72, 0x65, 0x61, 0x73,
    0x6f, 0x6e, 0x73, 0x3a, 0x45, 0x03, 0x0d, 0x6f, 0x61, 0x72, 0x65, 0x66,
    0x5f, 0x00, 0x00, 0x00, 0x45, 0x03, 0x2f, 0x6f, 0x70, 0x74, 0x5f, 0x61,
    0x72, 0x65, 0x66, 0x20, 0x65, 0x78, 0x69, 0x74, 0x20, 0x72, 0x65, 0x61,
    0x73, 0x6f, 0x6e, 0x73, 0x3a, 0x20, 0x00, 0x00, 0x45, 0x03, 0x19, 0x65,
    0x78, 0x70, 0x61, 0x6e, 0x64, 0x61, 0x72, 0x72, 0x61, 0x79, 0x5f, 0x00,
    0x45, 0x03, 0x35, 0x65, 0x78, 0x70, 0x61, 0x6e, 0x64, 0x61, 0x72, 0x72,
    0x61, 0x79, 0x20, 0x65, 0x78, 0x69, 0x74, 0x20, 0x72, 0x65, 0x61, 0x73,
    0x6f, 0x6e, 0x73, 0x3a, 0x20, 0x00, 0x00, 0x00, 0x45, 0x03, 0x27, 0x6f,
    0x70, 0x74, 0x5f, 0x67, 0x65, 0x74, 0x69, 0x6e, 0x6c, 0x69, 0x6e, 0x65,
    0x63, 0x61, 0x63, 0x68, 0x65, 0x5f, 0x00, 0x00, 0x45, 0x03, 0x43, 0x6f,
    0x70, 0x74, 0x5f, 0x67, 0x65, 0x74, 0x69, 0x6e, 0x6c, 0x69, 0x6e, 0x65,
    0x63, 0x61, 0x63, 0x68, 0x65, 0x20, 0x65, 0x78, 0x69, 0x74, 0x20, 0x72,
    0x65, 0x61, 0x73, 0x6f, 0x6e, 0x73, 0x3a, 0x20, 0x45, 0x03, 0x17, 0x69,
    0x6e, 0x76, 0x61, 0x6c, 0x69, 0x64, 0x61, 0x74, 0x65, 0x5f, 0x00, 0x00,
    0x45, 0x03, 0x2d, 0x69, 0x6e, 0x76, 0x61, 0x6c, 0x69, 0x64, 0x61, 0x74,
    0x69, 0x6f, 0x6e, 0x20, 0x72, 0x65, 0x61, 0x73, 0x6f, 0x6e, 0x73, 0x3a,
    0x20, 0x00, 0x00, 0x00, 0x14, 0x05, 0x27, 0x6c, 0x65, 0x61, 0x76, 0x65,
    0x5f, 0x69, 0x6e, 0x74, 0x65, 0x72, 0x70, 0x5f, 0x72, 0x65, 0x74, 0x75,
    0x72, 0x6e, 0x00, 0x00, 0x14, 0x05, 0x21, 0x65, 0x78, 0x65, 0x63, 0x5f,
    0x69, 0x6e, 0x73, 0x74, 0x72, 0x75, 0x63, 0x74, 0x69, 0x6f, 0x6e, 0x00,
    0x14, 0x05, 0x1d, 0x76, 0x6d, 0x5f, 0x69, 0x6e, 0x73, 0x6e, 0x73, 0x5f,
    0x63, 0x6f, 0x75, 0x6e, 0x74, 0x00, 0x00, 0x00, 0x04, 0x00, 0x00, 0x00,
    0x00, 0x00, 0x00, 0x00, 0x00, 0x00, 0x59, 0x40, 0x14, 0x05, 0x27, 0x63,
    0x6f, 0x6d, 0x70, 0x69, 0x6c, 0x61, 0x74, 0x69, 0x6f, 0x6e, 0x5f, 0x66,
    0x61, 0x69, 0x6c, 0x75, 0x72, 0x65, 0x00, 0x00, 0x45, 0x03, 0x2f, 0x62,
    0x69, 0x6e, 0x64, 0x69, 0x6e, 0x67, 0x73, 0x5f, 0x61, 0x6c, 0x6c, 0x6f,
    0x63, 0x61, 0x74, 0x69, 0x6f, 0x6e, 0x73, 0x3a, 0x20, 0x20, 0x00, 0x00,
    0x45, 0x03, 0x09, 0x25, 0x31, 0x30, 0x64, 0x00, 0x14, 0x05, 0x27, 0x62,
    0x69, 0x6e, 0x64, 0x69, 0x6e, 0x67, 0x5f, 0x61, 0x6c, 0x6c, 0x6f, 0x63,
    0x61, 0x74, 0x69, 0x6f, 0x6e, 0x73, 0x00, 0x00, 0x45, 0x03, 0x2f, 0x62,
    0x69, 0x6e, 0x64, 0x69, 0x6e, 0x67, 0x73, 0x5f, 0x73, 0x65, 0x74, 0x3a,
    0x20, 0x20, 0x20, 0x20, 0x20, 0x20, 0x20, 0x20, 0x20, 0x20, 0x00, 0x00,
    0x14, 0x05, 0x17, 0x62, 0x69, 0x6e, 0x64, 0x69, 0x6e, 0x67, 0x5f, 0x73,
    0x65, 0x74, 0x00, 0x00, 0x45, 0x03, 0x2f, 0x63, 0x6f, 0x6d, 0x70, 0x69,
    0x6c, 0x61, 0x74, 0x69, 0x6f, 0x6e, 0x5f, 0x66, 0x61, 0x69, 0x6c, 0x75,
    0x72, 0x65, 0x3a, 0x20, 0x20, 0x20, 0x00, 0x00, 0x45, 0x03, 0x2f, 0x63,
    0x6f, 0x6d, 0x70, 0x69, 0x6c, 0x65, 0x64, 0x5f, 0x69, 0x73, 0x65, 0x71,
    0x5f, 0x63, 0x6f, 0x75, 0x6e, 0x74, 0x3a, 0x20, 0x20, 0x20, 0x00, 0x00,
    0x14, 0x05, 0x27, 0x63, 0x6f, 0x6d, 0x70, 0x69, 0x6c, 0x65, 0x64, 0x5f,
    0x69, 0x73, 0x65, 0x71, 0x5f, 0x63, 0x6f, 0x75, 0x6e, 0x74, 0x00, 0x00,
    0x45, 0x03, 0x2f, 0x63, 0x6f, 0x6d, 0x70, 0x69, 0x6c, 0x65, 0x64, 0x5f,
    0x62, 0x6c, 0x6f, 0x63, 0x6b, 0x5f, 0x63, 0x6f, 0x75, 0x6e, 0x74, 0x3a,
    0x20, 0x20, 0x00, 0x00, 0x14, 0x05, 0x29, 0x63, 0x6f, 0x6d, 0x70, 0x69,
    0x6c, 0x65, 0x64, 0x5f, 0x62, 0x6c, 0x6f, 0x63, 0x6b, 0x5f, 0x63, 0x6f,
    0x75, 0x6e, 0x74, 0x00, 0x45, 0x03, 0x2f, 0x69, 0x6e, 0x76, 0x61, 0x6c,
    0x69, 0x64, 0x61, 0x74, 0x69, 0x6f, 0x6e, 0x5f, 0x63, 0x6f, 0x75, 0x6e,
    0x74, 0x3a, 0x20, 0x20, 0x20, 0x20, 0x00, 0x00, 0x14, 0x05, 0x25, 0x69,
    0x6e, 0x76, 0x61, 0x6c, 0x69, 0x64, 0x61, 0x74, 0x69, 0x6f, 0x6e, 0x5f,
    0x63, 0x6f, 0x75, 0x6e, 0x74, 0x00, 0x00, 0x00, 0x45, 0x03, 0x2f, 0x63,
    0x6f, 0x6e, 0x73, 0x74, 0x61, 0x6e, 0x74, 0x5f, 0x73, 0x74, 0x61, 0x74,
    0x65, 0x5f, 0x62, 0x75, 0x6d, 0x70, 0x73, 0x3a, 0x20, 0x20, 0x00, 0x00,
    0x14, 0x05, 0x29, 0x63, 0x6f, 0x6e, 0x73, 0x74, 0x61, 0x6e, 0x74, 0x5f,
    0x73, 0x74, 0x61, 0x74, 0x65, 0x5f, 0x62, 0x75, 0x6d, 0x70, 0x73, 0x00,
    0x45, 0x03, 0x2f, 0x69, 0x6e, 0x6c, 0x69, 0x6e, 0x65, 0x5f, 0x63, 0x6f,
    0x64, 0x65, 0x5f, 0x73, 0x69, 0x7a, 0x65, 0x3a, 0x20, 0x20, 0x20, 0x20,
    0x20, 0x20, 0x00, 0x00, 0x14, 0x05, 0x21, 0x69, 0x6e, 0x6c, 0x69, 0x6e,
    0x65, 0x5f, 0x63, 0x6f, 0x64, 0x65, 0x5f, 0x73, 0x69, 0x7a, 0x65, 0x00,
    0x45, 0x03, 0x2f, 0x6f, 0x75, 0x74, 0x6c, 0x69, 0x6e, 0x65, 0x64, 0x5f,
    0x63, 0x6f, 0x64, 0x65, 0x5f, 0x73, 0x69, 0x7a, 0x65, 0x3a, 0x20, 0x20,
    0x20, 0x20, 0x00, 0x00, 0x14, 0x05, 0x25, 0x6f, 0x75, 0x74, 0x6c, 0x69,
    0x6e, 0x65, 0x64, 0x5f, 0x63, 0x6f, 0x64, 0x65, 0x5f, 0x73, 0x69, 0x7a,
    0x65, 0x00, 0x00, 0x00, 0x45, 0x03, 0x2f, 0x74, 0x6f, 0x74, 0x61, 0x6c,
    0x5f, 0x65, 0x78, 0x69, 0x74, 0x5f, 0x63, 0x6f, 0x75, 0x6e, 0x74, 0x3a,
    0x20, 0x20, 0x20, 0x20, 0x20, 0x20, 0x00, 0x00, 0x45, 0x03, 0x2f, 0x74,
    0x6f, 0x74, 0x61, 0x6c, 0x5f, 0x69, 0x6e, 0x73, 0x6e, 0x73, 0x5f, 0x63,
    0x6f, 0x75, 0x6e, 0x74, 0x3a, 0x20, 0x20, 0x20, 0x20, 0x20, 0x00, 0x00,
    0x45, 0x03, 0x2f, 0x76, 0x6d, 0x5f, 0x69, 0x6e, 0x73, 0x6e, 0x73, 0x5f,
    0x63, 0x6f, 0x75, 0x6e, 0x74, 0x3a, 0x20, 0x20, 0x20, 0x20, 0x20, 0x20,
    0x20, 0x20, 0x00, 0x00, 0x45, 0x03, 0x2f, 0x79, 0x6a, 0x69, 0x74, 0x5f,
    0x69, 0x6e, 0x73, 0x6e, 0x73, 0x5f, 0x63, 0x6f, 0x75, 0x6e, 0x74, 0x3a,
    0x20, 0x20, 0x20, 0x20, 0x20, 0x20, 0x00, 0x00, 0x45, 0x03, 0x2f, 0x72,
    0x61, 0x74, 0x69, 0x6f, 0x5f, 0x69, 0x6e, 0x5f, 0x79, 0x6a, 0x69, 0x74,
    0x3a, 0x20, 0x20, 0x20, 0x20, 0x20, 0x20, 0x20, 0x20, 0x20, 0x00, 0x00,
    0x45, 0x03, 0x0b, 0x25, 0x39, 0x2e, 0x31, 0x66, 0x45, 0x03, 0x03, 0x25,
    0x45, 0x03, 0x2f, 0x61, 0x76, 0x67, 0x5f, 0x6c, 0x65, 0x6e, 0x5f, 0x69,
    0x6e, 0x5f, 0x79, 0x6a, 0x69, 0x74, 0x3a, 0x20, 0x20, 0x20, 0x20, 0x20,
    0x20, 0x20, 0x00, 0x00, 0x45, 0x03, 0x0d, 0x25, 0x31, 0x30, 0x2e, 0x31,
    0x66, 0x00, 0x00, 0x00, 0x45, 0x03, 0x0b, 0x65, 0x78, 0x69, 0x74, 0x5f,
    0x14, 0x05, 0x0b, 0x73, 0x74, 0x61, 0x74, 0x73, 0x14, 0x05, 0x15, 0x73,
    0x69, 0x64, 0x65, 0x5f, 0x65, 0x78, 0x69, 0x74, 0x73, 0x00, 0x00, 0x00,
    0x14, 0x05, 0x17, 0x74, 0x6f, 0x74, 0x61, 0x6c, 0x5f, 0x65, 0x78, 0x69,
    0x74, 0x73, 0x00, 0x00, 0x14, 0x05, 0x1f, 0x72, 0x65, 0x74, 0x69, 0x72,
    0x65, 0x64, 0x5f, 0x69, 0x6e, 0x5f, 0x79, 0x6a, 0x69, 0x74, 0x00, 0x00,
    0x14, 0x05, 0x1f, 0x61, 0x76, 0x67, 0x5f, 0x6c, 0x65, 0x6e, 0x5f, 0x69,
    0x6e, 0x5f, 0x79, 0x6a, 0x69, 0x74, 0x00, 0x00, 0x14, 0x05, 0x23, 0x74,
    0x6f, 0x74, 0x61, 0x6c, 0x5f, 0x69, 0x6e, 0x73, 0x6e, 0x73, 0x5f, 0x63,
    0x6f, 0x75, 0x6e, 0x74, 0x14, 0x05, 0x1d, 0x79, 0x6a, 0x69, 0x74, 0x5f,
    0x72, 0x61, 0x74, 0x69, 0x6f, 0x5f, 0x70, 0x63, 0x74, 0x00, 0x00, 0x00,
    0x14, 0x05, 0x09, 0x70, 0x75, 0x74, 0x73, 0x00, 0x14, 0x05, 0x0d, 0x70,
    0x72, 0x65, 0x66, 0x69, 0x78, 0x00, 0x00, 0x00, 0x14, 0x05, 0x0d, 0x70,
    0x72, 0x6f, 0x6d, 0x70, 0x74, 0x00, 0x00, 0x00, 0x14, 0x05, 0x03, 0x2d,
    0x14, 0x05, 0x09, 0x74, 0x6f, 0x5f, 0x66, 0x00, 0x14, 0x05, 0x03, 0x2f,
    0x14, 0x05, 0x03, 0x2a, 0x14, 0x05, 0x03, 0x25, 0x14, 0x05, 0x05, 0x3d,
    0x3d, 0x00, 0x00, 0x00, 0x14, 0x05, 0x05, 0x21, 0x3d, 0x00, 0x00, 0x00,
    0x47, 0x05, 0x05, 0x01, 0x45, 0x05, 0x31, 0x70, 0x72, 0x69, 0x6e, 0x74,
    0x5f, 0x73, 0x6f, 0x72, 0x74, 0x65, 0x64, 0x5f, 0x65, 0x78, 0x69, 0x74,
    0x5f, 0x63, 0x6f, 0x75, 0x6e, 0x74, 0x73, 0x00, 0x45, 0x03, 0x09, 0x54,
    0x6f, 0x70, 0x2d, 0x00, 0x45, 0x03, 0x33, 0x20, 0x6d, 0x6f, 0x73, 0x74,
    0x20, 0x66, 0x72, 0x65, 0x71, 0x75, 0x65, 0x6e, 0x74, 0x20, 0x65, 0x78,
    0x69, 0x74, 0x20, 0x6f, 0x70, 0x73, 0x20, 0x28, 0x45, 0x03, 0x09, 0x25,
    0x2e, 0x31, 0x66, 0x00, 0x45, 0x03, 0x19, 0x25, 0x20, 0x6f, 0x66, 0x20,
    0x65, 0x78, 0x69, 0x74, 0x73, 0x29, 0x3a, 0x00, 0x14, 0x05, 0x11, 0x68,
    0x6f, 0x77, 0x5f, 0x6d, 0x61, 0x6e, 0x79, 0x00, 0x14, 0x05, 0x11, 0x6c,
    0x65, 0x66, 0x74, 0x5f, 0x70, 0x61, 0x64, 0x00, 0xf5, 0x53, 0x00, 0x00,
    0xf5, 0x13, 0x00, 0x00, 0x14, 0x05, 0x0b, 0x65, 0x78, 0x69, 0x74, 0x73,
    0x14, 0x05, 0x17, 0x74, 0x6f, 0x70, 0x5f, 0x6e, 0x5f, 0x74, 0x6f, 0x74,
    0x61, 0x6c, 0x00, 0x00, 0x14, 0x05, 0x1d, 0x74, 0x6f, 0x70, 0x5f, 0x6e,
    0x5f, 0x65, 0x78, 0x69, 0x74, 0x5f, 0x70, 0x63, 0x74, 0x00, 0x00, 0x00,
    0x14, 0x05, 0x2b, 0x6c, 0x6f, 0x6e, 0x67, 0x65, 0x73, 0x74, 0x5f, 0x69,
    0x6e, 0x73, 0x6e, 0x5f, 0x6e, 0x61, 0x6d, 0x65, 0x5f, 0x6c, 0x65, 0x6e,
    0x14, 0x05, 0x07, 0x6d, 0x61, 0x78, 0x00, 0x00, 0x47, 0x05, 0x05, 0x01,
    0x45, 0x05, 0x21, 0x74, 0x6f, 0x74, 0x61, 0x6c, 0x5f, 0x65, 0x78, 0x69,
    0x74, 0x5f, 0x63, 0x6f, 0x75, 0x6e, 0x74, 0x00, 0x14, 0x05, 0x0b, 0x74,
    0x6f, 0x74, 0x61, 0x6c, 0x47, 0x05, 0x05, 0x01, 0x45, 0x05, 0x1d, 0x70,
    0x72, 0x69, 0x6e, 0x74, 0x5f, 0x63, 0x6f, 0x75, 0x6e, 0x74, 0x65, 0x72,
    0x73, 0x00, 0x00, 0x00, 0x45, 0x03, 0x49, 0x20, 0x20, 0x20, 0x20, 0x28,
    0x61, 0x6c, 0x6c, 0x20, 0x72, 0x65, 0x6c, 0x65, 0x76, 0x61, 0x6e, 0x74,
    0x20, 0x63, 0x6f, 0x75, 0x6e, 0x74, 0x65, 0x72, 0x73, 0x20, 0x61, 0x72,
    0x65, 0x20, 0x7a, 0x65, 0x72, 0x6f, 0x29, 0x00, 0x14, 0x05, 0x11, 0x63,
    0x6f, 0x75, 0x6e, 0x74, 0x65, 0x72, 0x73, 0x00, 0x14, 0x05, 0x27, 0x6c,
    0x6f, 0x6e, 0x67, 0x65, 0x73, 0x74, 0x5f, 0x6e, 0x61, 0x6d, 0x65, 0x5f,
    0x6c, 0x65, 0x6e, 0x67, 0x74, 0x68, 0x00, 0x00, 0x14, 0x05, 0x0d, 0x66,
    0x69, 0x6c, 0x74, 0x65, 0x72, 0x00, 0x00, 0x00, 0x14, 0x05, 0x0f, 0x66,
    0x69, 0x6c, 0x74, 0x65, 0x72, 0x21, 0x00, 0x00, 0x14, 0x05, 0x1f, 0x74,
    0x72, 0x61, 0x6e, 0x73, 0x66, 0x6f, 0x72, 0x6d, 0x5f, 0x6b, 0x65, 0x79,
    0x73, 0x21, 0x00, 0x00, 0x14, 0x05, 0x09, 0x74, 0x6f, 0x5f, 0x61, 0x00,
    0x14, 0x05, 0x11, 0x73, 0x6f, 0x72, 0x74, 0x5f, 0x62, 0x79, 0x21, 0x00,
    0x14, 0x05, 0x0d, 0x6d, 0x61, 0x78, 0x5f, 0x62, 0x79, 0x00, 0x00, 0x00,
    0x14, 0x05, 0x0b, 0x66, 0x69, 0x72, 0x73, 0x74, 0x14, 0x05, 0x19, 0x72,
    0x65, 0x76, 0x65, 0x72, 0x73, 0x65, 0x5f, 0x65, 0x61, 0x63, 0x68, 0x00,
    0x47, 0x05, 0x05, 0x01, 0x45, 0x01, 0x35, 0x62, 0x6c, 0x6f, 0x63, 0x6b,
    0x20, 0x28, 0x32, 0x20, 0x6c, 0x65, 0x76, 0x65, 0x6c, 0x73, 0x29, 0x20,
    0x69, 0x6e, 0x20, 0x64, 0x69, 0x73, 0x61, 0x73, 0x6d, 0x00, 0x00, 0x00,
    0x47, 0x05, 0x05, 0x01, 0x45, 0x01, 0x41, 0x62, 0x6c, 0x6f, 0x63, 0x6b,
    0x20, 0x28, 0x32, 0x20, 0x6c, 0x65, 0x76, 0x65, 0x6c, 0x73, 0x29, 0x20,
    0x69, 0x6e, 0x20, 0x67, 0x72, 0x61, 0x70, 0x68, 0x76, 0x69, 0x7a, 0x5f,
    0x66, 0x6f, 0x72, 0x00, 0x45, 0x03, 0x0b, 0x20, 0x2d, 0x3e, 0x20, 0x62,
    0x45, 0x03, 0x1f, 0x5b, 0x6c, 0x61, 0x62, 0x65, 0x6c, 0x3d, 0x22, 0x46,
    0x61, 0x6c, 0x6c, 0x22, 0x5d, 0x3b, 0x00, 0x00, 0x45, 0x03, 0x39, 0x5b,
    0x6c, 0x61, 0x62, 0x65, 0x6c, 0x3d, 0x22, 0x4a, 0x75, 0x6d, 0x70, 0x22,
    0x20, 0x73, 0x74, 0x79, 0x6c, 0x65, 0x3d, 0x64, 0x61, 0x73, 0x68, 0x65,
    0x64, 0x5d, 0x3b, 0x00, 0x14, 0x05, 0x15, 0x6e, 0x65, 0x78, 0x74, 0x5f,
    0x62, 0x6c, 0x6f, 0x63, 0x6b, 0x00, 0x00, 0x00, 0x14, 0x05, 0x0f, 0x62,
    0x73, 0x65, 0x61, 0x72, 0x63, 0x68, 0x00, 0x00, 0x47, 0x05, 0x05, 0x01,
    0x45, 0x01, 0x43, 0x62, 0x6c, 0x6f, 0x63, 0x6b, 0x20, 0x69, 0x6e, 0x20,
    0x70, 0x72, 0x69, 0x6e, 0x74, 0x5f, 0x73, 0x6f, 0x72, 0x74, 0x65, 0x64,
    0x5f, 0x65, 0x78, 0x69, 0x74, 0x5f, 0x63, 0x6f, 0x75, 0x6e, 0x74, 0x73,
    0x14, 0x05, 0x03, 0x6b, 0x14, 0x05, 0x03, 0x76, 0x14, 0x05, 0x17, 0x73,
    0x74, 0x61, 0x72, 0x74, 0x5f, 0x77, 0x69, 0x74, 0x68, 0x3f, 0x00, 0x00,
    0x14, 0x05, 0x1b, 0x64, 0x65, 0x6c, 0x65, 0x74, 0x65, 0x5f, 0x70, 0x72,
    0x65, 0x66, 0x69, 0x78, 0x14, 0x05, 0x09, 0x70, 0x75, 0x73, 0x68, 0x00,
    0x47, 0x05, 0x05, 0x01, 0x14, 0x05, 0x09, 0x6e, 0x61, 0x6d, 0x65, 0x00,
    0x14, 0x05, 0x0b, 0x63, 0x6f, 0x75, 0x6e, 0x74, 0x14, 0x05, 0x05, 0x2d,
    0x40, 0x00, 0x00, 0x00, 0x47, 0x05, 0x05, 0x01, 0x47, 0x05, 0x05, 0x01,
    0x47, 0x05, 0x05, 0x01, 0x45, 0x03, 0x03, 0x73, 0x45, 0x03, 0x05, 0x20,
    0x28, 0x00, 0x00, 0x00, 0x45, 0x03, 0x05, 0x25, 0x29, 0x00, 0x00, 0x00,
    0x14, 0x05, 0x0f, 0x70, 0x61, 0x64, 0x64, 0x69, 0x6e, 0x67, 0x00, 0x00,
    0x14, 0x05, 0x17, 0x70, 0x61, 0x64, 0x64, 0x65, 0x64, 0x5f, 0x6e, 0x61,
    0x6d, 0x65, 0x00, 0x00, 0x14, 0x05, 0x19, 0x70, 0x61, 0x64, 0x64, 0x65,
    0x64, 0x5f, 0x63, 0x6f, 0x75, 0x6e, 0x74, 0x00, 0x14, 0x05, 0x0f, 0x70,
    0x65, 0x72, 0x63, 0x65, 0x6e, 0x74, 0x00, 0x00, 0x14, 0x05, 0x23, 0x66,
    0x6f, 0x72, 0x6d, 0x61, 0x74, 0x74, 0x65, 0x64, 0x5f, 0x70, 0x65, 0x72,
    0x63, 0x65, 0x6e, 0x74, 0x47, 0x05, 0x05, 0x01, 0x45, 0x01, 0x33, 0x62,
    0x6c, 0x6f, 0x63, 0x6b, 0x20, 0x69, 0x6e, 0x20, 0x74, 0x6f, 0x74, 0x61,
    0x6c, 0x5f, 0x65, 0x78, 0x69, 0x74, 0x5f, 0x63, 0x6f, 0x75, 0x6e, 0x74,
    0x47, 0x05, 0x05, 0x01, 0x45, 0x01, 0x2f, 0x62, 0x6c, 0x6f, 0x63, 0x6b,
    0x20, 0x69, 0x6e, 0x20, 0x70, 0x72, 0x69, 0x6e, 0x74, 0x5f, 0x63, 0x6f,
    0x75, 0x6e, 0x74, 0x65, 0x72, 0x73, 0x00, 0x00, 0x14, 0x05, 0x07, 0x6b,
    0x65, 0x79, 0x00, 0x00, 0x14, 0x05, 0x03, 0x5f, 0x47, 0x05, 0x05, 0x01,
    0x14, 0x05, 0x0b, 0x76, 0x61, 0x6c, 0x75, 0x65, 0x47, 0x05, 0x05, 0x01,
    0x47, 0x05, 0x05, 0x01, 0x14, 0x05, 0x1b, 0x63, 0x6f, 0x75, 0x6e, 0x74,
    0x65, 0x72, 0x5f, 0x76, 0x61, 0x6c, 0x75, 0x65, 0x47, 0x05, 0x05, 0x01,
    0x47, 0x05, 0x05, 0x01, 0x47, 0x05, 0x05, 0x01, 0xf5, 0x02, 0xc9, 0x00,
    0x45, 0x03, 0x2f, 0x20, 0x20, 0x20, 0x20, 0x25, 0x2a, 0x73, 0x20, 0x25,
    0x31, 0x30, 0x64, 0x20, 0x28, 0x25, 0x34, 0x2e, 0x31, 0x66, 0x25, 0x25,
    0x29, 0x0a, 0x00, 0x00, 0x14, 0x05, 0x15, 0x70, 0x65, 0x72, 0x63, 0x65,
    0x6e, 0x74, 0x61, 0x67, 0x65, 0x00, 0x00, 0x00, 0x14, 0x05, 0x09, 0x66,
    0x64, 0x69, 0x76, 0x00, 0x14, 0x05, 0x0d, 0x70, 0x72, 0x69, 0x6e, 0x74,
    0x66, 0x00, 0x00, 0x00, 0x47, 0x05, 0x05, 0x01, 0x45, 0x01, 0x41, 0x62,
    0x6c, 0x6f, 0x63, 0x6b, 0x20, 0x28, 0x33, 0x20, 0x6c, 0x65, 0x76, 0x65,
    0x6c, 0x73, 0x29, 0x20, 0x69, 0x6e, 0x20, 0x67, 0x72, 0x61, 0x70, 0x68,
    0x76, 0x69, 0x7a, 0x5f, 0x66, 0x6f, 0x72, 0x00, 0x14, 0x05, 0x05, 0x6e,
    0x62, 0x00, 0x00, 0x00, 0x14, 0x05, 0x07, 0x3c, 0x3d, 0x3e, 0x00, 0x00,
    0x45, 0x05, 0x05, 0x5c, 0x6e, 0x00, 0x00, 0x00, 0x45, 0x05, 0x09, 0x5e,
    0x5c, 0x73, 0x2b, 0x00, 0x10, 0x30, 0x00, 0x00, 0x14, 0x30, 0x00, 0x00,
    0x18, 0x30, 0x00, 0x00, 0x2c, 0x30, 0x00, 0x00, 0x30, 0x30, 0x00, 0x00,
    0x3c, 0x30, 0x00, 0x00, 0x44, 0x30, 0x00, 0x00, 0x48, 0x30, 0x00, 0x00,
    0x58, 0x30, 0x00, 0x00, 0x64, 0x30, 0x00, 0x00, 0x70, 0x30, 0x00, 0x00,
    0x80, 0x30, 0x00, 0x00, 0x90, 0x30, 0x00, 0x00, 0xa0, 0x30, 0x00, 0x00,
    0xb0, 0x30, 0x00, 0x00, 0xc0, 0x30, 0x00, 0x00, 0xd4, 0x30, 0x00, 0x00,
    0xe0, 0x30, 0x00, 0x00, 0xf0, 0x30, 0x00, 0x00, 0x04, 0x31, 0x00, 0x00,
    0x10, 0x31, 0x00, 0x00, 0x14, 0x31, 0x00, 0x00, 0x20, 0x31, 0x00, 0x00,
    0x2c, 0x31, 0x00, 0x00, 0x30, 0x31, 0x00, 0x00, 0x48, 0x31, 0x00, 0x00,
    0x54, 0x31, 0x00, 0x00, 0x58, 0x31, 0x00, 0x00, 0x64, 0x31, 0x00, 0x00,
    0x78, 0x31, 0x00, 0x00, 0x84, 0x31, 0x00, 0x00, 0x8c, 0x31, 0x00, 0x00,
    0x90, 0x31, 0x00, 0x00, 0x98, 0x31, 0x00, 0x00, 0xa4, 0x31, 0x00, 0x00,
    0xac, 0x31, 0x00, 0x00, 0xbc, 0x31, 0x00, 0x00, 0xc8, 0x31, 0x00, 0x00,
    0xd0, 0x31, 0x00, 0x00, 0xe0, 0x31, 0x00, 0x00, 0xf0, 0x31, 0x00, 0x00,
    0xf8, 0x31, 0x00, 0x00, 0x00, 0x32, 0x00, 0x00, 0x10, 0x32, 0x00, 0x00,
    0x1c, 0x32, 0x00, 0x00, 0x24, 0x32, 0x00, 0x00, 0x2c, 0x32, 0x00, 0x00,
    0x38, 0x32, 0x00, 0x00, 0x44, 0x32, 0x00, 0x00, 0x58, 0x32, 0x00, 0x00,
    0x60, 0x32, 0x00, 0x00, 0x68, 0x32, 0x00, 0x00, 0x70, 0x32, 0x00, 0x00,
    0x74, 0x32, 0x00, 0x00, 0x84, 0x32, 0x00, 0x00, 0x94, 0x32, 0x00, 0x00,
    0xa4, 0x32, 0x00, 0x00, 0xa8, 0x32, 0x00, 0x00, 0xb8, 0x32, 0x00, 0x00,
    0xd0, 0x32, 0x00, 0x00, 0xd4, 0x32, 0x00, 0x00, 0xdc, 0x32, 0x00, 0x00,
    0xec, 0x32, 0x00, 0x00, 0x3c, 0x33, 0x00, 0x00, 0x74, 0x33, 0x00, 0x00,
    0x78, 0x33, 0x00, 0x00, 0x7c, 0x33, 0x00, 0x00, 0x88, 0x33, 0x00, 0x00,
    0xa0, 0x33, 0x00, 0x00, 0xd0, 0x33, 0x00, 0x00, 0xfc, 0x33, 0x00, 0x00,
    0x04, 0x34, 0x00, 0x00, 0x08, 0x34, 0x00, 0x00, 0x14, 0x34, 0x00, 0x00,
    0x1c, 0x34, 0x00, 0x00, 0x24, 0x34, 0x00, 0x00, 0x34, 0x34, 0x00, 0x00,
    0x44, 0x34, 0x00, 0x00, 0x54, 0x34, 0x00, 0x00, 0x5c, 0x34, 0x00, 0x00,
    0x60, 0x34, 0x00, 0x00, 0x70, 0x34, 0x00, 0x00, 0x78, 0x34, 0x00, 0x00,
    0x84, 0x34, 0x00, 0x00, 0x94, 0x34, 0x00, 0x00, 0x9c, 0x34, 0x00, 0x00,
    0xa8, 0x34, 0x00, 0x00, 0xac, 0x34, 0x00, 0x00, 0xb0, 0x34, 0x00, 0x00,
    0xc0, 0x34, 0x00, 0x00, 0xc4, 0x34, 0x00, 0x00, 0xd4, 0x34, 0x00, 0x00,
    0xd8, 0x34, 0x00, 0x00, 0xec, 0x34, 0x00, 0x00, 0xf0, 0x34, 0x00, 0x00,
    0xfc, 0x34, 0x00, 0x00, 0x00, 0x35, 0x00, 0x00, 0x10, 0x35, 0x00, 0x00,
    0x14, 0x35, 0x00, 0x00, 0x30, 0x35, 0x00, 0x00, 0x40, 0x35, 0x00, 0x00,
    0x44, 0x35, 0x00, 0x00, 0x58, 0x35, 0x00, 0x00, 0x74, 0x35, 0x00, 0x00,
    0x88, 0x35, 0x00, 0x00, 0x9c, 0x35, 0x00, 0x00, 0xa8, 0x35, 0x00, 0x00,
    0xac, 0x35, 0x00, 0x00, 0xc0, 0x35, 0x00, 0x00, 0xc8, 0x35, 0x00, 0x00,
    0xd0, 0x35, 0x00, 0x00, 0xd4, 0x35, 0x00, 0x00, 0xe0, 0x35, 0x00, 0x00,
    0xe4, 0x35, 0x00, 0x00, 0xec, 0x35, 0x00, 0x00, 0x04, 0x36, 0x00, 0x00,
    0x08, 0x36, 0x00, 0x00, 0x10, 0x36, 0x00, 0x00, 0x14, 0x36, 0x00, 0x00,
    0x18, 0x36, 0x00, 0x00, 0x1c, 0x36, 0x00, 0x00, 0x30, 0x36, 0x00, 0x00,
    0x44, 0x36, 0x00, 0x00, 0x4c, 0x36, 0x00, 0x00, 0x50, 0x36, 0x00, 0x00,
    0x54, 0x36, 0x00, 0x00, 0x6c, 0x36, 0x00, 0x00, 0x74, 0x36, 0x00, 0x00,
    0x7c, 0x36, 0x00, 0x00, 0x88, 0x36, 0x00, 0x00, 0x8c, 0x36, 0x00, 0x00,
    0x90, 0x36, 0x00, 0x00, 0x94, 0x36, 0x00, 0x00, 0x98, 0x36, 0x00, 0x00,
    0xa4, 0x36, 0x00, 0x00, 0xac, 0x36, 0x00, 0x00, 0xb4, 0x36, 0x00, 0x00,
    0xc4, 0x36, 0x00, 0x00, 0xcc, 0x36, 0x00, 0x00, 0xd0, 0x36, 0x00, 0x00,
    0xe8, 0x36, 0x00, 0x00, 0xf0, 0x36, 0x00, 0x00, 0x24, 0x37, 0x00, 0x00,
    0x2c, 0x37, 0x00, 0x00, 0x34, 0x37, 0x00, 0x00, 0x3c, 0x37, 0x00, 0x00,
    0x48, 0x37, 0x00, 0x00, 0x54, 0x37, 0x00, 0x00, 0x60, 0x37, 0x00, 0x00,
    0x70, 0x37, 0x00, 0x00, 0x7c, 0x37, 0x00, 0x00, 0x80, 0x37, 0x00, 0x00,
    0x90, 0x37, 0x00, 0x00, 0x9c, 0x37, 0x00, 0x00, 0xcc, 0x37, 0x00, 0x00,
    0xd4, 0x37, 0x00, 0x00, 0xf4, 0x37, 0x00, 0x00, 0x04, 0x38, 0x00, 0x00,
    0x24, 0x38, 0x00, 0x00, 0x30, 0x38, 0x00, 0x00, 0x48, 0x38, 0x00, 0x00,
    0x50, 0x38, 0x00, 0x00, 0x74, 0x38, 0x00, 0x00, 0x80, 0x38, 0x00, 0x00,
    0xa4, 0x38, 0x00, 0x00, 0xb0, 0x38, 0x00, 0x00, 0xd4, 0x38, 0x00, 0x00,
    0xe0, 0x38, 0x00, 0x00, 0xfc, 0x38, 0x00, 0x00, 0x0c, 0x39, 0x00, 0x00,
    0x2c, 0x39, 0x00, 0x00, 0x44, 0x39, 0x00, 0x00, 0x68, 0x39, 0x00, 0x00,
    0x78, 0x39, 0x00, 0x00, 0x94, 0x39, 0x00, 0x00, 0xac, 0x39, 0x00, 0x00,
    0xc0, 0x39, 0x00, 0x00, 0xd4, 0x39, 0x00, 0x00, 0xe0, 0x39, 0x00, 0x00,
    0xf8, 0x39, 0x00, 0x00, 0x14, 0x3a, 0x00, 0x00, 0x1c, 0x3a, 0x00, 0x00,
    0x34, 0x3a, 0x00, 0x00, 0x50, 0x3a, 0x00, 0x00, 0x60, 0x3a, 0x00, 0x00,
    0x7c, 0x3a, 0x00, 0x00, 0x98, 0x3a, 0x00, 0x00, 0xb0, 0x3a, 0x00, 0x00,
    0xcc, 0x3a, 0x00, 0x00, 0xe4, 0x3a, 0x00, 0x00, 0x00, 0x3b, 0x00, 0x00,
    0x18, 0x3b, 0x00, 0x00, 0x34, 0x3b, 0x00, 0x00, 0x4c, 0x3b, 0x00, 0x00,
    0x68, 0x3b, 0x00, 0x00, 0x7c, 0x3b, 0x00, 0x00, 0x98, 0x3b, 0x00, 0x00,
    0xb0, 0x3b, 0x00, 0x00, 0xcc, 0x3b, 0x00, 0x00, 0xe8, 0x3b, 0x00, 0x00,
    0x04, 0x3c, 0x00, 0x00, 0x20, 0x3c, 0x00, 0x00, 0x3c, 0x3c, 0x00, 0x00,
    0x44, 0x3c, 0x00, 0x00, 0x48, 0x3c, 0x00, 0x00, 0x64, 0x3c, 0x00, 0x00,
    0x70, 0x3c, 0x00, 0x00, 0x78, 0x3c, 0x00, 0x00, 0x80, 0x3c, 0x00, 0x00,
    0x90, 0x3c, 0x00, 0x00, 0xa0, 0x3c, 0x00, 0x00, 0xb4, 0x3c, 0x00, 0x00,
    0xc8, 0x3c, 0x00, 0x00, 0xdc, 0x3c, 0x00, 0x00, 0xf0, 0x3c, 0x00, 0x00,
    0xf8, 0x3c, 0x00, 0x00, 0x04, 0x3d, 0x00, 0x00, 0x10, 0x3d, 0x00, 0x00,
    0x14, 0x3d, 0x00, 0x00, 0x1c, 0x3d, 0x00, 0x00, 0x20, 0x3d, 0x00, 0x00,
    0x24, 0x3d, 0x00, 0x00, 0x28, 0x3d, 0x00, 0x00, 0x30, 0x3d, 0x00, 0x00,
    0x38, 0x3d, 0x00, 0x00, 0x3c, 0x3d, 0x00, 0x00, 0x58, 0x3d, 0x00, 0x00,
    0x60, 0x3d, 0x00, 0x00, 0x7c, 0x3d, 0x00, 0x00, 0x84, 0x3d, 0x00, 0x00,
    0x94, 0x3d, 0x00, 0x00, 0xa0, 0x3d, 0x00, 0x00, 0xac, 0x3d, 0x00, 0x00,
    0xb0, 0x3d, 0x00, 0x00, 0xb4, 0x3d, 0x00, 0x00, 0xbc, 0x3d, 0x00, 0x00,
    0xcc, 0x3d, 0x00, 0x00, 0xe0, 0x3d, 0x00, 0x00, 0xf8, 0x3d, 0x00, 0x00,
    0x00, 0x3e, 0x00, 0x00, 0x04, 0x3e, 0x00, 0x00, 0x18, 0x3e, 0x00, 0x00,
    0x20, 0x3e, 0x00, 0x00, 0x24, 0x3e, 0x00, 0x00, 0x38, 0x3e, 0x00, 0x00,
    0x60, 0x3e, 0x00, 0x00, 0x6c, 0x3e, 0x00, 0x00, 0x84, 0x3e, 0x00, 0x00,
    0x90, 0x3e, 0x00, 0x00, 0x9c, 0x3e, 0x00, 0x00, 0xb0, 0x3e, 0x00, 0x00,
    0xb8, 0x3e, 0x00, 0x00, 0xc4, 0x3e, 0x00, 0x00, 0xd0, 0x3e, 0x00, 0x00,
    0xd8, 0x3e, 0x00, 0x00, 0xe8, 0x3e, 0x00, 0x00, 0xec, 0x3e, 0x00, 0x00,
    0x0c, 0x3f, 0x00, 0x00, 0x10, 0x3f, 0x00, 0x00, 0x34, 0x3f, 0x00, 0x00,
    0x3c, 0x3f, 0x00, 0x00, 0x50, 0x3f, 0x00, 0x00, 0x70, 0x3f, 0x00, 0x00,
    0x80, 0x3f, 0x00, 0x00, 0x8c, 0x3f, 0x00, 0x00, 0x90, 0x3f, 0x00, 0x00,
    0xb4, 0x3f, 0x00, 0x00, 0xb8, 0x3f, 0x00, 0x00, 0xbc, 0x3f, 0x00, 0x00,
    0xcc, 0x3f, 0x00, 0x00, 0xdc, 0x3f, 0x00, 0x00, 0xe4, 0x3f, 0x00, 0x00,
    0xe8, 0x3f, 0x00, 0x00, 0xf0, 0x3f, 0x00, 0x00, 0xf8, 0x3f, 0x00, 0x00,
    0x00, 0x40, 0x00, 0x00, 0x04, 0x40, 0x00, 0x00, 0x08, 0x40, 0x00, 0x00,
    0x0c, 0x40, 0x00, 0x00, 0x10, 0x40, 0x00, 0x00, 0x18, 0x40, 0x00, 0x00,
    0x20, 0x40, 0x00, 0x00, 0x2c, 0x40, 0x00, 0x00, 0x3c, 0x40, 0x00, 0x00,
    0x4c, 0x40, 0x00, 0x00, 0x58, 0x40, 0x00, 0x00, 0x6c, 0x40, 0x00, 0x00,
    0x70, 0x40, 0x00, 0x00, 0x8c, 0x40, 0x00, 0x00, 0x90, 0x40, 0x00, 0x00,
    0xac, 0x40, 0x00, 0x00, 0xb4, 0x40, 0x00, 0x00, 0xb8, 0x40, 0x00, 0x00,
    0xbc, 0x40, 0x00, 0x00, 0xc4, 0x40, 0x00, 0x00, 0xc8, 0x40, 0x00, 0x00,
    0xcc, 0x40, 0x00, 0x00, 0xdc, 0x40, 0x00, 0x00, 0xe0, 0x40, 0x00, 0x00,
    0xe4, 0x40, 0x00, 0x00, 0xe8, 0x40, 0x00, 0x00, 0xec, 0x40, 0x00, 0x00,
    0x08, 0x41, 0x00, 0x00, 0x18, 0x41, 0x00, 0x00, 0x20, 0x41, 0x00, 0x00,
    0x2c, 0x41, 0x00, 0x00, 0x30, 0x41, 0x00, 0x00, 0x54, 0x41, 0x00, 0x00,
    0x5c, 0x41, 0x00, 0x00, 0x64, 0x41, 0x00, 0x00, 0x6c, 0x41, 0x00, 0x00,
};

static const unsigned char nilclass_bin[] = {
    0x59, 0x41, 0x52, 0x42, 0x03, 0x00, 0x00, 0x00, 0x01, 0x00, 0x00, 0x00,
    0x54, 0x02, 0x00, 0x00, 0x00, 0x00, 0x00, 0x00, 0x04, 0x00, 0x00, 0x00,
    0x0d, 0x00, 0x00, 0x00, 0x94, 0x01, 0x00, 0x00, 0x20, 0x02, 0x00, 0x00,
    0x78, 0x38, 0x36, 0x5f, 0x36, 0x34, 0x2d, 0x64, 0x61, 0x72, 0x77, 0x69,
    0x6e, 0x32, 0x31, 0x00, 0x27, 0x07, 0x21, 0x5b, 0x07, 0x03, 0x01, 0x75,
    0x03, 0x01, 0x03, 0x03, 0x00, 0xff, 0xff, 0xff, 0xff, 0xff, 0xff, 0xff,
    0xff, 0x01, 0x03, 0x29, 0x01, 0x03, 0x00, 0xff, 0xff, 0xff, 0xff, 0xff,
    0xff, 0xff, 0xff, 0x01, 0x01, 0x05, 0x03, 0x09, 0x00, 0x00, 0x00, 0x00,
    0x01, 0x01, 0x11, 0x5b, 0x11, 0x01, 0x01, 0x01, 0x01, 0x01, 0x01, 0x01,
    0x01, 0x4b, 0x01, 0x03, 0x05, 0x05, 0x03, 0x2b, 0x03, 0x01, 0x33, 0x07,
    0x4b, 0x13, 0x09, 0x03, 0x01, 0x03, 0x00, 0xff, 0xff, 0xff, 0xff, 0xff,
    0xff, 0xff, 0xff, 0x01, 0x00, 0xff, 0xff, 0xff, 0xff, 0xff, 0xff, 0xff,
    0xff, 0x03, 0x03, 0x01, 0x01, 0x01, 0x01, 0x05, 0x01, 0x01, 0x5d, 0x0d,
    0x05, 0x5d, 0x0f, 0x07, 0x25, 0x0f, 0x75, 0x15, 0x07, 0x07, 0x2d, 0x19,
    0x03, 0x2d, 0x19, 0x01, 0x33, 0x00, 0xff, 0xff, 0xff, 0xff, 0xff, 0xff,
    0xff, 0xff, 0x09, 0x01, 0x07, 0x07, 0x05, 0x00, 0x00, 0x00, 0x00, 0x00,
    0x01, 0x07, 0x13, 0x4f, 0x13, 0x01, 0x01, 0x01, 0x01, 0x01, 0x01, 0x01,
    0x01, 0x3d, 0x01, 0x09, 0x0b, 0x0b, 0x07, 0x27, 0x03, 0x01, 0x33, 0x07,
    0x3d, 0x15, 0x09, 0x03, 0x01, 0x03, 0x01, 0x03, 0x00, 0xff, 0xff, 0xff,
    0xff, 0xff, 0xff, 0xff, 0xff, 0x03, 0x03, 0x01, 0x01, 0x01, 0x01, 0x03,
    0x01, 0x01, 0xc7, 0x75, 0x17, 0x0b, 0x13, 0x19, 0x00, 0xff, 0xff, 0xff,
    0xff, 0xff, 0xff, 0xff, 0xff, 0x21, 0x01, 0x03, 0x00, 0x00, 0x00, 0x00,
    0x01, 0x03, 0x05, 0x2f, 0x05, 0x01, 0x01, 0x01, 0x01, 0x01, 0x01, 0x01,
    0x01, 0x2b, 0x01, 0x11, 0x13, 0x13, 0x2b, 0x11, 0x15, 0x05, 0x19, 0x0b,
    0x2b, 0x0f, 0x05, 0x03, 0x01, 0x03, 0x00, 0xff, 0xff, 0xff, 0xff, 0xff,
    0xff, 0xff, 0xff, 0x05, 0x00, 0xff, 0xff, 0xff, 0xff, 0xff, 0xff, 0xff,
    0xff, 0x03, 0x03, 0x01, 0x01, 0x01, 0x01, 0x03, 0x01, 0x01, 0x25, 0x19,
    0x75, 0x2f, 0x1d, 0x13, 0x31, 0x00, 0xff, 0xff, 0xff, 0xff, 0xff, 0xff,
    0xff, 0xff, 0x21, 0x01, 0x05, 0x00, 0x00, 0x00, 0x01, 0x03, 0x07, 0x2f,
    0x07, 0x01, 0x01, 0x01, 0x01, 0x01, 0x01, 0x01, 0x01, 0x29, 0x01, 0x15,
    0x17, 0x17, 0x5b, 0x23, 0x2d, 0x05, 0x31, 0x0b, 0x29, 0x0d, 0x05, 0x03,
    0x01, 0x03, 0x00, 0xff, 0xff, 0xff, 0xff, 0xff, 0xff, 0xff, 0xff, 0x07,
    0x00, 0xff, 0xff, 0xff, 0xff, 0xff, 0xff, 0xff, 0xff, 0x03, 0x03, 0x01,
    0x01, 0x01, 0x01, 0x03, 0x01, 0x01, 0x00, 0x00, 0x61, 0x00, 0x00, 0x00,
    0xc1, 0x00, 0x00, 0x00, 0x09, 0x01, 0x00, 0x00, 0x59, 0x01, 0x00, 0x00,
    0xf1, 0x11, 0x00, 0x00, 0x47, 0x05, 0x05, 0x01, 0x45, 0x05, 0x27, 0x3c,
    0x69, 0x6e, 0x74, 0x65, 0x72, 0x6e, 0x61, 0x6c, 0x3a, 0x6e, 0x69, 0x6c,
    0x63, 0x6c, 0x61, 0x73, 0x73, 0x3e, 0x00, 0x00, 0x14, 0x05, 0x11, 0x4e,
    0x69, 0x6c, 0x43, 0x6c, 0x61, 0x73, 0x73, 0x00, 0x47, 0x05, 0x05, 0x01,
    0x45, 0x01, 0x21, 0x3c, 0x63, 0x6c, 0x61, 0x73, 0x73, 0x3a, 0x4e, 0x69,
    0x6c, 0x43, 0x6c, 0x61, 0x73, 0x73, 0x3e, 0x00, 0x14, 0x05, 0x09, 0x74,
    0x6f, 0x5f, 0x69, 0x00, 0x14, 0x05, 0x09, 0x74, 0x6f, 0x5f, 0x66, 0x00,
    0x47, 0x05, 0x05, 0x01, 0x45, 0x05, 0x09, 0x74, 0x6f, 0x5f, 0x69, 0x00,
    0x47, 0x05, 0x05, 0x01, 0x45, 0x05, 0x09, 0x74, 0x6f, 0x5f, 0x66, 0x00,
    0x04, 0x00, 0x00, 0x00, 0x00, 0x00, 0x00, 0x00, 0x00, 0x00, 0x00, 0x00,
    0x00, 0x00, 0x00, 0x00, 0xa4, 0x01, 0x00, 0x00, 0xa8, 0x01, 0x00, 0x00,
    0xac, 0x01, 0x00, 0x00, 0xc4, 0x01, 0x00, 0x00, 0xd0, 0x01, 0x00, 0x00,
    0xd4, 0x01, 0x00, 0x00, 0xe8, 0x01, 0x00, 0x00, 0xf0, 0x01, 0x00, 0x00,
    0xf8, 0x01, 0x00, 0x00, 0xfc, 0x01, 0x00, 0x00, 0x04, 0x02, 0x00, 0x00,
    0x08, 0x02, 0x00, 0x00, 0x10, 0x02, 0x00, 0x00,
};

static const unsigned char marshal_bin[] = {
    0x59, 0x41, 0x52, 0x42, 0x03, 0x00, 0x00, 0x00, 0x01, 0x00, 0x00, 0x00,
    0x44, 0x03, 0x00, 0x00, 0x00, 0x00, 0x00, 0x00, 0x04, 0x00, 0x00, 0x00,
    0x12, 0x00, 0x00, 0x00, 0x20, 0x02, 0x00, 0x00, 0xfc, 0x02, 0x00, 0x00,
    0x78, 0x38, 0x36, 0x5f, 0x36, 0x34, 0x2d, 0x64, 0x61, 0x72, 0x77, 0x69,
    0x6e, 0x32, 0x31, 0x00, 0x27, 0x07, 0x21, 0x5b, 0x07, 0x03, 0x05, 0x75,
    0x03, 0x01, 0x03, 0x03, 0x43, 0x01, 0x03, 0x00, 0xff, 0xff, 0xff, 0xff,
    0xff, 0xff, 0xff, 0xff, 0x01, 0x01, 0x05, 0x0b, 0x01, 0x01, 0x11, 0x3b,
    0x11, 0x01, 0x01, 0x01, 0x01, 0x01, 0x01, 0x01, 0x01, 0x2b, 0x01, 0x03,
    0x05, 0x05, 0x03, 0x45, 0x03, 0x01, 0x51, 0x07, 0x2b, 0x09, 0x07, 0x03,
    0x01, 0x03, 0x00, 0xff, 0xff, 0xff, 0xff, 0xff, 0xff, 0xff, 0xff, 0x01,
    0x00, 0xff, 0xff, 0xff, 0xff, 0xff, 0xff, 0xff, 0xff, 0x03, 0x03, 0x01,
    0x01, 0x01, 0x01, 0x05, 0x01, 0x01, 0x23, 0x5f, 0x0d, 0x05, 0x23, 0x21,
    0x5b, 0x0f, 0x07, 0x03, 0x75, 0x43, 0x05, 0x07, 0x43, 0x09, 0x01, 0x4b,
    0x33, 0x03, 0x4b, 0x3d, 0x01, 0x51, 0x00, 0xff, 0xff, 0xff, 0xff, 0xff,
    0xff, 0xff, 0xff, 0x09, 0x01, 0x03, 0x07, 0x03, 0x0b, 0x00, 0x00, 0x00,
    0x00, 0x00, 0x00, 0x00, 0x01, 0x07, 0x17, 0x5f, 0x17, 0x01, 0x01, 0x01,
    0x01, 0x01, 0x01, 0x01, 0x01, 0x49, 0x01, 0x09, 0x0b, 0x0b, 0x07, 0x41,
    0x03, 0x01, 0x51, 0x07, 0x49, 0x1b, 0x0b, 0x03, 0x01, 0x03, 0x01, 0x03,
    0x00, 0xff, 0xff, 0xff, 0xff, 0xff, 0xff, 0xff, 0xff, 0x03, 0x03, 0x01,
    0x01, 0x01, 0x01, 0x05, 0x01, 0x01, 0x21, 0xc3, 0x0b, 0xbd, 0x01, 0x19,
    0x6d, 0x61, 0x72, 0x73, 0x68, 0x61, 0x6c, 0x5f, 0x6c, 0x6f, 0x61, 0x64,
    0x01, 0x75, 0x00, 0x00, 0x00, 0x00, 0x00, 0x00, 0x00, 0x00, 0x00, 0x00,
    0x03, 0x00, 0x00, 0x00, 0x00, 0x00, 0x00, 0x00, 0x0a, 0x00, 0x00, 0x00,
    0x00, 0x00, 0x00, 0x00, 0x0b, 0x00, 0x00, 0x00, 0x00, 0x00, 0x00, 0x00,
    0x01, 0x00, 0x00, 0x00, 0x00, 0x00, 0x00, 0x00, 0x03, 0x00, 0x00, 0x00,
    0x00, 0x00, 0x00, 0x00, 0x10, 0x01, 0x00, 0x00, 0x00, 0x00, 0x00, 0x00,
    0x18, 0x01, 0x00, 0x00, 0x00, 0x00, 0x00, 0x00, 0x43, 0x0d, 0x01, 0x43,
    0x0f, 0x01, 0x45, 0x2b, 0x13, 0x47, 0x00, 0xff, 0xff, 0xff, 0xff, 0xff,
    0xff, 0xff, 0xff, 0x21, 0x01, 0x03, 0x05, 0x07, 0x0c, 0x00, 0x00, 0x00,
    0x00, 0x00, 0x00, 0x00, 0x0d, 0x00, 0x00, 0x00, 0x00, 0x00, 0x00, 0x00,
    0x0a, 0x00, 0x00, 0x00, 0x00, 0x00, 0x00, 0x00, 0x00, 0x00, 0x00, 0x00,
    0x00, 0x00, 0x00, 0x00, 0x01, 0x03, 0x0f, 0x02, 0x8f, 0x29, 0x27, 0x09,
    0x03, 0x03, 0x01, 0x01, 0x01, 0x01, 0xf3, 0x06, 0x20, 0x11, 0x13, 0x13,
    0x87, 0x2d, 0x43, 0x05, 0x47, 0x0b, 0x73, 0x4b, 0x09, 0x43, 0x01, 0x03,
    0x00, 0xff, 0xff, 0xff, 0xff, 0xff, 0xff, 0xff, 0xff, 0x05, 0x00, 0xff,
    0xff, 0xff, 0xff, 0xff, 0xff, 0xff, 0xff, 0x03, 0x03, 0x01, 0x09, 0x01,
    0x01, 0x03, 0x01, 0x01, 0x27, 0x03, 0x27, 0x05, 0x25, 0x21, 0x25, 0x0d,
    0x63, 0x75, 0x4d, 0x39, 0x07, 0x4d, 0x39, 0x01, 0x4d, 0x35, 0x01, 0x4d,
    0x37, 0x01, 0x4d, 0x39, 0x01, 0x4f, 0x00, 0xff, 0xff, 0xff, 0xff, 0xff,
    0xff, 0xff, 0xff, 0x09, 0x01, 0x05, 0x05, 0x05, 0x05, 0x05, 0x00, 0x00,
    0x23, 0x21, 0x07, 0x01, 0x01, 0x07, 0x17, 0x63, 0x15, 0x01, 0x01, 0x01,
    0x01, 0x01, 0x01, 0x01, 0x01, 0x4f, 0x01, 0x1d, 0x1f, 0x1f, 0x97, 0x3b,
    0x4b, 0x05, 0x4f, 0x0b, 0x4f, 0x1b, 0x0d, 0x0b, 0x01, 0x0b, 0x00, 0xff,
    0xff, 0xff, 0xff, 0xff, 0xff, 0xff, 0xff, 0x07, 0x00, 0xff, 0xff, 0xff,
    0xff, 0xff, 0xff, 0xff, 0xff, 0x0b, 0x03, 0x01, 0x01, 0x01, 0x03, 0x09,
    0x01, 0x01, 0x00, 0x00, 0x51, 0x00, 0x00, 0x00, 0xb9, 0x00, 0x00, 0x00,
    0x79, 0x01, 0x00, 0x00, 0xe5, 0x01, 0x00, 0x00, 0xf1, 0x11, 0x00, 0x00,
    0x47, 0x05, 0x05, 0x01, 0x45, 0x05, 0x25, 0x3c, 0x69, 0x6e, 0x74, 0x65,
    0x72, 0x6e, 0x61, 0x6c, 0x3a, 0x6d, 0x61, 0x72, 0x73, 0x68, 0x61, 0x6c,
    0x3e, 0x00, 0x00, 0x00, 0x14, 0x05, 0x0f, 0x4d, 0x61, 0x72, 0x73, 0x68,
    0x61, 0x6c, 0x00, 0x00, 0x47, 0x05, 0x05, 0x01, 0x45, 0x01, 0x21, 0x3c,
    0x6d, 0x6f, 0x64, 0x75, 0x6c, 0x65, 0x3a, 0x4d, 0x61, 0x72, 0x73, 0x68,
    0x61, 0x6c, 0x3e, 0x00, 0x14, 0x05, 0x09, 0x6c, 0x6f, 0x61, 0x64, 0x00,
    0x14, 0x05, 0x1d, 0x73, 0x69, 0x6e, 0x67, 0x6c, 0x65, 0x74, 0x6f, 0x6e,
    0x63, 0x6c, 0x61, 0x73, 0x73, 0x00, 0x00, 0x00, 0x47, 0x05, 0x05, 0x01,
    0x45, 0x05, 0x09, 0x6c, 0x6f, 0x61, 0x64, 0x00, 0x14, 0x05, 0x0d, 0x66,
    0x72, 0x65, 0x65, 0x7a, 0x65, 0x00, 0x00, 0x00, 0xf3, 0x01, 0x00, 0x00,
    0x14, 0x05, 0x0d, 0x73, 0x6f, 0x75, 0x72, 0x63, 0x65, 0x00, 0x00, 0x00,
    0x14, 0x05, 0x09, 0x70, 0x72, 0x6f, 0x63, 0x00, 0x47, 0x05, 0x05, 0x01,
    0x45, 0x05, 0x1f, 0x73, 0x69, 0x6e, 0x67, 0x6c, 0x65, 0x74, 0x6f, 0x6e,
    0x20, 0x63, 0x6c, 0x61, 0x73, 0x73, 0x00, 0x00, 0x14, 0x05, 0x0f, 0x72,
    0x65, 0x73, 0x74, 0x6f, 0x72, 0x65, 0x00, 0x00, 0x14, 0x05, 0x2b, 0x63,
    0x6f, 0x72, 0x65, 0x23, 0x73, 0x65, 0x74, 0x5f, 0x6d, 0x65, 0x74, 0x68,
    0x6f, 0x64, 0x5f, 0x61, 0x6c, 0x69, 0x61, 0x73, 0x30, 0x02, 0x00, 0x00,
    0x34, 0x02, 0x00, 0x00, 0x38, 0x02, 0x00, 0x00, 0x50, 0x02, 0x00, 0x00,
    0x5c, 0x02, 0x00, 0x00, 0x60, 0x02, 0x00, 0x00, 0x74, 0x02, 0x00, 0x00,
    0x7c, 0x02, 0x00, 0x00, 0x90, 0x02, 0x00, 0x00, 0x94, 0x02, 0x00, 0x00,
    0x9c, 0x02, 0x00, 0x00, 0xa8, 0x02, 0x00, 0x00, 0xac, 0x02, 0x00, 0x00,
    0xb8, 0x02, 0x00, 0x00, 0xc0, 0x02, 0x00, 0x00, 0xc4, 0x02, 0x00, 0x00,
    0xd8, 0x02, 0x00, 0x00, 0xe4, 0x02, 0x00, 0x00,
};

static const unsigned char prelude_bin[] = {
    0x59, 0x41, 0x52, 0x42, 0x03, 0x00, 0x00, 0x00, 0x01, 0x00, 0x00, 0x00,
    0xcc, 0x03, 0x00, 0x00, 0x00, 0x00, 0x00, 0x00, 0x05, 0x00, 0x00, 0x00,
    0x16, 0x00, 0x00, 0x00, 0x84, 0x02, 0x00, 0x00, 0x74, 0x03, 0x00, 0x00,
    0x78, 0x38, 0x36, 0x5f, 0x36, 0x34, 0x2d, 0x64, 0x61, 0x72, 0x77, 0x69,
    0x6e, 0x32, 0x31, 0x00, 0x27, 0x07, 0x21, 0x5b, 0x07, 0x03, 0x01, 0x45,
    0x27, 0x07, 0x21, 0x5b, 0x09, 0x05, 0x05, 0x75, 0x03, 0x01, 0x03, 0x03,
    0x00, 0xff, 0xff, 0xff, 0xff, 0xff, 0xff, 0xff, 0xff, 0x01, 0x03, 0x27,
    0x01, 0x19, 0x29, 0x03, 0x19, 0x5b, 0x01, 0x19, 0x00, 0xff, 0xff, 0xff,
    0xff, 0xff, 0xff, 0xff, 0xff, 0x01, 0x01, 0x05, 0x03, 0x0b, 0x05, 0x0b,
    0x00, 0x00, 0x00, 0x00, 0x01, 0x01, 0x21, 0x7b, 0x21, 0x01, 0x01, 0x01,
    0x01, 0x01, 0x01, 0x01, 0x01, 0x5b, 0x01, 0x03, 0x05, 0x05, 0x03, 0x61,
    0x03, 0x01, 0x2d, 0x07, 0x5b, 0x17, 0x0d, 0x03, 0x01, 0x03, 0x00, 0xff,
    0xff, 0xff, 0xff, 0xff, 0xff, 0xff, 0xff, 0x01, 0x00, 0xff, 0xff, 0xff,
    0xff, 0xff, 0xff, 0xff, 0xff, 0x03, 0x03, 0x01, 0x01, 0x01, 0x01, 0x05,
    0x01, 0x01, 0x5d, 0x0f, 0x07, 0x27, 0x03, 0x27, 0x05, 0x25, 0x0f, 0x25,
    0x0f, 0x63, 0x75, 0x07, 0x07, 0x07, 0x13, 0x21, 0x03, 0x13, 0x21, 0x01,
    0x13, 0x1d, 0x01, 0x13, 0x1f, 0x01, 0x13, 0x21, 0x01, 0x15, 0x00, 0xff,
    0xff, 0xff, 0xff, 0xff, 0xff, 0xff, 0xff, 0x09, 0x01, 0x07, 0x05, 0x05,
    0x05, 0x05, 0x05, 0x00, 0x00, 0x00, 0x00, 0x00, 0x11, 0x21, 0x07, 0x01,
    0x01, 0x07, 0x1d, 0x77, 0x1b, 0x01, 0x01, 0x01, 0x01, 0x01, 0x01, 0x01,
    0x01, 0x5d, 0x01, 0x0b, 0x0d, 0x0d, 0x07, 0x25, 0x03, 0x01, 0x15, 0x07,
    0x5d, 0x23, 0x0f, 0x0b, 0x01, 0x0b, 0x01, 0x03, 0x00, 0xff, 0xff, 0xff,
    0xff, 0xff, 0xff, 0xff, 0xff, 0x0b, 0x03, 0x01, 0x01, 0x01, 0x03, 0x09,
    0x01, 0x01, 0x5d, 0x17, 0x09, 0x27, 0x03, 0x27, 0x05, 0x25, 0x17, 0x25,
    0x17, 0x63, 0x45, 0x23, 0x25, 0x17, 0x63, 0x75, 0x1b, 0x2f, 0x07, 0x27,
    0x4d, 0x03, 0x27, 0x4d, 0x01, 0x27, 0x49, 0x01, 0x27, 0x4b, 0x01, 0x27,
    0x4d, 0x01, 0x2b, 0x51, 0x03, 0x2b, 0x53, 0x01, 0x2b, 0x51, 0x01, 0x2d,
    0x00, 0xff, 0xff, 0xff, 0xff, 0xff, 0xff, 0xff, 0xff, 0x09, 0x01, 0x07,
    0x05, 0x05, 0x05, 0x05, 0x07, 0x03, 0x05, 0x05, 0x11, 0x21, 0x07, 0x01,
    0x19, 0x29, 0x03, 0x01, 0x01, 0x07, 0x29, 0x97, 0x25, 0x01, 0x01, 0x01,
    0x01, 0x01, 0x01, 0x01, 0x01, 0x73, 0x01, 0x13, 0x15, 0x15, 0x33, 0x59,
    0x19, 0x01, 0x2d, 0x07, 0x73, 0x27, 0x15, 0x13, 0x01, 0x13, 0x01, 0x05,
    0x00, 0xff, 0xff, 0xff, 0xff, 0xff, 0xff, 0xff, 0xff, 0x13, 0x03, 0x01,
    0x01, 0x01, 0x05, 0x09, 0x01, 0x01, 0x23, 0x25, 0x1f, 0x63, 0x45, 0x23,
    0x63, 0x75, 0x09, 0x0b, 0x13, 0x09, 0x0d, 0x01, 0x09, 0x0b, 0x01, 0x0b,
    0x11, 0x03, 0x0b, 0x11, 0x01, 0x0d, 0x00, 0xff, 0xff, 0xff, 0xff, 0xff,
    0xff, 0xff, 0xff, 0x21, 0x01, 0x03, 0x05, 0x07, 0x03, 0x05, 0x00, 0x00,
    0x00, 0x00, 0x00, 0x00, 0x21, 0x29, 0x03, 0x01, 0x0f, 0x39, 0x01, 0x01,
    0x01, 0x03, 0x15, 0x6f, 0x11, 0x01, 0x01, 0x01, 0x01, 0x01, 0x01, 0x01,
    0x01, 0x5f, 0x01, 0x1b, 0x1d, 0x1d, 0x0f, 0x17, 0x07, 0x05, 0x0d, 0x0b,
    0x5f, 0x2b, 0x0d, 0x13, 0x01, 0x13, 0x00, 0xff, 0xff, 0xff, 0xff, 0xff,
    0xff, 0xff, 0xff, 0x07, 0x00, 0xff, 0xff, 0xff, 0xff, 0xff, 0xff, 0xff,
    0xff, 0x13, 0x03, 0x01, 0x01, 0x01, 0x05, 0x05, 0x01, 0x01, 0x23, 0x25,
    0x27, 0x63, 0x45, 0x23, 0xbf, 0x07, 0x3f, 0x29, 0x63, 0x75, 0x1d, 0x33,
    0x13, 0x1d, 0x35, 0x01, 0x1d, 0x33, 0x01, 0x1f, 0x39, 0x03, 0x1f, 0x3b,
    0x01, 0x1f, 0x3d, 0x01, 0x1f, 0x39, 0x01, 0x21, 0x00, 0xff, 0xff, 0xff,
    0xff, 0xff, 0xff, 0xff, 0xff, 0x21, 0x01, 0x03, 0x05, 0x07, 0x03, 0x05,
    0x05, 0x05, 0x00, 0x00, 0x15, 0x00, 0x00, 0x00, 0x00, 0x00, 0x00, 0x00,
    0x21, 0x29, 0x03, 0x01, 0x17, 0x0b, 0x03, 0x01, 0x01, 0x03, 0x1d, 0x8f,
    0x19, 0x09, 0x03, 0x01, 0x01, 0x01, 0x01, 0x01, 0x01, 0x77, 0x01, 0x23,
    0x25, 0x25, 0x37, 0x43, 0x1b, 0x05, 0x21, 0x0b, 0x77, 0x37, 0x11, 0x23,
    0x01, 0x13, 0x00, 0xff, 0xff, 0xff, 0xff, 0xff, 0xff, 0xff, 0xff, 0x09,
    0x00, 0xff, 0xff, 0xff, 0xff, 0xff, 0xff, 0xff, 0xff, 0x13, 0x03, 0x01,
    0x03, 0x01, 0x05, 0x05, 0x01, 0x01, 0x00, 0x00, 0x71, 0x00, 0x00, 0x00,
    0xe5, 0x00, 0x00, 0x00, 0x61, 0x01, 0x00, 0x00, 0xc9, 0x01, 0x00, 0x00,
    0x49, 0x02, 0x00, 0x00, 0xf1, 0x11, 0x00, 0x00, 0x47, 0x05, 0x05, 0x01,
    0x45, 0x05, 0x25, 0x3c, 0x69, 0x6e, 0x74, 0x65, 0x72, 0x6e, 0x61, 0x6c,
    0x3a, 0x70, 0x72, 0x65, 0x6c, 0x75, 0x64, 0x65, 0x3e, 0x00, 0x00, 0x00,
    0x14, 0x05, 0x0f, 0x42, 0x69, 0x6e, 0x64, 0x69, 0x6e, 0x67, 0x00, 0x00,
    0x14, 0x05, 0x0d, 0x4b, 0x65, 0x72, 0x6e, 0x65, 0x6c, 0x00, 0x00, 0x00,
    0x47, 0x05, 0x05, 0x01, 0x45, 0x01, 0x1f, 0x3c, 0x63, 0x6c, 0x61, 0x73,
    0x73, 0x3a, 0x42, 0x69, 0x6e, 0x64, 0x69, 0x6e, 0x67, 0x3e, 0x00, 0x00,
    0x14, 0x05, 0x07, 0x69, 0x72, 0x62, 0x00, 0x00, 0x14, 0x05, 0x2b, 0x63,
    0x6f, 0x72, 0x65, 0x23, 0x73, 0x65, 0x74, 0x5f, 0x6d, 0x65, 0x74, 0x68,
    0x6f, 0x64, 0x5f, 0x61, 0x6c, 0x69, 0x61, 0x73, 0x47, 0x05, 0x05, 0x01,
    0x45, 0x01, 0x1f, 0x3c, 0x6d, 0x6f, 0x64, 0x75, 0x6c, 0x65, 0x3a, 0x4b,
    0x65, 0x72, 0x6e, 0x65, 0x6c, 0x3e, 0x00, 0x00, 0x14, 0x05, 0x05, 0x70,
    0x70, 0x00, 0x00, 0x00, 0x14, 0x05, 0x0f, 0x70, 0x72, 0x69, 0x76, 0x61,
    0x74, 0x65, 0x00, 0x00, 0x47, 0x05, 0x05, 0x01, 0x45, 0x05, 0x07, 0x69,
    0x72, 0x62, 0x00, 0x00, 0x45, 0x03, 0x07, 0x69, 0x72, 0x62, 0x00, 0x00,
    0x14, 0x05, 0x0f, 0x72, 0x65, 0x71, 0x75, 0x69, 0x72, 0x65, 0x00, 0x00,
    0x47, 0x05, 0x05, 0x01, 0x45, 0x05, 0x05, 0x70, 0x70, 0x00, 0x00, 0x00,
    0x45, 0x03, 0x05, 0x70, 0x70, 0x00, 0x00, 0x00, 0xf3, 0x01, 0x00, 0x00,
    0x14, 0x05, 0x09, 0x6f, 0x62, 0x6a, 0x73, 0x00, 0x98, 0x02, 0x00, 0x00,
    0x9c, 0x02, 0x00, 0x00, 0xa0, 0x02, 0x00, 0x00, 0xb8, 0x02, 0x00, 0x00,
    0xc4, 0x02, 0x00, 0x00, 0xd0, 0x02, 0x00, 0x00, 0xd4, 0x02, 0x00, 0x00,
    0xe8, 0x02, 0x00, 0x00, 0xf0, 0x02, 0x00, 0x00, 0x08, 0x03, 0x00, 0x00,
    0x0c, 0x03, 0x00, 0x00, 0x20, 0x03, 0x00, 0x00, 0x28, 0x03, 0x00, 0x00,
    0x34, 0x03, 0x00, 0x00, 0x38, 0x03, 0x00, 0x00, 0x40, 0x03, 0x00, 0x00,
    0x48, 0x03, 0x00, 0x00, 0x54, 0x03, 0x00, 0x00, 0x58, 0x03, 0x00, 0x00,
    0x60, 0x03, 0x00, 0x00, 0x68, 0x03, 0x00, 0x00, 0x6c, 0x03, 0x00, 0x00,
};

static const unsigned char gem_prelude_bin[] = {
    0x59, 0x41, 0x52, 0x42, 0x03, 0x00, 0x00, 0x00, 0x01, 0x00, 0x00, 0x00,
    0xe4, 0x04, 0x00, 0x00, 0x00, 0x00, 0x00, 0x00, 0x04, 0x00, 0x00, 0x00,
    0x19, 0x00, 0x00, 0x00, 0x10, 0x03, 0x00, 0x00, 0x80, 0x04, 0x00, 0x00,
    0x78, 0x38, 0x36, 0x5f, 0x36, 0x34, 0x2d, 0x64, 0x61, 0x72, 0x77, 0x69,
    0x6e, 0x32, 0x31, 0x00, 0x21, 0x53, 0x0d, 0x07, 0x09, 0x7d, 0x0f, 0x23,
    0x25, 0x0b, 0x63, 0x01, 0x45, 0x21, 0x53, 0x0d, 0x0d, 0x09, 0x7d, 0x0f,
    0x23, 0x25, 0x0f, 0x63, 0x01, 0x45, 0x21, 0x53, 0x0d, 0x11, 0x09, 0x7d,
    0x0f, 0x23, 0x25, 0x13, 0x63, 0x01, 0x75, 0x21, 0x75, 0x0f, 0x2f, 0x03,
    0x0f, 0x2f, 0x01, 0x0f, 0x31, 0x01, 0x05, 0x01, 0x03, 0x05, 0x03, 0x01,
    0x05, 0x01, 0x01, 0x03, 0x2b, 0x01, 0x1b, 0x4b, 0x03, 0x1b, 0x4b, 0x01,
    0x1b, 0x4d, 0x01, 0x15, 0x35, 0x03, 0x15, 0x37, 0x01, 0x15, 0x35, 0x01,
    0x13, 0x47, 0x01, 0x27, 0x6b, 0x03, 0x27, 0x6b, 0x01, 0x27, 0x6d, 0x01,
    0x21, 0x55, 0x03, 0x21, 0x57, 0x01, 0x21, 0x55, 0x01, 0x1f, 0x67, 0x01,
    0x21, 0x00, 0xff, 0xff, 0xff, 0xff, 0xff, 0xff, 0xff, 0xff, 0x01, 0x01,
    0x03, 0x09, 0x05, 0x03, 0x05, 0x05, 0x05, 0x03, 0x09, 0x05, 0x03, 0x05,
    0x05, 0x05, 0x03, 0x09, 0x05, 0x03, 0x05, 0x05, 0x03, 0x00, 0x00, 0x00,
    0x0a, 0x00, 0x00, 0x00, 0x00, 0x00, 0x00, 0x00, 0x03, 0x07, 0x0f, 0x19,
    0x1b, 0x01, 0x00, 0xff, 0xff, 0xff, 0xff, 0xff, 0xff, 0xff, 0xff, 0x0f,
    0x19, 0x1b, 0x0f, 0x01, 0x05, 0x07, 0x2b, 0x35, 0x37, 0x01, 0x00, 0xff,
    0xff, 0xff, 0xff, 0xff, 0xff, 0xff, 0xff, 0x0f, 0x35, 0x37, 0x2b, 0x01,
    0x07, 0x07, 0x47, 0x51, 0x53, 0x01, 0x00, 0xff, 0xff, 0xff, 0xff, 0xff,
    0xff, 0xff, 0xff, 0x0f, 0x51, 0x53, 0x47, 0x01, 0x17, 0x29, 0x03, 0x01,
    0x17, 0x29, 0x03, 0x01, 0x17, 0x29, 0x03, 0x01, 0x01, 0x01, 0x59, 0x02,
    0xdd, 0x53, 0x01, 0x01, 0x01, 0x01, 0x01, 0x01, 0x01, 0x01, 0x02, 0xb4,
    0x01, 0x03, 0x05, 0x05, 0x03, 0x73, 0x03, 0x01, 0x27, 0x37, 0x02, 0xb4,
    0xd5, 0x2d, 0xa3, 0x0d, 0x93, 0x00, 0xff, 0xff, 0xff, 0xff, 0xff, 0xff,
    0xff, 0xff, 0x01, 0x00, 0xff, 0xff, 0xff, 0xff, 0xff, 0xff, 0xff, 0xff,
    0x1b, 0x03, 0x01, 0x03, 0x01, 0x07, 0x05, 0x03, 0x01, 0xbf, 0x07, 0x81,
    0x0d, 0x01, 0x25, 0x09, 0x19, 0x1d, 0x83, 0x01, 0x55, 0x07, 0x7d, 0x31,
    0xbf, 0x07, 0xc5, 0x07, 0xc1, 0x07, 0x63, 0x25, 0x0b, 0x93, 0x7b, 0x09,
    0x23, 0x63, 0x45, 0x23, 0x25, 0x1f, 0x63, 0x75, 0xbf, 0x07, 0x77, 0x01,
    0x07, 0x29, 0x01, 0x07, 0x07, 0x01, 0x07, 0x29, 0x01, 0x07, 0x25, 0x01,
    0x07, 0x0b, 0x01, 0x09, 0x0f, 0x03, 0x09, 0x11, 0x01, 0x09, 0x13, 0x01,
    0x09, 0x17, 0xc1, 0x09, 0x17, 0x01, 0x09, 0x0d, 0x01, 0x0d, 0x1b, 0x03,
    0x0d, 0x1d, 0x01, 0x0d, 0x1b, 0x01, 0x07, 0x29, 0x01, 0x01, 0x00, 0xff,
    0xff, 0xff, 0xff, 0xff, 0xff, 0xff, 0xff, 0x01, 0x01, 0x05, 0x13, 0x09,
    0x05, 0x05, 0x05, 0x05, 0x05, 0x05, 0x05, 0x09, 0x03, 0x05, 0x05, 0x03,
    0x00, 0x00, 0x00, 0x00, 0x10, 0x00, 0x00, 0x00, 0x00, 0x00, 0x00, 0x00,
    0x23, 0x21, 0x01, 0x01, 0x25, 0x21, 0x03, 0x01, 0x27, 0x39, 0x01, 0x01,
    0x29, 0x29, 0x03, 0x01, 0x03, 0x15, 0x29, 0x09, 0x57, 0x02, 0x8e, 0x4f,
    0x01, 0x01, 0x01, 0x01, 0x01, 0x01, 0x01, 0x01, 0xcf, 0x01, 0x19, 0x05,
    0x1b, 0x07, 0x29, 0x07, 0x01, 0x0d, 0x49, 0xcf, 0x5f, 0x21, 0x37, 0x01,
    0x27, 0x01, 0x01, 0x00, 0xff, 0xff, 0xff, 0xff, 0xff, 0xff, 0xff, 0xff,
    0x27, 0x07, 0x01, 0x03, 0x03, 0x09, 0x07, 0x03, 0x01, 0xbf, 0x07, 0x81,
    0x0d, 0x01, 0x25, 0x09, 0x19, 0x1d, 0x83, 0x01, 0x55, 0x07, 0x7d, 0x0d,
    0x23, 0x25, 0x2d, 0x63, 0x75, 0xbf, 0x07, 0x77, 0x01, 0x17, 0x45, 0x01,
    0x17, 0x3b, 0x01, 0x17, 0x45, 0x01, 0x19, 0x3f, 0x03, 0x19, 0x41, 0x01,
    0x19, 0x3f, 0x01, 0x17, 0x45, 0x01, 0x01, 0x00, 0xff, 0xff, 0xff, 0xff,
    0xff, 0xff, 0xff, 0xff, 0x01, 0x01, 0x05, 0x13, 0x09, 0x03, 0x05, 0x05,
    0x03, 0x00, 0x00, 0x00, 0x10, 0x00, 0x00, 0x00, 0x00, 0x00, 0x00, 0x00,
    0x29, 0x29, 0x03, 0x01, 0x01, 0x09, 0x33, 0xa1, 0x31, 0x01, 0x01, 0x01,
    0x01, 0x01, 0x01, 0x01, 0x01, 0x71, 0x01, 0x2b, 0x05, 0x1b, 0x27, 0x45,
    0x17, 0x01, 0x19, 0x55, 0x71, 0x31, 0x11, 0x1b, 0x01, 0x0b, 0x01, 0x01,
    0x00, 0xff, 0xff, 0xff, 0xff, 0xff, 0xff, 0xff, 0xff, 0x0b, 0x03, 0x01,
    0x03, 0x03, 0x03, 0x07, 0x03, 0x01, 0xbf, 0x07, 0x81, 0x0d, 0x01, 0x25,
    0x09, 0x19, 0x1d, 0x83, 0x01, 0x55, 0x07, 0x7d, 0x0d, 0x23, 0x25, 0x31,
    0x63, 0x75, 0xbf, 0x07, 0x77, 0x01, 0x23, 0x65, 0x01, 0x23, 0x5b, 0x01,
    0x23, 0x65, 0x01, 0x25, 0x5f, 0x03, 0x25, 0x61, 0x01, 0x25, 0x5f, 0x01,
    0x23, 0x65, 0x01, 0x01, 0x00, 0xff, 0xff, 0xff, 0xff, 0xff, 0xff, 0xff,
    0xff, 0x01, 0x01, 0x05, 0x13, 0x09, 0x03, 0x05, 0x05, 0x03, 0x00, 0x00,
    0x10, 0x00, 0x00, 0x00, 0x00, 0x00, 0x00, 0x00, 0x29, 0x29, 0x03, 0x01,
    0x01, 0x09, 0x33, 0x9f, 0x31, 0x01, 0x01, 0x01, 0x01, 0x01, 0x01, 0x01,
    0x01, 0x6f, 0x01, 0x2f, 0x05, 0x1b, 0x3f, 0x65, 0x23, 0x01, 0x25, 0x4f,
    0x6f, 0x2f, 0x11, 0x1b, 0x01, 0x0b, 0x01, 0x01, 0x00, 0xff, 0xff, 0xff,
    0xff, 0xff, 0xff, 0xff, 0xff, 0x0b, 0x03, 0x01, 0x03, 0x03, 0x03, 0x07,
    0x03, 0x01, 0x00, 0x00, 0x11, 0x01, 0x00, 0x00, 0xdb, 0x01, 0x00, 0x00,
    0x5d, 0x02, 0x00, 0x00, 0xdd, 0x02, 0x00, 0x00, 0xf1, 0x11, 0x00, 0x00,
    0x47, 0x05, 0x05, 0x01, 0x45, 0x05, 0x2d, 0x3c, 0x69, 0x6e, 0x74, 0x65,
    0x72, 0x6e, 0x61, 0x6c, 0x3a, 0x67, 0x65, 0x6d, 0x5f, 0x70, 0x72, 0x65,
    0x6c, 0x75, 0x64, 0x65, 0x3e, 0x00, 0x00, 0x00, 0x14, 0x05, 0x07, 0x47,
    0x65, 0x6d, 0x00, 0x00, 0xf2, 0x29, 0x00, 0x00, 0x45, 0x03, 0x11, 0x72,
    0x75, 0x62, 0x79, 0x67, 0x65, 0x6d, 0x73, 0x00, 0x14, 0x05, 0x1d, 0x45,
    0x72, 0x72, 0x6f, 0x72, 0x48, 0x69, 0x67, 0x68, 0x6c, 0x69, 0x67, 0x68,
    0x74, 0x00, 0x00, 0x00, 0x45, 0x03, 0x1f, 0x65, 0x72, 0x72, 0x6f, 0x72,
    0x5f, 0x68, 0x69, 0x67, 0x68, 0x6c, 0x69, 0x67, 0x68, 0x74, 0x00, 0x00,
    0x14, 0x05, 0x15, 0x44, 0x69, 0x64, 0x59, 0x6f, 0x75, 0x4d, 0x65, 0x61,
    0x6e, 0x00, 0x00, 0x00, 0x45, 0x03, 0x19, 0x64, 0x69, 0x64, 0x5f, 0x79,
    0x6f, 0x75, 0x5f, 0x6d, 0x65, 0x61, 0x6e, 0x00, 0x14, 0x05, 0x03, 0x65,
    0x14, 0x05, 0x0f, 0x72, 0x65, 0x71, 0x75, 0x69, 0x72, 0x65, 0x00, 0x00,
    0x47, 0x05, 0x05, 0x01, 0x45, 0x01, 0x41, 0x72, 0x65, 0x73, 0x63, 0x75,
    0x65, 0x20, 0x69, 0x6e, 0x20, 0x3c, 0x69, 0x6e, 0x74, 0x65, 0x72, 0x6e,
    0x61, 0x6c, 0x3a, 0x67, 0x65, 0x6d, 0x5f, 0x70, 0x72, 0x65, 0x6c, 0x75,
    0x64, 0x65, 0x3e, 0x00, 0x14, 0x05, 0x13, 0x4c, 0x6f, 0x61, 0x64, 0x45,
    0x72, 0x72, 0x6f, 0x72, 0x45, 0x03, 0x37, 0x60, 0x52, 0x75, 0x62, 0x79,
    0x47, 0x65, 0x6d, 0x73, 0x27, 0x20, 0x77, 0x65, 0x72, 0x65, 0x20, 0x6e,
    0x6f, 0x74, 0x20, 0x6c, 0x6f, 0x61, 0x64, 0x65, 0x64, 0x2e, 0x00, 0x00,
    0x14, 0x05, 0x05, 0x24, 0x21, 0x00, 0x00, 0x00, 0x14, 0x05, 0x09, 0x70,
    0x61, 0x74, 0x68, 0x00, 0x14, 0x05, 0x05, 0x3d, 0x3d, 0x00, 0x00, 0x00,
    0x14, 0x05, 0x0b, 0x72, 0x61, 0x69, 0x73, 0x65, 0x14, 0x05, 0x09, 0x77,
    0x61, 0x72, 0x6e, 0x00, 0x47, 0x05, 0x05, 0x01, 0x45, 0x03, 0x43, 0x60,
    0x65, 0x72, 0x72, 0x6f, 0x72, 0x5f, 0x68, 0x69, 0x67, 0x68, 0x6c, 0x69,
    0x67, 0x68, 0x74, 0x27, 0x20, 0x77, 0x61, 0x73, 0x20, 0x6e, 0x6f, 0x74,
    0x20, 0x6c, 0x6f, 0x61, 0x64, 0x65, 0x64, 0x2e, 0x47, 0x05, 0x05, 0x01,
    0x45, 0x03, 0x3d, 0x60, 0x64, 0x69, 0x64, 0x5f, 0x79, 0x6f, 0x75, 0x5f,
    0x6d, 0x65, 0x61, 0x6e, 0x27, 0x20, 0x77, 0x61, 0x73, 0x20, 0x6e, 0x6f,
    0x74, 0x20, 0x6c, 0x6f, 0x61, 0x64, 0x65, 0x64, 0x2e, 0x00, 0x00, 0x00,
    0x20, 0x03, 0x00, 0x00, 0x24, 0x03, 0x00, 0x00, 0x28, 0x03, 0x00, 0x00,
    0x44, 0x03, 0x00, 0x00, 0x4c, 0x03, 0x00, 0x00, 0x50, 0x03, 0x00, 0x00,
    0x5c, 0x03, 0x00, 0x00, 0x70, 0x03, 0x00, 0x00, 0x84, 0x03, 0x00, 0x00,
    0x94, 0x03, 0x00, 0x00, 0xa4, 0x03, 0x00, 0x00, 0xa8, 0x03, 0x00, 0x00,
    0xb4, 0x03, 0x00, 0x00, 0xb8, 0x03, 0x00, 0x00, 0xdc, 0x03, 0x00, 0x00,
    0xe8, 0x03, 0x00, 0x00, 0x08, 0x04, 0x00, 0x00, 0x10, 0x04, 0x00, 0x00,
    0x18, 0x04, 0x00, 0x00, 0x20, 0x04, 0x00, 0x00, 0x28, 0x04, 0x00, 0x00,
    0x30, 0x04, 0x00, 0x00, 0x34, 0x04, 0x00, 0x00, 0x58, 0x04, 0x00, 0x00,
    0x5c, 0x04, 0x00, 0x00,
};

static const struct builtin_binary builtin_binary[] = {
    { "gc", gc_bin, sizeof(gc_bin), },
    { "ractor", ractor_bin, sizeof(ractor_bin), },
    { "numeric", numeric_bin, sizeof(numeric_bin), },
    { "io", io_bin, sizeof(io_bin), },
    { "dir", dir_bin, sizeof(dir_bin), },
    { "ast", ast_bin, sizeof(ast_bin), },
    { "trace_point", trace_point_bin, sizeof(trace_point_bin), },
    { "pack", pack_bin, sizeof(pack_bin), },
    { "warning", warning_bin, sizeof(warning_bin), },
    { "array", array_bin, sizeof(array_bin), },
    { "kernel", kernel_bin, sizeof(kernel_bin), },
    { "timev", timev_bin, sizeof(timev_bin), },
    { "yjit", yjit_bin, sizeof(yjit_bin), },
    { "nilclass", nilclass_bin, sizeof(nilclass_bin), },
    { "marshal", marshal_bin, sizeof(marshal_bin), },
    { "prelude", prelude_bin, sizeof(prelude_bin), },
    { "gem_prelude", gem_prelude_bin, sizeof(gem_prelude_bin), },
    { NULL, },
};

#define BUILTIN_BINARY_SIZE 17
STATIC_ASSERT(n_builtin, numberof(builtin_binary) == BUILTIN_BINARY_SIZE + 1);
